[INFO] [launch]: All log files can be found below /home/eduardo/.ros/log/2026-10-02-21-54-55-009449-eduardo-B550M-AORUS-ELITE-52365
[INFO] [launch]: Default logging verbosity is set to INFO
[INFO] [xacro-1]: process started with pid [52385]
[INFO] [parameter_bridge-2]: process started with pid [52386]
[INFO] [image_bridge-3]: process started with pid [52387]
[INFO] [image_bridge-4]: process started with pid [52388]
[INFO] [create-5]: process started with pid [52389]
[INFO] [gazebo-6]: process started with pid [52390]
[INFO] [robot_state_publisher-7]: process started with pid [52391]
[INFO] [rviz2-8]: process started with pid [52392]
[INFO] [parameter_bridge-9]: process started with pid [52396]
[INFO] [ground_truth_filter-10]: process started with pid [52397]
[robot_state_publisher-7] [WARN] [1790988895.477311744] [kdl_parser]: The root link base_link has an inertia specified in the URDF, but KDL does not support a root link with an inertia.  As a workaround, you can add an extra dummy link to your URDF.
[robot_state_publisher-7] [INFO] [1790988895.477450401] [robot_state_publisher]: Robot initialized
[create-5] [INFO] [1790988895.483662256] [ros_gz_sim]: Requesting list of world names.
[INFO] [xacro-1]: process has finished cleanly [pid 52385]
[parameter_bridge-9] [INFO] [1790988895.520440807] [bridge_ground_truth]: Creating GZ->ROS Bridge: [/world/warehouse/dynamic_pose/info (gz.msgs.Pose_V) -> /world/warehouse/dynamic_pose/info (tf2_msgs/msg/TFMessage)] (Lazy 0)
[rviz2-8] [INFO] [1790988895.735976251] [rviz2]: Stereo is NOT SUPPORTED
[rviz2-8] [INFO] [1790988895.736081781] [rviz2]: OpenGl version: 4.6 (GLSL 4.6)
[rviz2-8] [INFO] [1790988895.751329889] [rviz2]: Stereo is NOT SUPPORTED
[create-5] [INFO] [1790988896.257210661] [ros_gz_sim]: Waiting messages on topic [robot_description].
[create-5] [INFO] [1790988896.268312258] [ros_gz_sim]: Entity creation successful.
[INFO] [create-5]: process has finished cleanly [pid 52389]
[parameter_bridge-2] [INFO] [1790988896.503026507] [bridge_ros_gz]: Creating GZ->ROS Bridge: [/clock (gz.msgs.Clock) -> clock (rosgraph_msgs/msg/Clock)] (Lazy 0)
[parameter_bridge-2] [INFO] [1790988896.503941670] [bridge_ros_gz]: Creating GZ->ROS Bridge: [joint_states (gz.msgs.Model) -> joint_states (sensor_msgs/msg/JointState)] (Lazy 0)
[parameter_bridge-2] [INFO] [1790988896.506185690] [bridge_ros_gz]: Creating GZ->ROS Bridge: [/odom (gz.msgs.Odometry) -> odom (nav_msgs/msg/Odometry)] (Lazy 0)
[parameter_bridge-2] [INFO] [1790988896.507609747] [bridge_ros_gz]: Creating GZ->ROS Bridge: [/tf (gz.msgs.Pose_V) -> tf (tf2_msgs/msg/TFMessage)] (Lazy 0)
[parameter_bridge-2] [INFO] [1790988896.508971841] [bridge_ros_gz]: Creating GZ->ROS Bridge: [/imu (gz.msgs.IMU) -> imu (sensor_msgs/msg/Imu)] (Lazy 0)
[parameter_bridge-2] [INFO] [1790988896.509533450] [bridge_ros_gz]: Creating GZ->ROS Bridge: [/scan (gz.msgs.LaserScan) -> scan (sensor_msgs/msg/LaserScan)] (Lazy 0)
[parameter_bridge-2] [INFO] [1790988896.510110370] [bridge_ros_gz]: Creating ROS->GZ Bridge: [cmd_vel (geometry_msgs/msg/Twist) -> /cmd_vel (gz.msgs.Twist)] (Lazy 0)
[parameter_bridge-2] [INFO] [1790988896.510847228] [bridge_ros_gz]: Creating GZ->ROS Bridge: [/rgbd_camera/camera_info (gz.msgs.CameraInfo) -> /rgbd_camera/camera_info (sensor_msgs/msg/CameraInfo)] (Lazy 0)
[gazebo-6] [1;33mWarning [Utils.cc:132][0m [/sdf/model[@name="turtlebot4"]/link[@name="rplidar_link"]/sensor[@name="rplidar"]/gz_frame_id:<urdf-string>:L0]: XML Element[gz_frame_id], child of element[sensor], not defined in SDF. Copying[gz_frame_id] as children of [sensor].
[INFO] [sync_slam_toolbox_node-11]: process started with pid [52685]
[sync_slam_toolbox_node-11] [INFO] [1790988903.623009162] [slam_toolbox]: Node using stack size 40000000
[sync_slam_toolbox_node-11] [INFO] [1790988903.832473667] [slam_toolbox]: Configuring
[sync_slam_toolbox_node-11] [INFO] [1790988903.838278210] [slam_toolbox]: Using solver plugin solver_plugins::CeresSolver
[sync_slam_toolbox_node-11] [INFO] [1790988903.838505844] [slam_toolbox]: CeresSolver: Using SCHUR_JACOBI preconditioner.
[INFO] [launch.user]: [LifecycleLaunch] Slamtoolbox node is activating.
[sync_slam_toolbox_node-11] [INFO] [1790988903.850167805] [slam_toolbox]: Activating
[sync_slam_toolbox_node-11] [INFO] [1790988904.036281492] [slam_toolbox]: Message Filter dropping message: frame 'rplidar_link' at time 4.602 for reason 'discarding message because the queue is full'
[sync_slam_toolbox_node-11] Registering sensor: [Custom Described Lidar]
[INFO] [controller_server-12]: process started with pid [52706]
[INFO] [smoother_server-13]: process started with pid [52707]
[INFO] [planner_server-14]: process started with pid [52708]
[INFO] [route_server-15]: process started with pid [52709]
[INFO] [behavior_server-16]: process started with pid [52710]
[INFO] [bt_navigator-17]: process started with pid [52711]
[INFO] [waypoint_follower-18]: process started with pid [52712]
[INFO] [velocity_smoother-19]: process started with pid [52713]
[INFO] [collision_monitor-20]: process started with pid [52714]
[INFO] [opennav_docking-21]: process started with pid [52715]
[INFO] [lifecycle_manager-22]: process started with pid [52716]
[bt_navigator-17] [INFO] [1790988907.620210112] [bt_navigator]: 
[bt_navigator-17] 	bt_navigator lifecycle node launched. 
[bt_navigator-17] 	Waiting on external lifecycle transitions to activate
[bt_navigator-17] 	See https://design.ros2.org/articles/node_lifecycle.html for more information.
[bt_navigator-17] [INFO] [1790988907.621729488] [bt_navigator]: Creating
[waypoint_follower-18] [INFO] [1790988907.621591694] [waypoint_follower]: 
[waypoint_follower-18] 	waypoint_follower lifecycle node launched. 
[waypoint_follower-18] 	Waiting on external lifecycle transitions to activate
[waypoint_follower-18] 	See https://design.ros2.org/articles/node_lifecycle.html for more information.
[waypoint_follower-18] [INFO] [1790988907.622116459] [waypoint_follower]: Creating
[velocity_smoother-19] [INFO] [1790988907.622279935] [velocity_smoother]: 
[velocity_smoother-19] 	velocity_smoother lifecycle node launched. 
[velocity_smoother-19] 	Waiting on external lifecycle transitions to activate
[velocity_smoother-19] 	See https://design.ros2.org/articles/node_lifecycle.html for more information.
[behavior_server-16] [INFO] [1790988907.629509737] [behavior_server]: 
[behavior_server-16] 	behavior_server lifecycle node launched. 
[behavior_server-16] 	Waiting on external lifecycle transitions to activate
[behavior_server-16] 	See https://design.ros2.org/articles/node_lifecycle.html for more information.
[route_server-15] [INFO] [1790988907.637088714] [route_server]: 
[route_server-15] 	route_server lifecycle node launched. 
[route_server-15] 	Waiting on external lifecycle transitions to activate
[route_server-15] 	See https://design.ros2.org/articles/node_lifecycle.html for more information.
[smoother_server-13] [INFO] [1790988907.646397037] [smoother_server]: 
[smoother_server-13] 	smoother_server lifecycle node launched. 
[smoother_server-13] 	Waiting on external lifecycle transitions to activate
[smoother_server-13] 	See https://design.ros2.org/articles/node_lifecycle.html for more information.
[collision_monitor-20] [INFO] [1790988907.647996213] [collision_monitor]: 
[collision_monitor-20] 	collision_monitor lifecycle node launched. 
[collision_monitor-20] 	Waiting on external lifecycle transitions to activate
[collision_monitor-20] 	See https://design.ros2.org/articles/node_lifecycle.html for more information.
[smoother_server-13] [INFO] [1790988907.648074479] [smoother_server]: Creating smoother server
[opennav_docking-21] [INFO] [1790988907.648542501] [docking_server]: 
[opennav_docking-21] 	docking_server lifecycle node launched. 
[opennav_docking-21] 	Waiting on external lifecycle transitions to activate
[opennav_docking-21] 	See https://design.ros2.org/articles/node_lifecycle.html for more information.
[opennav_docking-21] [INFO] [1790988907.648619024] [docking_server]: Creating docking_server
[lifecycle_manager-22] [INFO] [1790988907.648748411] [lifecycle_manager_navigation]: Creating
[planner_server-14] [INFO] [1790988907.652683029] [planner_server]: 
[planner_server-14] 	planner_server lifecycle node launched. 
[planner_server-14] 	Waiting on external lifecycle transitions to activate
[planner_server-14] 	See https://design.ros2.org/articles/node_lifecycle.html for more information.
[lifecycle_manager-22] [INFO] [1790988907.653408885] [lifecycle_manager_navigation]: [34m[1mCreating and initializing lifecycle service clients[0m[0m
[planner_server-14] [INFO] [1790988907.653904803] [planner_server]: Creating
[controller_server-12] [INFO] [1790988907.654862982] [controller_server]: 
[controller_server-12] 	controller_server lifecycle node launched. 
[controller_server-12] 	Waiting on external lifecycle transitions to activate
[controller_server-12] 	See https://design.ros2.org/articles/node_lifecycle.html for more information.
[controller_server-12] [INFO] [1790988907.657832637] [controller_server]: Creating controller server
[planner_server-14] [INFO] [1790988907.662657629] [global_costmap.global_costmap]: 
[planner_server-14] 	global_costmap lifecycle node launched. 
[planner_server-14] 	Waiting on external lifecycle transitions to activate
[planner_server-14] 	See https://design.ros2.org/articles/node_lifecycle.html for more information.
[planner_server-14] [INFO] [1790988907.662970021] [global_costmap.global_costmap]: Creating Costmap
[controller_server-12] [INFO] [1790988907.667459294] [local_costmap.local_costmap]: 
[controller_server-12] 	local_costmap lifecycle node launched. 
[controller_server-12] 	Waiting on external lifecycle transitions to activate
[controller_server-12] 	See https://design.ros2.org/articles/node_lifecycle.html for more information.
[controller_server-12] [INFO] [1790988907.667834983] [local_costmap.local_costmap]: Creating Costmap
[lifecycle_manager-22] [INFO] [1790988907.737424928] [lifecycle_manager_navigation]: [34m[1mStarting managed nodes bringup...[0m[0m
[lifecycle_manager-22] [INFO] [1790988907.737462193] [lifecycle_manager_navigation]: [34m[1mConfiguring controller_server[0m[0m
[controller_server-12] [INFO] [1790988907.737775206] [controller_server]: Configuring controller interface
[controller_server-12] [INFO] [1790988907.737796459] [controller_server]: getting progress checker plugins..
[controller_server-12] [INFO] [1790988907.737974273] [controller_server]: getting goal checker plugins..
[controller_server-12] [INFO] [1790988907.738057008] [controller_server]: Controller frequency set to 20.0000Hz
[controller_server-12] [INFO] [1790988907.738094703] [local_costmap.local_costmap]: Configuring
[controller_server-12] [INFO] [1790988907.744867785] [local_costmap.local_costmap]: Using plugin "static_layer"
[controller_server-12] [INFO] [1790988907.747646229] [local_costmap.local_costmap]: Subscribing to the map topic (/map) with transient local durability
[controller_server-12] [INFO] [1790988907.748841060] [local_costmap.local_costmap]: Initialized plugin "static_layer"
[controller_server-12] [INFO] [1790988907.748852943] [local_costmap.local_costmap]: Using plugin "voxel_layer"
[controller_server-12] [INFO] [1790988907.749218612] [local_costmap.local_costmap]: Subscribed to Topics: scan
[controller_server-12] [INFO] [1790988907.757411883] [local_costmap.local_costmap]: Initialized plugin "voxel_layer"
[controller_server-12] [INFO] [1790988907.757425821] [local_costmap.local_costmap]: Using plugin "inflation_layer"
[controller_server-12] [INFO] [1790988907.757786199] [local_costmap.local_costmap]: Initialized plugin "inflation_layer"
[controller_server-12] [INFO] [1790988907.770771817] [local_costmap.local_costmap]: StaticLayer: Resizing static layer to 436 X 301 at 0.050000 m/pix
[controller_server-12] [INFO] [1790988907.770859591] [controller_server]: Created progress_checker : progress_checker of type nav2_controller::SimpleProgressChecker
[controller_server-12] [INFO] [1790988907.771168417] [controller_server]: Controller Server has progress_checker  progress checkers available.
[controller_server-12] [INFO] [1790988907.771524947] [controller_server]: Created goal checker : general_goal_checker of type nav2_controller::SimpleGoalChecker
[controller_server-12] [INFO] [1790988907.771765556] [controller_server]: Controller Server has general_goal_checker  goal checkers available.
[controller_server-12] [INFO] [1790988907.772851740] [controller_server]: Created controller : FollowPath of type nav2_mppi_controller::MPPIController
[controller_server-12] [INFO] [1790988907.774123594] [controller_server]: Controller period is equal to model dt. Control sequence shifting is ON
[controller_server-12] [INFO] [1790988907.775129217] [controller_server]: ConstraintCritic instantiated with 1 power and 4.000000 weight.
[controller_server-12] [INFO] [1790988907.775146311] [controller_server]: Critic loaded : mppi::critics::ConstraintCritic
[controller_server-12] [INFO] [1790988907.775773751] [controller_server]: InflationCostCritic instantiated with 1 power and 300.000000 / 0.015000 weights. Critic will collision check based on footprint cost.
[controller_server-12] [INFO] [1790988907.775788260] [controller_server]: Critic loaded : mppi::critics::CostCritic
[controller_server-12] [INFO] [1790988907.776057035] [controller_server]: GoalCritic instantiated with 1 power and 5.000000 weight.
[controller_server-12] [INFO] [1790988907.776070672] [controller_server]: Critic loaded : mppi::critics::GoalCritic
[controller_server-12] [INFO] [1790988907.776438896] [controller_server]: GoalAngleCritic instantiated with 1 power, 3.000000 weight, 0.500000 angular threshold and symmetric_yaw_tolerance disabled
[controller_server-12] [INFO] [1790988907.776454888] [controller_server]: Critic loaded : mppi::critics::GoalAngleCritic
[controller_server-12] [INFO] [1790988907.776998811] [controller_server]: ReferenceTrajectoryCritic instantiated with 1 power and 14.000000 weight
[controller_server-12] [INFO] [1790988907.777013951] [controller_server]: Critic loaded : mppi::critics::PathAlignCritic
[controller_server-12] [INFO] [1790988907.777350983] [controller_server]: Critic loaded : mppi::critics::PathFollowCritic
[controller_server-12] [INFO] [1790988907.777861169] [controller_server]: PathAngleCritic instantiated with 1 power and 2.000000 weight. Mode set to: Forward Preference
[controller_server-12] [INFO] [1790988907.777895297] [controller_server]: Critic loaded : mppi::critics::PathAngleCritic
[controller_server-12] [INFO] [1790988907.778159353] [controller_server]: PreferForwardCritic instantiated with 1 power and 5.000000 weight.
[controller_server-12] [INFO] [1790988907.778173140] [controller_server]: Critic loaded : mppi::critics::PreferForwardCritic
[controller_server-12] [INFO] [1790988907.780426780] [controller_server]: Optimizer reset
[controller_server-12] [INFO] [1790988907.783579300] [MPPIController]: Configured MPPI Controller: FollowPath
[controller_server-12] [INFO] [1790988907.783588979] [controller_server]: Controller Server has FollowPath  controllers available.
[lifecycle_manager-22] [INFO] [1790988907.789645303] [lifecycle_manager_navigation]: [34m[1mConfiguring smoother_server[0m[0m
[smoother_server-13] [INFO] [1790988907.789841214] [smoother_server]: Configuring smoother server
[smoother_server-13] [INFO] [1790988907.800230670] [smoother_server]: Created smoother : simple_smoother of type nav2_smoother::SimpleSmoother
[smoother_server-13] [INFO] [1790988907.800507852] [smoother_server]: Smoother Server has simple_smoother  smoothers available.
[lifecycle_manager-22] [INFO] [1790988907.808638809] [lifecycle_manager_navigation]: [34m[1mConfiguring planner_server[0m[0m
[planner_server-14] [INFO] [1790988907.808799599] [planner_server]: Configuring
[planner_server-14] [INFO] [1790988907.808827144] [global_costmap.global_costmap]: Configuring
[planner_server-14] [INFO] [1790988907.814818008] [global_costmap.global_costmap]: Using plugin "static_layer"
[planner_server-14] [INFO] [1790988907.817492566] [global_costmap.global_costmap]: Subscribing to the map topic (/map) with transient local durability
[planner_server-14] [INFO] [1790988907.818663198] [global_costmap.global_costmap]: Initialized plugin "static_layer"
[planner_server-14] [INFO] [1790988907.818679641] [global_costmap.global_costmap]: Using plugin "obstacle_layer"
[planner_server-14] [INFO] [1790988907.819085469] [global_costmap.global_costmap]: Subscribed to Topics: scan
[planner_server-14] [INFO] [1790988907.821504398] [global_costmap.global_costmap]: Initialized plugin "obstacle_layer"
[planner_server-14] [INFO] [1790988907.821516392] [global_costmap.global_costmap]: Using plugin "inflation_layer"
[planner_server-14] [INFO] [1790988907.821939805] [global_costmap.global_costmap]: Initialized plugin "inflation_layer"
[planner_server-14] [INFO] [1790988907.840637772] [global_costmap.global_costmap]: StaticLayer: Resizing costmap to 436 X 301 at 0.050000 m/pix
[planner_server-14] [INFO] [1790988907.840939774] [planner_server]: Created global planner plugin GridBased of type nav2_navfn_planner::NavfnPlanner
[planner_server-14] [INFO] [1790988907.840970135] [planner_server]: Configuring plugin GridBased of type NavfnPlanner
[planner_server-14] [INFO] [1790988907.841664668] [planner_server]: Planner Server has GridBased  planners available.
[lifecycle_manager-22] [INFO] [1790988907.849317693] [lifecycle_manager_navigation]: [34m[1mConfiguring route_server[0m[0m
[route_server-15] [INFO] [1790988907.849511249] [route_server]: Configuring
[route_server-15] [INFO] [1790988907.867179805] [route_server]: Created GraphFileLoader GeoJsonGraphFileLoader of type nav2_route::GeoJsonGraphFileLoader
[route_server-15] [INFO] [1790988907.867204735] [route_server]: Configuring geojson graph file loader
[route_server-15] [INFO] [1790988907.867211388] [route_server]: No graph file provided to load yet.
[route_server-15] [INFO] [1790988907.868644393] [route_server]: Created edge cost function plugin DistanceScorer of type nav2_route::DistanceScorer
[route_server-15] [INFO] [1790988907.868660114] [route_server]: Configuring distance scorer.
[route_server-15] [INFO] [1790988907.868789121] [route_server]: Created edge cost function plugin DynamicEdgesScorer of type nav2_route::DynamicEdgesScorer
[route_server-15] [INFO] [1790988907.868799021] [route_server]: Configuring adjust edges scorer.
[route_server-15] [INFO] [1790988907.870682854] [route_server]: Created route operation AdjustSpeedLimit of type nav2_route::AdjustSpeedLimit
[route_server-15] [INFO] [1790988907.870696290] [route_server]: Configuring Adjust speed limit operation.
[route_server-15] [INFO] [1790988907.871192599] [route_server]: Created route operation ReroutingService of type nav2_route::ReroutingService
[route_server-15] [INFO] [1790988907.871203461] [route_server]: Configuring Rerouting service operation.
[lifecycle_manager-22] [INFO] [1790988907.872920190] [lifecycle_manager_navigation]: [34m[1mConfiguring behavior_server[0m[0m
[behavior_server-16] [INFO] [1790988907.873142543] [behavior_server]: Configuring
[behavior_server-16] [INFO] [1790988907.876815841] [behavior_server]: Creating behavior plugin spin of type nav2_behaviors::Spin
[behavior_server-16] [INFO] [1790988907.877456317] [behavior_server]: Creating behavior plugin backup of type nav2_behaviors::BackUp
[behavior_server-16] [INFO] [1790988907.878043666] [behavior_server]: Creating behavior plugin drive_on_heading of type nav2_behaviors::DriveOnHeading
[behavior_server-16] [INFO] [1790988907.878651698] [behavior_server]: Creating behavior plugin assisted_teleop of type nav2_behaviors::AssistedTeleop
[behavior_server-16] [INFO] [1790988907.879899644] [behavior_server]: Creating behavior plugin wait of type nav2_behaviors::Wait
[behavior_server-16] [INFO] [1790988907.885850258] [behavior_server]: Configuring spin
[behavior_server-16] [INFO] [1790988907.889087496] [behavior_server]: Configuring backup
[behavior_server-16] [INFO] [1790988907.891496405] [behavior_server]: Configuring drive_on_heading
[behavior_server-16] [INFO] [1790988907.893761768] [behavior_server]: Configuring assisted_teleop
[behavior_server-16] [INFO] [1790988907.896954427] [behavior_server]: Configuring wait
[lifecycle_manager-22] [INFO] [1790988907.899621511] [lifecycle_manager_navigation]: [34m[1mConfiguring velocity_smoother[0m[0m
[velocity_smoother-19] [INFO] [1790988907.899815768] [velocity_smoother]: Configuring velocity smoother
[lifecycle_manager-22] [INFO] [1790988907.903418995] [lifecycle_manager_navigation]: [34m[1mConfiguring collision_monitor[0m[0m
[collision_monitor-20] [INFO] [1790988907.903606819] [collision_monitor]: Configuring
[collision_monitor-20] [INFO] [1790988907.907872868] [collision_monitor]: [scan]: Creating Scan
[collision_monitor-20] [INFO] [1790988907.909604517] [collision_monitor]: [FootprintApproach]: Creating Polygon
[collision_monitor-20] [INFO] [1790988907.909720318] [collision_monitor]: [FootprintApproach]: Polygon points are not defined. Using dynamic subscription instead.
[collision_monitor-20] [INFO] [1790988907.910397136] [collision_monitor]: [FootprintApproach]: Making footprint subscriber on local_costmap/published_footprint topic
[lifecycle_manager-22] [INFO] [1790988907.918451060] [lifecycle_manager_navigation]: [34m[1mConfiguring bt_navigator[0m[0m
[bt_navigator-17] [INFO] [1790988907.918618043] [bt_navigator]: Configuring
[bt_navigator-17] [INFO] [1790988907.923965946] [bt_navigator]: Creating navigator id navigate_to_pose of type nav2_bt_navigator::NavigateToPoseNavigator
[bt_navigator-17] [INFO] [1790988907.976263905] [bt_navigator]: Creating navigator id navigate_through_poses of type nav2_bt_navigator::NavigateThroughPosesNavigator
[lifecycle_manager-22] [INFO] [1790988907.993949646] [lifecycle_manager_navigation]: [34m[1mConfiguring waypoint_follower[0m[0m
[waypoint_follower-18] [INFO] [1790988907.994187780] [waypoint_follower]: Configuring
[waypoint_follower-18] [INFO] [1790988908.009784991] [waypoint_follower]: Created waypoint_task_executor : wait_at_waypoint of type nav2_waypoint_follower::WaitAtWaypoint
[lifecycle_manager-22] [INFO] [1790988908.010454364] [lifecycle_manager_navigation]: [34m[1mConfiguring docking_server[0m[0m
[opennav_docking-21] [INFO] [1790988908.010675595] [docking_server]: Configuring docking_server
[opennav_docking-21] [INFO] [1790988908.010709823] [docking_server]: Controller frequency set to 50.0000Hz
[opennav_docking-21] [INFO] [1790988908.028215875] [docking_server]: Created charging dock plugin simple_charging_dock of type opennav_docking::SimpleChargingDock
[opennav_docking-21] [WARN] [1790988908.030805855] [docking_server]: Dock database filepath nor dock parameters set. Docking actions can only be executed specifying the dock pose via the action request. Or update the dock database via the reload_database service.
[opennav_docking-21] [INFO] [1790988908.030827387] [docking_server]: Docking Server has 1 dock types and 0 dock instances available.
[lifecycle_manager-22] [INFO] [1790988908.031859934] [lifecycle_manager_navigation]: [34m[1mActivating controller_server[0m[0m
[controller_server-12] [INFO] [1790988908.031980214] [controller_server]: Activating
[controller_server-12] [INFO] [1790988908.032007037] [local_costmap.local_costmap]: Activating
[controller_server-12] [INFO] [1790988908.032013751] [local_costmap.local_costmap]: Checking transform
[controller_server-12] [INFO] [1790988908.032097157] [local_costmap.local_costmap]: start
[controller_server-12] [WARN] [1790988908.282866767] [controller_server]: Parameter controller_server.verbose not found
[controller_server-12] [INFO] [1790988908.285363059] [controller_server]: Optimizer reset
[controller_server-12] [INFO] [1790988908.285527407] [MPPIController]: Activated MPPI Controller: FollowPath
[controller_server-12] [INFO] [1790988908.285551996] [controller_server]: Creating bond (controller_server) to lifecycle manager.
[lifecycle_manager-22] [INFO] [1790988908.390444645] [lifecycle_manager_navigation]: Server controller_server connected with bond.
[lifecycle_manager-22] [INFO] [1790988908.390481348] [lifecycle_manager_navigation]: [34m[1mActivating smoother_server[0m[0m
[smoother_server-13] [INFO] [1790988908.390790533] [smoother_server]: Activating
[smoother_server-13] [INFO] [1790988908.390826385] [smoother_server]: Creating bond (smoother_server) to lifecycle manager.
[lifecycle_manager-22] [INFO] [1790988908.494345979] [lifecycle_manager_navigation]: Server smoother_server connected with bond.
[lifecycle_manager-22] [INFO] [1790988908.494376600] [lifecycle_manager_navigation]: [34m[1mActivating planner_server[0m[0m
[planner_server-14] [INFO] [1790988908.494613572] [planner_server]: Activating
[planner_server-14] [INFO] [1790988908.494645135] [global_costmap.global_costmap]: Activating
[planner_server-14] [INFO] [1790988908.494653351] [global_costmap.global_costmap]: Checking transform
[planner_server-14] [INFO] [1790988908.494762709] [global_costmap.global_costmap]: start
[planner_server-14] [INFO] [1790988909.545744113] [planner_server]: Activating plugin GridBased of type NavfnPlanner
[planner_server-14] [INFO] [1790988909.547266496] [planner_server]: Creating bond (planner_server) to lifecycle manager.
[lifecycle_manager-22] [INFO] [1790988909.650785326] [lifecycle_manager_navigation]: Server planner_server connected with bond.
[lifecycle_manager-22] [INFO] [1790988909.650829224] [lifecycle_manager_navigation]: [34m[1mActivating route_server[0m[0m
[route_server-15] [INFO] [1790988909.651167428] [route_server]: Activating
[route_server-15] [INFO] [1790988909.651326975] [route_server]: Creating bond (route_server) to lifecycle manager.
[lifecycle_manager-22] [INFO] [1790988909.755384850] [lifecycle_manager_navigation]: Server route_server connected with bond.
[lifecycle_manager-22] [INFO] [1790988909.755417345] [lifecycle_manager_navigation]: [34m[1mActivating behavior_server[0m[0m
[behavior_server-16] [INFO] [1790988909.755648495] [behavior_server]: Activating
[behavior_server-16] [INFO] [1790988909.755669607] [behavior_server]: Activating spin
[behavior_server-16] [INFO] [1790988909.755679417] [behavior_server]: Activating backup
[behavior_server-16] [INFO] [1790988909.755686521] [behavior_server]: Activating drive_on_heading
[behavior_server-16] [INFO] [1790988909.755693304] [behavior_server]: Activating assisted_teleop
[behavior_server-16] [INFO] [1790988909.755705699] [behavior_server]: Activating wait
[behavior_server-16] [INFO] [1790988909.755715388] [behavior_server]: Creating bond (behavior_server) to lifecycle manager.
[lifecycle_manager-22] [INFO] [1790988909.859857942] [lifecycle_manager_navigation]: Server behavior_server connected with bond.
[lifecycle_manager-22] [INFO] [1790988909.859890086] [lifecycle_manager_navigation]: [34m[1mActivating velocity_smoother[0m[0m
[velocity_smoother-19] [INFO] [1790988909.860155875] [velocity_smoother]: Activating
[velocity_smoother-19] [INFO] [1790988909.860207157] [velocity_smoother]: Creating bond (velocity_smoother) to lifecycle manager.
[lifecycle_manager-22] [INFO] [1790988909.964440691] [lifecycle_manager_navigation]: Server velocity_smoother connected with bond.
[lifecycle_manager-22] [INFO] [1790988909.964471062] [lifecycle_manager_navigation]: [34m[1mActivating collision_monitor[0m[0m
[collision_monitor-20] [INFO] [1790988909.964710940] [collision_monitor]: Activating
[collision_monitor-20] [INFO] [1790988909.964744086] [collision_monitor]: Creating bond (collision_monitor) to lifecycle manager.
[lifecycle_manager-22] [INFO] [1790988910.069286915] [lifecycle_manager_navigation]: Server collision_monitor connected with bond.
[lifecycle_manager-22] [INFO] [1790988910.069320753] [lifecycle_manager_navigation]: [34m[1mActivating bt_navigator[0m[0m
[bt_navigator-17] [INFO] [1790988910.069562805] [bt_navigator]: Activating
[bt_navigator-17] [INFO] [1790988910.112569484] [bt_navigator]: Creating bond (bt_navigator) to lifecycle manager.
[lifecycle_manager-22] [INFO] [1790988910.216242450] [lifecycle_manager_navigation]: Server bt_navigator connected with bond.
[lifecycle_manager-22] [INFO] [1790988910.216276498] [lifecycle_manager_navigation]: [34m[1mActivating waypoint_follower[0m[0m
[waypoint_follower-18] [INFO] [1790988910.216591846] [waypoint_follower]: Activating
[waypoint_follower-18] [INFO] [1790988910.216640082] [waypoint_follower]: Creating bond (waypoint_follower) to lifecycle manager.
[lifecycle_manager-22] [INFO] [1790988910.321294253] [lifecycle_manager_navigation]: Server waypoint_follower connected with bond.
[lifecycle_manager-22] [INFO] [1790988910.321325195] [lifecycle_manager_navigation]: [34m[1mActivating docking_server[0m[0m
[opennav_docking-21] [INFO] [1790988910.321627507] [docking_server]: Activating docking_server
[opennav_docking-21] [INFO] [1790988910.328644575] [docking_server]: Creating bond (docking_server) to lifecycle manager.
[lifecycle_manager-22] [INFO] [1790988910.433365138] [lifecycle_manager_navigation]: Server docking_server connected with bond.
[lifecycle_manager-22] [INFO] [1790988910.433398775] [lifecycle_manager_navigation]: [34m[1mManaged nodes are active[0m[0m
[lifecycle_manager-22] [INFO] [1790988910.433407993] [lifecycle_manager_navigation]: [34m[1mCreating bond timer...[0m[0m
[waypoint_follower-18] [INFO] [1790988919.844666161] [waypoint_follower]: Received follow waypoint request with 118 waypoints.
[bt_navigator-17] [INFO] [1790988919.845256627] [bt_navigator]: Begin navigating from current location (0.00, -0.00) to (0.00, -0.00)
[controller_server-12] [INFO] [1790988919.865976097] [controller_server]: Received a goal, begin computing control effort.
[controller_server-12] [WARN] [1790988919.866012650] [controller_server]: No goal checker was specified in parameter 'current_goal_checker'. Server will use only plugin loaded general_goal_checker . This warning will appear once.
[controller_server-12] [WARN] [1790988919.866022960] [controller_server]: No progress checker was specified in parameter 'current_progress_checker'. Server will use only plugin loaded progress_checker . This warning will appear once.
[controller_server-12] [INFO] [1790988919.871618386] [controller_server]: Reached the goal!
[controller_server-12] [INFO] [1790988919.873136880] [controller_server]: Optimizer reset
[bt_navigator-17] [INFO] [1790988919.895485666] [bt_navigator]: Goal succeeded
[parameter_bridge-2] [INFO] [1790988919.930947902] [bridge_ros_gz]: Passing message from ROS geometry_msgs/msg/Twist to Gazebo gz.msgs.Twist (showing msg only once per type)
[waypoint_follower-18] [INFO] [1790988920.244820982] [waypoint_follower]: Succeeded processing waypoint 0, processing waypoint task execution
[waypoint_follower-18] [INFO] [1790988920.244860821] [waypoint_follower]: Arrived at 0'th waypoint, sleeping for 200 milliseconds
[waypoint_follower-18] [INFO] [1790988920.445641185] [waypoint_follower]: Task execution at waypoint 0 succeeded
[waypoint_follower-18] [INFO] [1790988920.445688339] [waypoint_follower]: Handled task execution on waypoint 0, moving to next.
[bt_navigator-17] [INFO] [1790988920.446157444] [bt_navigator]: Begin navigating from current location (0.00, -0.00) to (0.13, -0.00)
[controller_server-12] [INFO] [1790988920.466720492] [controller_server]: Received a goal, begin computing control effort.
[controller_server-12] [INFO] [1790988920.471523199] [controller_server]: Reached the goal!
[controller_server-12] [INFO] [1790988920.471718207] [controller_server]: Optimizer reset
[bt_navigator-17] [INFO] [1790988920.496358807] [bt_navigator]: Goal succeeded
[waypoint_follower-18] [INFO] [1790988920.846916105] [waypoint_follower]: Succeeded processing waypoint 1, processing waypoint task execution
[waypoint_follower-18] [INFO] [1790988920.846953069] [waypoint_follower]: Arrived at 1'th waypoint, sleeping for 200 milliseconds
[waypoint_follower-18] [INFO] [1790988921.046157404] [waypoint_follower]: Task execution at waypoint 1 succeeded
[waypoint_follower-18] [INFO] [1790988921.046205760] [waypoint_follower]: Handled task execution on waypoint 1, moving to next.
[bt_navigator-17] [INFO] [1790988921.046665195] [bt_navigator]: Begin navigating from current location (0.00, -0.00) to (0.25, -0.00)
[controller_server-12] [INFO] [1790988921.067270457] [controller_server]: Received a goal, begin computing control effort.
[controller_server-12] [INFO] [1790988921.171042875] [controller_server]: Reached the goal!
[controller_server-12] [INFO] [1790988921.171573462] [controller_server]: Optimizer reset
[bt_navigator-17] [INFO] [1790988921.196913796] [bt_navigator]: Goal succeeded
[waypoint_follower-18] [INFO] [1790988921.849335924] [waypoint_follower]: Succeeded processing waypoint 2, processing waypoint task execution
[waypoint_follower-18] [INFO] [1790988921.849368028] [waypoint_follower]: Arrived at 2'th waypoint, sleeping for 200 milliseconds
[waypoint_follower-18] [INFO] [1790988922.047660613] [waypoint_follower]: Task execution at waypoint 2 succeeded
[waypoint_follower-18] [INFO] [1790988922.047702236] [waypoint_follower]: Handled task execution on waypoint 2, moving to next.
[bt_navigator-17] [INFO] [1790988922.048111742] [bt_navigator]: Begin navigating from current location (0.00, -0.00) to (0.36, -0.00)
[controller_server-12] [INFO] [1790988922.068637876] [controller_server]: Received a goal, begin computing control effort.
[controller_server-12] [INFO] [1790988922.922033108] [controller_server]: Reached the goal!
[controller_server-12] [INFO] [1790988922.922485860] [controller_server]: Optimizer reset
[bt_navigator-17] [INFO] [1790988922.948327522] [bt_navigator]: Goal succeeded
[waypoint_follower-18] [INFO] [1790988923.601776247] [waypoint_follower]: Succeeded processing waypoint 3, processing waypoint task execution
[waypoint_follower-18] [INFO] [1790988923.601810335] [waypoint_follower]: Arrived at 3'th waypoint, sleeping for 200 milliseconds
[waypoint_follower-18] [INFO] [1790988923.802607805] [waypoint_follower]: Task execution at waypoint 3 succeeded
[waypoint_follower-18] [INFO] [1790988923.802647474] [waypoint_follower]: Handled task execution on waypoint 3, moving to next.
[bt_navigator-17] [INFO] [1790988923.802994224] [bt_navigator]: Begin navigating from current location (0.11, -0.00) to (0.49, -0.01)
[controller_server-12] [INFO] [1790988923.823443215] [controller_server]: Received a goal, begin computing control effort.
[controller_server-12] [INFO] [1790988924.032211761] [local_costmap.local_costmap]: StaticLayer: Resizing static layer to 439 X 301 at 0.050000 m/pix
[planner_server-14] [INFO] [1790988924.494892345] [global_costmap.global_costmap]: StaticLayer: Resizing costmap to 439 X 301 at 0.050000 m/pix
[controller_server-12] [INFO] [1790988924.726728635] [controller_server]: Reached the goal!
[controller_server-12] [INFO] [1790988924.727330754] [controller_server]: Optimizer reset
[bt_navigator-17] [INFO] [1790988924.753215642] [bt_navigator]: Goal succeeded
[waypoint_follower-18] [INFO] [1790988925.406827907] [waypoint_follower]: Succeeded processing waypoint 4, processing waypoint task execution
[waypoint_follower-18] [INFO] [1790988925.406862526] [waypoint_follower]: Arrived at 4'th waypoint, sleeping for 200 milliseconds
[waypoint_follower-18] [INFO] [1790988925.605610377] [waypoint_follower]: Task execution at waypoint 4 succeeded
[waypoint_follower-18] [INFO] [1790988925.605649505] [waypoint_follower]: Handled task execution on waypoint 4, moving to next.
[bt_navigator-17] [INFO] [1790988925.606340472] [bt_navigator]: Begin navigating from current location (0.32, 0.01) to (0.60, -0.01)
[controller_server-12] [INFO] [1790988925.626879060] [controller_server]: Received a goal, begin computing control effort.
[controller_server-12] [INFO] [1790988926.030646976] [controller_server]: Reached the goal!
[controller_server-12] [INFO] [1790988926.031140409] [controller_server]: Optimizer reset
[controller_server-12] [INFO] [1790988926.032215470] [local_costmap.local_costmap]: StaticLayer: Resizing static layer to 444 X 301 at 0.050000 m/pix
[bt_navigator-17] [INFO] [1790988926.056546812] [bt_navigator]: Goal succeeded
[planner_server-14] [INFO] [1790988926.494895149] [global_costmap.global_costmap]: StaticLayer: Resizing costmap to 444 X 301 at 0.050000 m/pix
[waypoint_follower-18] [INFO] [1790988926.709094484] [waypoint_follower]: Succeeded processing waypoint 5, processing waypoint task execution
[waypoint_follower-18] [INFO] [1790988926.709129874] [waypoint_follower]: Arrived at 5'th waypoint, sleeping for 200 milliseconds
[waypoint_follower-18] [INFO] [1790988926.907634399] [waypoint_follower]: Task execution at waypoint 5 succeeded
[waypoint_follower-18] [INFO] [1790988926.907672865] [waypoint_follower]: Handled task execution on waypoint 5, moving to next.
[bt_navigator-17] [INFO] [1790988926.908071630] [bt_navigator]: Begin navigating from current location (0.37, 0.01) to (0.75, -0.01)
[controller_server-12] [INFO] [1790988926.928524577] [controller_server]: Received a goal, begin computing control effort.
[controller_server-12] [INFO] [1790988927.781792936] [controller_server]: Reached the goal!
[controller_server-12] [INFO] [1790988927.782404524] [controller_server]: Optimizer reset
[bt_navigator-17] [INFO] [1790988927.808270002] [bt_navigator]: Goal succeeded
[waypoint_follower-18] [INFO] [1790988928.461706628] [waypoint_follower]: Succeeded processing waypoint 6, processing waypoint task execution
[waypoint_follower-18] [INFO] [1790988928.461738712] [waypoint_follower]: Arrived at 6'th waypoint, sleeping for 200 milliseconds
[waypoint_follower-18] [INFO] [1790988928.662643581] [waypoint_follower]: Task execution at waypoint 6 succeeded
[waypoint_follower-18] [INFO] [1790988928.662688721] [waypoint_follower]: Handled task execution on waypoint 6, moving to next.
[bt_navigator-17] [INFO] [1790988928.663082576] [bt_navigator]: Begin navigating from current location (0.50, 0.00) to (0.86, -0.01)
[controller_server-12] [INFO] [1790988928.683547176] [controller_server]: Received a goal, begin computing control effort.
[controller_server-12] [INFO] [1790988929.537914101] [controller_server]: Reached the goal!
[controller_server-12] [INFO] [1790988929.538212305] [controller_server]: Optimizer reset
[bt_navigator-17] [INFO] [1790988929.563282508] [bt_navigator]: Goal succeeded
[controller_server-12] [INFO] [1790988930.032215262] [local_costmap.local_costmap]: StaticLayer: Resizing static layer to 451 X 304 at 0.050000 m/pix
[waypoint_follower-18] [INFO] [1790988930.216660332] [waypoint_follower]: Succeeded processing waypoint 7, processing waypoint task execution
[waypoint_follower-18] [INFO] [1790988930.216699069] [waypoint_follower]: Arrived at 7'th waypoint, sleeping for 200 milliseconds
[waypoint_follower-18] [INFO] [1790988930.417646488] [waypoint_follower]: Task execution at waypoint 7 succeeded
[waypoint_follower-18] [INFO] [1790988930.418259199] [waypoint_follower]: Handled task execution on waypoint 7, moving to next.
[bt_navigator-17] [INFO] [1790988930.418628424] [bt_navigator]: Begin navigating from current location (0.65, 0.00) to (0.96, -0.01)
[controller_server-12] [INFO] [1790988930.439128985] [controller_server]: Received a goal, begin computing control effort.
[planner_server-14] [INFO] [1790988930.494892369] [global_costmap.global_costmap]: StaticLayer: Resizing costmap to 451 X 304 at 0.050000 m/pix
[controller_server-12] [INFO] [1790988931.042921543] [controller_server]: Reached the goal!
[controller_server-12] [INFO] [1790988931.043172643] [controller_server]: Optimizer reset
[bt_navigator-17] [INFO] [1790988931.068842790] [bt_navigator]: Goal succeeded
[waypoint_follower-18] [INFO] [1790988931.721455004] [waypoint_follower]: Succeeded processing waypoint 8, processing waypoint task execution
[waypoint_follower-18] [INFO] [1790988931.721488300] [waypoint_follower]: Arrived at 8'th waypoint, sleeping for 200 milliseconds
[waypoint_follower-18] [INFO] [1790988931.920634979] [waypoint_follower]: Task execution at waypoint 8 succeeded
[waypoint_follower-18] [INFO] [1790988931.920678576] [waypoint_follower]: Handled task execution on waypoint 8, moving to next.
[bt_navigator-17] [INFO] [1790988931.921033743] [bt_navigator]: Begin navigating from current location (0.74, 0.00) to (1.11, -0.01)
[controller_server-12] [INFO] [1790988931.941528312] [controller_server]: Received a goal, begin computing control effort.
[controller_server-12] [INFO] [1790988932.795373570] [controller_server]: Reached the goal!
[controller_server-12] [INFO] [1790988932.796102060] [controller_server]: Optimizer reset
[bt_navigator-17] [INFO] [1790988932.821230308] [bt_navigator]: Goal succeeded
[controller_server-12] [INFO] [1790988933.032222286] [local_costmap.local_costmap]: StaticLayer: Resizing static layer to 454 X 308 at 0.050000 m/pix
[waypoint_follower-18] [INFO] [1790988933.474529444] [waypoint_follower]: Succeeded processing waypoint 9, processing waypoint task execution
[waypoint_follower-18] [INFO] [1790988933.474563492] [waypoint_follower]: Arrived at 9'th waypoint, sleeping for 200 milliseconds
[planner_server-14] [INFO] [1790988933.494891919] [global_costmap.global_costmap]: StaticLayer: Resizing costmap to 454 X 308 at 0.050000 m/pix
[waypoint_follower-18] [INFO] [1790988933.672612649] [waypoint_follower]: Task execution at waypoint 9 succeeded
[waypoint_follower-18] [INFO] [1790988933.672655956] [waypoint_follower]: Handled task execution on waypoint 9, moving to next.
[bt_navigator-17] [INFO] [1790988933.673088697] [bt_navigator]: Begin navigating from current location (0.88, -0.01) to (1.22, -0.01)
[controller_server-12] [INFO] [1790988933.693521453] [controller_server]: Received a goal, begin computing control effort.
[controller_server-12] [INFO] [1790988934.446901077] [controller_server]: Reached the goal!
[controller_server-12] [INFO] [1790988934.447090053] [controller_server]: Optimizer reset
[bt_navigator-17] [INFO] [1790988934.473291297] [bt_navigator]: Goal succeeded
[controller_server-12] [INFO] [1790988935.032218405] [local_costmap.local_costmap]: StaticLayer: Resizing static layer to 459 X 329 at 0.050000 m/pix
[waypoint_follower-18] [INFO] [1790988935.126310743] [waypoint_follower]: Succeeded processing waypoint 10, processing waypoint task execution
[waypoint_follower-18] [INFO] [1790988935.126345903] [waypoint_follower]: Arrived at 10'th waypoint, sleeping for 200 milliseconds
[waypoint_follower-18] [INFO] [1790988935.325645806] [waypoint_follower]: Task execution at waypoint 10 succeeded
[waypoint_follower-18] [INFO] [1790988935.325686006] [waypoint_follower]: Handled task execution on waypoint 10, moving to next.
[bt_navigator-17] [INFO] [1790988935.326336842] [bt_navigator]: Begin navigating from current location (1.00, 0.00) to (1.34, -0.01)
[controller_server-12] [INFO] [1790988935.346887431] [controller_server]: Received a goal, begin computing control effort.
[planner_server-14] [INFO] [1790988935.494892794] [global_costmap.global_costmap]: StaticLayer: Resizing costmap to 459 X 329 at 0.050000 m/pix
[controller_server-12] [INFO] [1790988936.050433069] [controller_server]: Reached the goal!
[controller_server-12] [INFO] [1790988936.050773206] [controller_server]: Optimizer reset
[bt_navigator-17] [INFO] [1790988936.076535595] [bt_navigator]: Goal succeeded
[waypoint_follower-18] [INFO] [1790988936.729579242] [waypoint_follower]: Succeeded processing waypoint 11, processing waypoint task execution
[waypoint_follower-18] [INFO] [1790988936.729617368] [waypoint_follower]: Arrived at 11'th waypoint, sleeping for 200 milliseconds
[waypoint_follower-18] [INFO] [1790988936.930663366] [waypoint_follower]: Task execution at waypoint 11 succeeded
[waypoint_follower-18] [INFO] [1790988936.930699318] [waypoint_follower]: Handled task execution on waypoint 11, moving to next.
[bt_navigator-17] [INFO] [1790988936.931046540] [bt_navigator]: Begin navigating from current location (1.11, -0.01) to (1.49, -0.01)
[controller_server-12] [INFO] [1790988936.951534785] [controller_server]: Received a goal, begin computing control effort.
[controller_server-12] [INFO] [1790988937.032215760] [local_costmap.local_costmap]: StaticLayer: Resizing static layer to 463 X 360 at 0.050000 m/pix
[planner_server-14] [INFO] [1790988937.494891229] [global_costmap.global_costmap]: StaticLayer: Resizing costmap to 463 X 360 at 0.050000 m/pix
[controller_server-12] [INFO] [1790988937.804673805] [controller_server]: Reached the goal!
[controller_server-12] [INFO] [1790988937.804849315] [controller_server]: Optimizer reset
[bt_navigator-17] [INFO] [1790988937.831251928] [bt_navigator]: Goal succeeded
[waypoint_follower-18] [INFO] [1790988938.484819513] [waypoint_follower]: Succeeded processing waypoint 12, processing waypoint task execution
[waypoint_follower-18] [INFO] [1790988938.484850665] [waypoint_follower]: Arrived at 12'th waypoint, sleeping for 200 milliseconds
[waypoint_follower-18] [INFO] [1790988938.685676329] [waypoint_follower]: Task execution at waypoint 12 succeeded
[waypoint_follower-18] [INFO] [1790988938.685717511] [waypoint_follower]: Handled task execution on waypoint 12, moving to next.
[bt_navigator-17] [INFO] [1790988938.686107297] [bt_navigator]: Begin navigating from current location (1.26, -0.01) to (1.59, -0.01)
[controller_server-12] [INFO] [1790988938.706568447] [controller_server]: Received a goal, begin computing control effort.
[controller_server-12] [INFO] [1790988939.409810245] [controller_server]: Reached the goal!
[controller_server-12] [INFO] [1790988939.410080824] [controller_server]: Optimizer reset
[bt_navigator-17] [INFO] [1790988939.436301525] [bt_navigator]: Goal succeeded
[controller_server-12] [INFO] [1790988940.032220315] [local_costmap.local_costmap]: StaticLayer: Resizing static layer to 463 X 380 at 0.050000 m/pix
[waypoint_follower-18] [INFO] [1790988940.089381295] [waypoint_follower]: Succeeded processing waypoint 13, processing waypoint task execution
[waypoint_follower-18] [INFO] [1790988940.089414561] [waypoint_follower]: Arrived at 13'th waypoint, sleeping for 200 milliseconds
[waypoint_follower-18] [INFO] [1790988940.287641233] [waypoint_follower]: Task execution at waypoint 13 succeeded
[waypoint_follower-18] [INFO] [1790988940.287680892] [waypoint_follower]: Handled task execution on waypoint 13, moving to next.
[bt_navigator-17] [INFO] [1790988940.288084536] [bt_navigator]: Begin navigating from current location (1.35, -0.01) to (1.74, -0.02)
[controller_server-12] [INFO] [1790988940.308583882] [controller_server]: Received a goal, begin computing control effort.
[planner_server-14] [INFO] [1790988940.494895013] [global_costmap.global_costmap]: StaticLayer: Resizing costmap to 463 X 380 at 0.050000 m/pix
[controller_server-12] [INFO] [1790988941.311816944] [controller_server]: Reached the goal!
[controller_server-12] [INFO] [1790988941.312057163] [controller_server]: Optimizer reset
[bt_navigator-17] [INFO] [1790988941.338302482] [bt_navigator]: Goal succeeded
[waypoint_follower-18] [INFO] [1790988941.992224834] [waypoint_follower]: Succeeded processing waypoint 14, processing waypoint task execution
[waypoint_follower-18] [INFO] [1790988941.992259413] [waypoint_follower]: Arrived at 14'th waypoint, sleeping for 200 milliseconds
[controller_server-12] [INFO] [1790988942.032219314] [local_costmap.local_costmap]: StaticLayer: Resizing static layer to 464 X 386 at 0.050000 m/pix
[waypoint_follower-18] [INFO] [1790988942.192621632] [waypoint_follower]: Task execution at waypoint 14 succeeded
[waypoint_follower-18] [INFO] [1790988942.192664958] [waypoint_follower]: Handled task execution on waypoint 14, moving to next.
[bt_navigator-17] [INFO] [1790988942.193473468] [bt_navigator]: Begin navigating from current location (1.57, -0.00) to (1.84, -0.02)
[controller_server-12] [INFO] [1790988942.213952614] [controller_server]: Received a goal, begin computing control effort.
[planner_server-14] [INFO] [1790988942.494890322] [global_costmap.global_costmap]: StaticLayer: Resizing costmap to 464 X 386 at 0.050000 m/pix
[controller_server-12] [INFO] [1790988942.617286599] [controller_server]: Reached the goal!
[controller_server-12] [INFO] [1790988942.617532228] [controller_server]: Optimizer reset
[bt_navigator-17] [INFO] [1790988942.643752447] [bt_navigator]: Goal succeeded
[controller_server-12] [INFO] [1790988943.032217721] [local_costmap.local_costmap]: StaticLayer: Resizing static layer to 471 X 386 at 0.050000 m/pix
[waypoint_follower-18] [INFO] [1790988943.296104038] [waypoint_follower]: Succeeded processing waypoint 15, processing waypoint task execution
[waypoint_follower-18] [INFO] [1790988943.296132364] [waypoint_follower]: Arrived at 15'th waypoint, sleeping for 200 milliseconds
[planner_server-14] [INFO] [1790988943.494900285] [global_costmap.global_costmap]: StaticLayer: Resizing costmap to 471 X 386 at 0.050000 m/pix
[waypoint_follower-18] [INFO] [1790988943.495134833] [waypoint_follower]: Task execution at waypoint 15 succeeded
[waypoint_follower-18] [INFO] [1790988943.495164822] [waypoint_follower]: Handled task execution on waypoint 15, moving to next.
[bt_navigator-17] [INFO] [1790988943.495519288] [bt_navigator]: Begin navigating from current location (1.62, -0.01) to (1.99, -0.02)
[controller_server-12] [INFO] [1790988943.515978413] [controller_server]: Received a goal, begin computing control effort.
[controller_server-12] [INFO] [1790988944.420035992] [controller_server]: Reached the goal!
[controller_server-12] [INFO] [1790988944.420280940] [controller_server]: Optimizer reset
[bt_navigator-17] [INFO] [1790988944.446063646] [bt_navigator]: Goal succeeded
[controller_server-12] [INFO] [1790988945.032214984] [local_costmap.local_costmap]: StaticLayer: Resizing static layer to 471 X 387 at 0.050000 m/pix
[waypoint_follower-18] [INFO] [1790988945.099384612] [waypoint_follower]: Succeeded processing waypoint 16, processing waypoint task execution
[waypoint_follower-18] [INFO] [1790988945.099413890] [waypoint_follower]: Arrived at 16'th waypoint, sleeping for 200 milliseconds
[waypoint_follower-18] [INFO] [1790988945.297646881] [waypoint_follower]: Task execution at waypoint 16 succeeded
[waypoint_follower-18] [INFO] [1790988945.297687061] [waypoint_follower]: Handled task execution on waypoint 16, moving to next.
[bt_navigator-17] [INFO] [1790988945.298093040] [bt_navigator]: Begin navigating from current location (1.77, -0.00) to (2.16, -0.01)
[controller_server-12] [INFO] [1790988945.318528076] [controller_server]: Received a goal, begin computing control effort.
[planner_server-14] [INFO] [1790988945.494892465] [global_costmap.global_costmap]: StaticLayer: Resizing costmap to 471 X 387 at 0.050000 m/pix
[controller_server-12] [INFO] [1790988946.032214151] [local_costmap.local_costmap]: StaticLayer: Resizing static layer to 471 X 389 at 0.050000 m/pix
[controller_server-12] [INFO] [1790988946.274789175] [controller_server]: Reached the goal!
[controller_server-12] [INFO] [1790988946.275853735] [controller_server]: Optimizer reset
[bt_navigator-17] [INFO] [1790988946.298312531] [bt_navigator]: Goal succeeded
[planner_server-14] [INFO] [1790988946.494896696] [global_costmap.global_costmap]: StaticLayer: Resizing costmap to 471 X 389 at 0.050000 m/pix
[waypoint_follower-18] [INFO] [1790988946.951979790] [waypoint_follower]: Succeeded processing waypoint 17, processing waypoint task execution
[waypoint_follower-18] [INFO] [1790988946.952008978] [waypoint_follower]: Arrived at 17'th waypoint, sleeping for 200 milliseconds
[controller_server-12] [INFO] [1790988947.032226720] [local_costmap.local_costmap]: StaticLayer: Resizing static layer to 474 X 389 at 0.050000 m/pix
[waypoint_follower-18] [INFO] [1790988947.151615710] [waypoint_follower]: Task execution at waypoint 17 succeeded
[waypoint_follower-18] [INFO] [1790988947.151655168] [waypoint_follower]: Handled task execution on waypoint 17, moving to next.
[bt_navigator-17] [INFO] [1790988947.152016438] [bt_navigator]: Begin navigating from current location (1.96, -0.00) to (2.26, -0.01)
[controller_server-12] [INFO] [1790988947.172459580] [controller_server]: Received a goal, begin computing control effort.
[planner_server-14] [INFO] [1790988947.494891293] [global_costmap.global_costmap]: StaticLayer: Resizing costmap to 474 X 389 at 0.050000 m/pix
[controller_server-12] [INFO] [1790988947.776048119] [controller_server]: Reached the goal!
[controller_server-12] [INFO] [1790988947.776250382] [controller_server]: Optimizer reset
[bt_navigator-17] [INFO] [1790988947.802213016] [bt_navigator]: Goal succeeded
[waypoint_follower-18] [INFO] [1790988948.455106579] [waypoint_follower]: Succeeded processing waypoint 18, processing waypoint task execution
[waypoint_follower-18] [INFO] [1790988948.455136879] [waypoint_follower]: Arrived at 18'th waypoint, sleeping for 200 milliseconds
[waypoint_follower-18] [INFO] [1790988948.654652436] [waypoint_follower]: Task execution at waypoint 18 succeeded
[waypoint_follower-18] [INFO] [1790988948.654693257] [waypoint_follower]: Handled task execution on waypoint 18, moving to next.
[bt_navigator-17] [INFO] [1790988948.655065388] [bt_navigator]: Begin navigating from current location (2.04, -0.00) to (2.43, -0.01)
[controller_server-12] [INFO] [1790988948.675582207] [controller_server]: Received a goal, begin computing control effort.
[controller_server-12] [INFO] [1790988949.629099678] [controller_server]: Reached the goal!
[controller_server-12] [INFO] [1790988949.629568321] [controller_server]: Optimizer reset
[bt_navigator-17] [INFO] [1790988949.655277429] [bt_navigator]: Goal succeeded
[controller_server-12] [INFO] [1790988950.032225871] [local_costmap.local_costmap]: StaticLayer: Resizing static layer to 474 X 391 at 0.050000 m/pix
[waypoint_follower-18] [INFO] [1790988950.308984336] [waypoint_follower]: Succeeded processing waypoint 19, processing waypoint task execution
[waypoint_follower-18] [INFO] [1790988950.309014115] [waypoint_follower]: Arrived at 19'th waypoint, sleeping for 200 milliseconds
[planner_server-14] [INFO] [1790988950.494888631] [global_costmap.global_costmap]: StaticLayer: Resizing costmap to 474 X 391 at 0.050000 m/pix
[waypoint_follower-18] [INFO] [1790988950.508667391] [waypoint_follower]: Task execution at waypoint 19 succeeded
[waypoint_follower-18] [INFO] [1790988950.508695707] [waypoint_follower]: Handled task execution on waypoint 19, moving to next.
[bt_navigator-17] [INFO] [1790988950.509022458] [bt_navigator]: Begin navigating from current location (2.21, -0.01) to (2.55, -0.01)
[controller_server-12] [INFO] [1790988950.529492603] [controller_server]: Received a goal, begin computing control effort.
[controller_server-12] [INFO] [1790988951.283674560] [controller_server]: Reached the goal!
[controller_server-12] [INFO] [1790988951.283990439] [controller_server]: Optimizer reset
[bt_navigator-17] [INFO] [1790988951.309222136] [bt_navigator]: Goal succeeded
[waypoint_follower-18] [INFO] [1790988951.962418061] [waypoint_follower]: Succeeded processing waypoint 20, processing waypoint task execution
[waypoint_follower-18] [INFO] [1790988951.962447620] [waypoint_follower]: Arrived at 20'th waypoint, sleeping for 200 milliseconds
[controller_server-12] [INFO] [1790988952.032218272] [local_costmap.local_costmap]: StaticLayer: Resizing static layer to 484 X 391 at 0.050000 m/pix
[waypoint_follower-18] [INFO] [1790988952.161678530] [waypoint_follower]: Task execution at waypoint 20 succeeded
[waypoint_follower-18] [INFO] [1790988952.161714572] [waypoint_follower]: Handled task execution on waypoint 20, moving to next.
[bt_navigator-17] [INFO] [1790988952.162105129] [bt_navigator]: Begin navigating from current location (2.37, -0.01) to (2.69, -0.01)
[controller_server-12] [INFO] [1790988952.182583350] [controller_server]: Received a goal, begin computing control effort.
[planner_server-14] [INFO] [1790988952.494893235] [global_costmap.global_costmap]: StaticLayer: Resizing costmap to 484 X 391 at 0.050000 m/pix
[controller_server-12] [INFO] [1790988952.835821220] [controller_server]: Reached the goal!
[controller_server-12] [INFO] [1790988952.835974275] [controller_server]: Optimizer reset
[bt_navigator-17] [INFO] [1790988952.862312986] [bt_navigator]: Goal succeeded
[waypoint_follower-18] [INFO] [1790988953.515203417] [waypoint_follower]: Succeeded processing waypoint 21, processing waypoint task execution
[waypoint_follower-18] [INFO] [1790988953.515235861] [waypoint_follower]: Arrived at 21'th waypoint, sleeping for 200 milliseconds
[waypoint_follower-18] [INFO] [1790988953.715622760] [waypoint_follower]: Task execution at waypoint 21 succeeded
[waypoint_follower-18] [INFO] [1790988953.715665826] [waypoint_follower]: Handled task execution on waypoint 21, moving to next.
[bt_navigator-17] [INFO] [1790988953.716477182] [bt_navigator]: Begin navigating from current location (2.47, -0.01) to (3.00, 0.00)
[controller_server-12] [INFO] [1790988953.736980522] [controller_server]: Received a goal, begin computing control effort.
[controller_server-12] [INFO] [1790988954.787092433] [controller_server]: Passing new path to controller.
[controller_server-12] [INFO] [1790988955.032218341] [local_costmap.local_costmap]: StaticLayer: Resizing static layer to 486 X 391 at 0.050000 m/pix
[controller_server-12] [INFO] [1790988955.290257420] [controller_server]: Reached the goal!
[controller_server-12] [INFO] [1790988955.290465214] [controller_server]: Optimizer reset
[bt_navigator-17] [INFO] [1790988955.316682602] [bt_navigator]: Goal succeeded
[planner_server-14] [INFO] [1790988955.494894387] [global_costmap.global_costmap]: StaticLayer: Resizing costmap to 486 X 391 at 0.050000 m/pix
[waypoint_follower-18] [INFO] [1790988955.972053955] [waypoint_follower]: Succeeded processing waypoint 22, processing waypoint task execution
[waypoint_follower-18] [INFO] [1790988955.972083143] [waypoint_follower]: Arrived at 22'th waypoint, sleeping for 200 milliseconds
[controller_server-12] [INFO] [1790988956.032225578] [local_costmap.local_costmap]: StaticLayer: Resizing static layer to 500 X 391 at 0.050000 m/pix
[waypoint_follower-18] [INFO] [1790988956.172646424] [waypoint_follower]: Task execution at waypoint 22 succeeded
[waypoint_follower-18] [INFO] [1790988956.172685983] [waypoint_follower]: Handled task execution on waypoint 22, moving to next.
[bt_navigator-17] [INFO] [1790988956.173057212] [bt_navigator]: Begin navigating from current location (2.78, 0.00) to (2.75, -0.01)
[controller_server-12] [INFO] [1790988956.193496304] [controller_server]: Received a goal, begin computing control effort.
[controller_server-12] [INFO] [1790988956.196896906] [controller_server]: Reached the goal!
[controller_server-12] [INFO] [1790988956.197049389] [controller_server]: Optimizer reset
[bt_navigator-17] [INFO] [1790988956.223249212] [bt_navigator]: Goal succeeded
[planner_server-14] [INFO] [1790988956.494892780] [global_costmap.global_costmap]: StaticLayer: Resizing costmap to 500 X 391 at 0.050000 m/pix
[waypoint_follower-18] [INFO] [1790988956.573840853] [waypoint_follower]: Succeeded processing waypoint 23, processing waypoint task execution
[waypoint_follower-18] [INFO] [1790988956.573870372] [waypoint_follower]: Arrived at 23'th waypoint, sleeping for 200 milliseconds
[waypoint_follower-18] [INFO] [1790988956.772622947] [waypoint_follower]: Task execution at waypoint 23 succeeded
[waypoint_follower-18] [INFO] [1790988956.772664981] [waypoint_follower]: Handled task execution on waypoint 23, moving to next.
[bt_navigator-17] [INFO] [1790988956.773275427] [bt_navigator]: Begin navigating from current location (2.78, 0.00) to (2.74, -0.01)
[controller_server-12] [INFO] [1790988956.793753005] [controller_server]: Received a goal, begin computing control effort.
[controller_server-12] [INFO] [1790988956.798395590] [controller_server]: Reached the goal!
[controller_server-12] [INFO] [1790988956.798611700] [controller_server]: Optimizer reset
[bt_navigator-17] [INFO] [1790988956.823483779] [bt_navigator]: Goal succeeded
[waypoint_follower-18] [INFO] [1790988957.124044349] [waypoint_follower]: Succeeded processing waypoint 24, processing waypoint task execution
[waypoint_follower-18] [INFO] [1790988957.124081533] [waypoint_follower]: Arrived at 24'th waypoint, sleeping for 200 milliseconds
[waypoint_follower-18] [INFO] [1790988957.324620834] [waypoint_follower]: Task execution at waypoint 24 succeeded
[waypoint_follower-18] [INFO] [1790988957.324656836] [waypoint_follower]: Handled task execution on waypoint 24, moving to next.
[bt_navigator-17] [INFO] [1790988957.325230969] [bt_navigator]: Begin navigating from current location (2.78, 0.00) to (2.74, -0.01)
[controller_server-12] [INFO] [1790988957.345849297] [controller_server]: Received a goal, begin computing control effort.
[controller_server-12] [INFO] [1790988958.098875243] [controller_server]: Reached the goal!
[controller_server-12] [INFO] [1790988958.099094369] [controller_server]: Optimizer reset
[bt_navigator-17] [INFO] [1790988958.125448329] [bt_navigator]: Goal succeeded
[waypoint_follower-18] [INFO] [1790988958.728537273] [waypoint_follower]: Succeeded processing waypoint 25, processing waypoint task execution
[waypoint_follower-18] [INFO] [1790988958.728575960] [waypoint_follower]: Arrived at 25'th waypoint, sleeping for 200 milliseconds
[waypoint_follower-18] [INFO] [1790988958.926614269] [waypoint_follower]: Task execution at waypoint 25 succeeded
[waypoint_follower-18] [INFO] [1790988958.926658877] [waypoint_follower]: Handled task execution on waypoint 25, moving to next.
[bt_navigator-17] [INFO] [1790988958.927437588] [bt_navigator]: Begin navigating from current location (2.76, 0.00) to (2.75, -0.01)
[controller_server-12] [INFO] [1790988958.947993551] [controller_server]: Received a goal, begin computing control effort.
[controller_server-12] [INFO] [1790988959.502332723] [controller_server]: Reached the goal!
[controller_server-12] [INFO] [1790988959.502600205] [controller_server]: Optimizer reset
[bt_navigator-17] [INFO] [1790988959.527629717] [bt_navigator]: Goal succeeded
[waypoint_follower-18] [INFO] [1790988960.180223070] [waypoint_follower]: Succeeded processing waypoint 26, processing waypoint task execution
[waypoint_follower-18] [INFO] [1790988960.180252959] [waypoint_follower]: Arrived at 26'th waypoint, sleeping for 200 milliseconds
[waypoint_follower-18] [INFO] [1790988960.378658654] [waypoint_follower]: Task execution at waypoint 26 succeeded
[waypoint_follower-18] [INFO] [1790988960.378707100] [waypoint_follower]: Handled task execution on waypoint 26, moving to next.
[bt_navigator-17] [INFO] [1790988960.379064823] [bt_navigator]: Begin navigating from current location (2.76, 0.00) to (2.76, -0.00)
[controller_server-12] [INFO] [1790988960.399519745] [controller_server]: Received a goal, begin computing control effort.
[controller_server-12] [INFO] [1790988961.403326325] [controller_server]: Reached the goal!
[controller_server-12] [INFO] [1790988961.403510001] [controller_server]: Optimizer reset
[bt_navigator-17] [INFO] [1790988961.429301779] [bt_navigator]: Goal succeeded
[waypoint_follower-18] [INFO] [1790988962.082909946] [waypoint_follower]: Succeeded processing waypoint 27, processing waypoint task execution
[waypoint_follower-18] [INFO] [1790988962.082948032] [waypoint_follower]: Arrived at 27'th waypoint, sleeping for 200 milliseconds
[waypoint_follower-18] [INFO] [1790988962.283601437] [waypoint_follower]: Task execution at waypoint 27 succeeded
[waypoint_follower-18] [INFO] [1790988962.283645204] [waypoint_follower]: Handled task execution on waypoint 27, moving to next.
[bt_navigator-17] [INFO] [1790988962.284433885] [bt_navigator]: Begin navigating from current location (2.76, 0.00) to (2.77, 0.00)
[controller_server-12] [INFO] [1790988962.304986460] [controller_server]: Received a goal, begin computing control effort.
[controller_server-12] [INFO] [1790988963.160161021] [controller_server]: Reached the goal!
[controller_server-12] [INFO] [1790988963.160884963] [controller_server]: Optimizer reset
[bt_navigator-17] [INFO] [1790988963.184650616] [bt_navigator]: Goal succeeded
[waypoint_follower-18] [INFO] [1790988963.837974972] [waypoint_follower]: Succeeded processing waypoint 28, processing waypoint task execution
[waypoint_follower-18] [INFO] [1790988963.838012988] [waypoint_follower]: Arrived at 28'th waypoint, sleeping for 200 milliseconds
[waypoint_follower-18] [INFO] [1790988964.038635068] [waypoint_follower]: Task execution at waypoint 28 succeeded
[waypoint_follower-18] [INFO] [1790988964.038678103] [waypoint_follower]: Handled task execution on waypoint 28, moving to next.
[bt_navigator-17] [INFO] [1790988964.039072218] [bt_navigator]: Begin navigating from current location (2.76, 0.00) to (2.77, 0.01)
[controller_server-12] [INFO] [1790988964.059550866] [controller_server]: Received a goal, begin computing control effort.
[controller_server-12] [INFO] [1790988964.713446801] [controller_server]: Reached the goal!
[controller_server-12] [INFO] [1790988964.714411813] [controller_server]: Optimizer reset
[bt_navigator-17] [INFO] [1790988964.739334941] [bt_navigator]: Goal succeeded
[waypoint_follower-18] [INFO] [1790988965.393208286] [waypoint_follower]: Succeeded processing waypoint 29, processing waypoint task execution
[waypoint_follower-18] [INFO] [1790988965.393241753] [waypoint_follower]: Arrived at 29'th waypoint, sleeping for 200 milliseconds
[waypoint_follower-18] [INFO] [1790988965.592649479] [waypoint_follower]: Task execution at waypoint 29 succeeded
[waypoint_follower-18] [INFO] [1790988965.592686172] [waypoint_follower]: Handled task execution on waypoint 29, moving to next.
[bt_navigator-17] [INFO] [1790988965.593168453] [bt_navigator]: Begin navigating from current location (2.77, 0.01) to (2.79, 0.04)
[controller_server-12] [INFO] [1790988965.613645648] [controller_server]: Received a goal, begin computing control effort.
[controller_server-12] [INFO] [1790988966.663787773] [controller_server]: Passing new path to controller.
[controller_server-12] [INFO] [1790988966.717582740] [controller_server]: Reached the goal!
[controller_server-12] [INFO] [1790988966.717859391] [controller_server]: Optimizer reset
[bt_navigator-17] [INFO] [1790988966.743428334] [bt_navigator]: Goal succeeded
[waypoint_follower-18] [INFO] [1790988967.397333486] [waypoint_follower]: Succeeded processing waypoint 30, processing waypoint task execution
[waypoint_follower-18] [INFO] [1790988967.397362654] [waypoint_follower]: Arrived at 30'th waypoint, sleeping for 200 milliseconds
[waypoint_follower-18] [INFO] [1790988967.596622461] [waypoint_follower]: Task execution at waypoint 30 succeeded
[waypoint_follower-18] [INFO] [1790988967.596659234] [waypoint_follower]: Handled task execution on waypoint 30, moving to next.
[bt_navigator-17] [INFO] [1790988967.597022207] [bt_navigator]: Begin navigating from current location (2.79, 0.03) to (2.80, 0.08)
[controller_server-12] [INFO] [1790988967.617497337] [controller_server]: Received a goal, begin computing control effort.
[controller_server-12] [INFO] [1790988968.321391348] [controller_server]: Reached the goal!
[controller_server-12] [INFO] [1790988968.321638781] [controller_server]: Optimizer reset
[bt_navigator-17] [INFO] [1790988968.347253655] [bt_navigator]: Goal succeeded
[waypoint_follower-18] [INFO] [1790988969.000344473] [waypoint_follower]: Succeeded processing waypoint 31, processing waypoint task execution
[waypoint_follower-18] [INFO] [1790988969.000373050] [waypoint_follower]: Arrived at 31'th waypoint, sleeping for 200 milliseconds
[waypoint_follower-18] [INFO] [1790988969.198622940] [waypoint_follower]: Task execution at waypoint 31 succeeded
[waypoint_follower-18] [INFO] [1790988969.198666006] [waypoint_follower]: Handled task execution on waypoint 31, moving to next.
[bt_navigator-17] [INFO] [1790988969.199017476] [bt_navigator]: Begin navigating from current location (2.80, 0.05) to (2.81, 0.17)
[controller_server-12] [INFO] [1790988969.219435612] [controller_server]: Received a goal, begin computing control effort.
[controller_server-12] [INFO] [1790988969.973559797] [controller_server]: Reached the goal!
[controller_server-12] [INFO] [1790988969.973784815] [controller_server]: Optimizer reset
[bt_navigator-17] [INFO] [1790988969.999208438] [bt_navigator]: Goal succeeded
[controller_server-12] [INFO] [1790988970.032216693] [local_costmap.local_costmap]: StaticLayer: Resizing static layer to 501 X 391 at 0.050000 m/pix
[planner_server-14] [INFO] [1790988970.494908468] [global_costmap.global_costmap]: StaticLayer: Resizing costmap to 501 X 391 at 0.050000 m/pix
[waypoint_follower-18] [INFO] [1790988970.652757100] [waypoint_follower]: Succeeded processing waypoint 32, processing waypoint task execution
[waypoint_follower-18] [INFO] [1790988970.652786839] [waypoint_follower]: Arrived at 32'th waypoint, sleeping for 200 milliseconds
[waypoint_follower-18] [INFO] [1790988970.851642945] [waypoint_follower]: Task execution at waypoint 32 succeeded
[waypoint_follower-18] [INFO] [1790988970.851681040] [waypoint_follower]: Handled task execution on waypoint 32, moving to next.
[bt_navigator-17] [INFO] [1790988970.852007260] [bt_navigator]: Begin navigating from current location (2.83, 0.08) to (2.84, 0.27)
[controller_server-12] [INFO] [1790988970.872442119] [controller_server]: Received a goal, begin computing control effort.
[controller_server-12] [INFO] [1790988971.676297348] [controller_server]: Reached the goal!
[controller_server-12] [INFO] [1790988971.676460432] [controller_server]: Optimizer reset
[bt_navigator-17] [INFO] [1790988971.702212980] [bt_navigator]: Goal succeeded
[waypoint_follower-18] [INFO] [1790988972.355603584] [waypoint_follower]: Succeeded processing waypoint 33, processing waypoint task execution
[waypoint_follower-18] [INFO] [1790988972.355640187] [waypoint_follower]: Arrived at 33'th waypoint, sleeping for 200 milliseconds
[waypoint_follower-18] [INFO] [1790988972.555664082] [waypoint_follower]: Task execution at waypoint 33 succeeded
[waypoint_follower-18] [INFO] [1790988972.555713721] [waypoint_follower]: Handled task execution on waypoint 33, moving to next.
[bt_navigator-17] [INFO] [1790988972.556558453] [bt_navigator]: Begin navigating from current location (2.86, 0.14) to (2.84, 0.37)
[controller_server-12] [INFO] [1790988972.577070996] [controller_server]: Received a goal, begin computing control effort.
[controller_server-12] [INFO] [1790988973.031161382] [controller_server]: Reached the goal!
[controller_server-12] [INFO] [1790988973.031413344] [controller_server]: Optimizer reset
[bt_navigator-17] [INFO] [1790988973.056817046] [bt_navigator]: Goal succeeded
[waypoint_follower-18] [INFO] [1790988973.709221655] [waypoint_follower]: Succeeded processing waypoint 34, processing waypoint task execution
[waypoint_follower-18] [INFO] [1790988973.709250532] [waypoint_follower]: Arrived at 34'th waypoint, sleeping for 200 milliseconds
[waypoint_follower-18] [INFO] [1790988973.908684410] [waypoint_follower]: Task execution at waypoint 34 succeeded
[waypoint_follower-18] [INFO] [1790988973.908730281] [waypoint_follower]: Handled task execution on waypoint 34, moving to next.
[bt_navigator-17] [INFO] [1790988973.909133665] [bt_navigator]: Begin navigating from current location (2.87, 0.18) to (2.82, 0.52)
[controller_server-12] [INFO] [1790988973.929641208] [controller_server]: Received a goal, begin computing control effort.
[controller_server-12] [INFO] [1790988974.733780079] [controller_server]: Reached the goal!
[controller_server-12] [INFO] [1790988974.734052762] [controller_server]: Optimizer reset
[bt_navigator-17] [INFO] [1790988974.759346554] [bt_navigator]: Goal succeeded
[waypoint_follower-18] [INFO] [1790988975.412575671] [waypoint_follower]: Succeeded processing waypoint 35, processing waypoint task execution
[waypoint_follower-18] [INFO] [1790988975.412605020] [waypoint_follower]: Arrived at 35'th waypoint, sleeping for 200 milliseconds
[waypoint_follower-18] [INFO] [1790988975.612651993] [waypoint_follower]: Task execution at waypoint 35 succeeded
[waypoint_follower-18] [INFO] [1790988975.612687945] [waypoint_follower]: Handled task execution on waypoint 35, moving to next.
[bt_navigator-17] [INFO] [1790988975.613191387] [bt_navigator]: Begin navigating from current location (2.90, 0.31) to (2.83, 0.63)
[controller_server-12] [INFO] [1790988975.633698168] [controller_server]: Received a goal, begin computing control effort.
[controller_server-12] [INFO] [1790988976.388048830] [controller_server]: Reached the goal!
[controller_server-12] [INFO] [1790988976.388243407] [controller_server]: Optimizer reset
[bt_navigator-17] [INFO] [1790988976.413395327] [bt_navigator]: Goal succeeded
[waypoint_follower-18] [INFO] [1790988977.066428972] [waypoint_follower]: Succeeded processing waypoint 36, processing waypoint task execution
[waypoint_follower-18] [INFO] [1790988977.066457388] [waypoint_follower]: Arrived at 36'th waypoint, sleeping for 200 milliseconds
[waypoint_follower-18] [INFO] [1790988977.265699263] [waypoint_follower]: Task execution at waypoint 36 succeeded
[waypoint_follower-18] [INFO] [1790988977.265735045] [waypoint_follower]: Handled task execution on waypoint 36, moving to next.
[bt_navigator-17] [INFO] [1790988977.266094841] [bt_navigator]: Begin navigating from current location (2.90, 0.42) to (2.84, 0.74)
[controller_server-12] [INFO] [1790988977.286545169] [controller_server]: Received a goal, begin computing control effort.
[controller_server-12] [INFO] [1790988978.041493596] [controller_server]: Reached the goal!
[controller_server-12] [INFO] [1790988978.041864625] [controller_server]: Optimizer reset
[bt_navigator-17] [INFO] [1790988978.066297201] [bt_navigator]: Goal succeeded
[waypoint_follower-18] [INFO] [1790988978.719350359] [waypoint_follower]: Succeeded processing waypoint 37, processing waypoint task execution
[waypoint_follower-18] [INFO] [1790988978.719378806] [waypoint_follower]: Arrived at 37'th waypoint, sleeping for 200 milliseconds
[waypoint_follower-18] [INFO] [1790988978.918641390] [waypoint_follower]: Task execution at waypoint 37 succeeded
[waypoint_follower-18] [INFO] [1790988978.918683834] [waypoint_follower]: Handled task execution on waypoint 37, moving to next.
[bt_navigator-17] [INFO] [1790988978.919060785] [bt_navigator]: Begin navigating from current location (2.90, 0.53) to (2.84, 0.85)
[controller_server-12] [INFO] [1790988978.939575992] [controller_server]: Received a goal, begin computing control effort.
[controller_server-12] [INFO] [1790988979.593742729] [controller_server]: Reached the goal!
[controller_server-12] [INFO] [1790988979.594366431] [controller_server]: Optimizer reset
[bt_navigator-17] [INFO] [1790988979.619260226] [bt_navigator]: Goal succeeded
[controller_server-12] [INFO] [1790988980.032216581] [local_costmap.local_costmap]: StaticLayer: Resizing static layer to 505 X 391 at 0.050000 m/pix
[waypoint_follower-18] [INFO] [1790988980.272083584] [waypoint_follower]: Succeeded processing waypoint 38, processing waypoint task execution
[waypoint_follower-18] [INFO] [1790988980.272120427] [waypoint_follower]: Arrived at 38'th waypoint, sleeping for 200 milliseconds
[waypoint_follower-18] [INFO] [1790988980.472638656] [waypoint_follower]: Task execution at waypoint 38 succeeded
[waypoint_follower-18] [INFO] [1790988980.472971499] [waypoint_follower]: Handled task execution on waypoint 38, moving to next.
[bt_navigator-17] [INFO] [1790988980.473377357] [bt_navigator]: Begin navigating from current location (2.91, 0.62) to (2.83, 0.98)
[controller_server-12] [INFO] [1790988980.493868936] [controller_server]: Received a goal, begin computing control effort.
[planner_server-14] [INFO] [1790988980.494889649] [global_costmap.global_costmap]: StaticLayer: Resizing costmap to 505 X 391 at 0.050000 m/pix
[controller_server-12] [INFO] [1790988981.347833274] [controller_server]: Reached the goal!
[controller_server-12] [INFO] [1790988981.348576935] [controller_server]: Optimizer reset
[bt_navigator-17] [INFO] [1790988981.373570648] [bt_navigator]: Goal succeeded
[waypoint_follower-18] [INFO] [1790988982.026893638] [waypoint_follower]: Succeeded processing waypoint 39, processing waypoint task execution
[waypoint_follower-18] [INFO] [1790988982.026927876] [waypoint_follower]: Arrived at 39'th waypoint, sleeping for 200 milliseconds
[waypoint_follower-18] [INFO] [1790988982.227611669] [waypoint_follower]: Task execution at waypoint 39 succeeded
[waypoint_follower-18] [INFO] [1790988982.227653021] [waypoint_follower]: Handled task execution on waypoint 39, moving to next.
[bt_navigator-17] [INFO] [1790988982.227994350] [bt_navigator]: Begin navigating from current location (2.90, 0.76) to (2.81, 1.10)
[controller_server-12] [INFO] [1790988982.248504667] [controller_server]: Received a goal, begin computing control effort.
[controller_server-12] [INFO] [1790988983.052483755] [controller_server]: Reached the goal!
[controller_server-12] [INFO] [1790988983.052764054] [controller_server]: Optimizer reset
[bt_navigator-17] [INFO] [1790988983.078188273] [bt_navigator]: Goal succeeded
[waypoint_follower-18] [INFO] [1790988983.731459263] [waypoint_follower]: Succeeded processing waypoint 40, processing waypoint task execution
[waypoint_follower-18] [INFO] [1790988983.731489523] [waypoint_follower]: Arrived at 40'th waypoint, sleeping for 200 milliseconds
[waypoint_follower-18] [INFO] [1790988983.931626645] [waypoint_follower]: Task execution at waypoint 40 succeeded
[waypoint_follower-18] [INFO] [1790988983.931663468] [waypoint_follower]: Handled task execution on waypoint 40, moving to next.
[bt_navigator-17] [INFO] [1790988983.932056671] [bt_navigator]: Begin navigating from current location (2.89, 0.89) to (2.81, 1.20)
[controller_server-12] [INFO] [1790988983.952545414] [controller_server]: Received a goal, begin computing control effort.
[controller_server-12] [INFO] [1790988984.656622120] [controller_server]: Reached the goal!
[controller_server-12] [INFO] [1790988984.656854542] [controller_server]: Optimizer reset
[bt_navigator-17] [INFO] [1790988984.682249193] [bt_navigator]: Goal succeeded
[waypoint_follower-18] [INFO] [1790988985.335328148] [waypoint_follower]: Succeeded processing waypoint 41, processing waypoint task execution
[waypoint_follower-18] [INFO] [1790988985.335359440] [waypoint_follower]: Arrived at 41'th waypoint, sleeping for 200 milliseconds
[waypoint_follower-18] [INFO] [1790988985.533631364] [waypoint_follower]: Task execution at waypoint 41 succeeded
[waypoint_follower-18] [INFO] [1790988985.533671834] [waypoint_follower]: Handled task execution on waypoint 41, moving to next.
[bt_navigator-17] [INFO] [1790988985.534464222] [bt_navigator]: Begin navigating from current location (2.89, 0.99) to (2.83, 1.35)
[controller_server-12] [INFO] [1790988985.555061200] [controller_server]: Received a goal, begin computing control effort.
[controller_server-12] [INFO] [1790988986.408696577] [controller_server]: Reached the goal!
[controller_server-12] [INFO] [1790988986.408865904] [controller_server]: Optimizer reset
[bt_navigator-17] [INFO] [1790988986.434667214] [bt_navigator]: Goal succeeded
[waypoint_follower-18] [INFO] [1790988987.088229187] [waypoint_follower]: Succeeded processing waypoint 42, processing waypoint task execution
[waypoint_follower-18] [INFO] [1790988987.088265750] [waypoint_follower]: Arrived at 42'th waypoint, sleeping for 200 milliseconds
[waypoint_follower-18] [INFO] [1790988987.288613721] [waypoint_follower]: Task execution at waypoint 42 succeeded
[waypoint_follower-18] [INFO] [1790988987.288655244] [waypoint_follower]: Handled task execution on waypoint 42, moving to next.
[bt_navigator-17] [INFO] [1790988987.289207424] [bt_navigator]: Begin navigating from current location (2.87, 1.14) to (2.82, 1.52)
[controller_server-12] [INFO] [1790988987.309676637] [controller_server]: Received a goal, begin computing control effort.
[controller_server-12] [INFO] [1790988988.313817281] [controller_server]: Reached the goal!
[controller_server-12] [INFO] [1790988988.314010065] [controller_server]: Optimizer reset
[bt_navigator-17] [INFO] [1790988988.339471457] [bt_navigator]: Goal succeeded
[waypoint_follower-18] [INFO] [1790988988.993321208] [waypoint_follower]: Succeeded processing waypoint 43, processing waypoint task execution
[waypoint_follower-18] [INFO] [1790988988.993360887] [waypoint_follower]: Arrived at 43'th waypoint, sleeping for 200 milliseconds
[waypoint_follower-18] [INFO] [1790988989.193683654] [waypoint_follower]: Task execution at waypoint 43 succeeded
[waypoint_follower-18] [INFO] [1790988989.193716429] [waypoint_follower]: Handled task execution on waypoint 43, moving to next.
[bt_navigator-17] [INFO] [1790988989.194129421] [bt_navigator]: Begin navigating from current location (2.89, 1.31) to (2.81, 1.68)
[controller_server-12] [INFO] [1790988989.214750195] [controller_server]: Received a goal, begin computing control effort.
[controller_server-12] [INFO] [1790988990.168236478] [controller_server]: Reached the goal!
[controller_server-12] [INFO] [1790988990.168487658] [controller_server]: Optimizer reset
[bt_navigator-17] [INFO] [1790988990.194326391] [bt_navigator]: Goal succeeded
[waypoint_follower-18] [INFO] [1790988990.847982098] [waypoint_follower]: Succeeded processing waypoint 44, processing waypoint task execution
[waypoint_follower-18] [INFO] [1790988990.848012719] [waypoint_follower]: Arrived at 44'th waypoint, sleeping for 200 milliseconds
[waypoint_follower-18] [INFO] [1790988991.047658204] [waypoint_follower]: Task execution at waypoint 44 succeeded
[waypoint_follower-18] [INFO] [1790988991.047703294] [waypoint_follower]: Handled task execution on waypoint 44, moving to next.
[bt_navigator-17] [INFO] [1790988991.048162709] [bt_navigator]: Begin navigating from current location (2.88, 1.48) to (2.82, 1.80)
[controller_server-12] [INFO] [1790988991.068678694] [controller_server]: Received a goal, begin computing control effort.
[controller_server-12] [INFO] [1790988991.772833702] [controller_server]: Reached the goal!
[controller_server-12] [INFO] [1790988991.773105443] [controller_server]: Optimizer reset
[bt_navigator-17] [INFO] [1790988991.798387688] [bt_navigator]: Goal succeeded
[waypoint_follower-18] [INFO] [1790988992.451480270] [waypoint_follower]: Succeeded processing waypoint 45, processing waypoint task execution
[waypoint_follower-18] [INFO] [1790988992.451509629] [waypoint_follower]: Arrived at 45'th waypoint, sleeping for 200 milliseconds
[waypoint_follower-18] [INFO] [1790988992.649963607] [waypoint_follower]: Task execution at waypoint 45 succeeded
[waypoint_follower-18] [INFO] [1790988992.649997364] [waypoint_follower]: Handled task execution on waypoint 45, moving to next.
[bt_navigator-17] [INFO] [1790988992.650360277] [bt_navigator]: Begin navigating from current location (2.88, 1.59) to (2.82, 1.92)
[controller_server-12] [INFO] [1790988992.670862936] [controller_server]: Received a goal, begin computing control effort.
[controller_server-12] [INFO] [1790988993.475463224] [controller_server]: Reached the goal!
[controller_server-12] [INFO] [1790988993.475674024] [controller_server]: Optimizer reset
[bt_navigator-17] [INFO] [1790988993.500562553] [bt_navigator]: Goal succeeded
[waypoint_follower-18] [INFO] [1790988994.154084468] [waypoint_follower]: Succeeded processing waypoint 46, processing waypoint task execution
[waypoint_follower-18] [INFO] [1790988994.154117704] [waypoint_follower]: Arrived at 46'th waypoint, sleeping for 200 milliseconds
[waypoint_follower-18] [INFO] [1790988994.353616358] [waypoint_follower]: Task execution at waypoint 46 succeeded
[waypoint_follower-18] [INFO] [1790988994.353659994] [waypoint_follower]: Handled task execution on waypoint 46, moving to next.
[bt_navigator-17] [INFO] [1790988994.354550848] [bt_navigator]: Begin navigating from current location (2.88, 1.70) to (2.84, 2.04)
[controller_server-12] [INFO] [1790988994.375458943] [controller_server]: Received a goal, begin computing control effort.
[controller_server-12] [INFO] [1790988995.129295622] [controller_server]: Reached the goal!
[controller_server-12] [INFO] [1790988995.129466042] [controller_server]: Optimizer reset
[bt_navigator-17] [INFO] [1790988995.154785008] [bt_navigator]: Goal succeeded
[waypoint_follower-18] [INFO] [1790988995.807971461] [waypoint_follower]: Succeeded processing waypoint 47, processing waypoint task execution
[waypoint_follower-18] [INFO] [1790988995.808002833] [waypoint_follower]: Arrived at 47'th waypoint, sleeping for 200 milliseconds
[waypoint_follower-18] [INFO] [1790988996.006661792] [waypoint_follower]: Task execution at waypoint 47 succeeded
[waypoint_follower-18] [INFO] [1790988996.006701070] [waypoint_follower]: Handled task execution on waypoint 47, moving to next.
[bt_navigator-17] [INFO] [1790988996.007083291] [bt_navigator]: Begin navigating from current location (2.89, 1.82) to (2.84, 2.16)
[controller_server-12] [INFO] [1790988996.027613934] [controller_server]: Received a goal, begin computing control effort.
[controller_server-12] [INFO] [1790988996.831549495] [controller_server]: Reached the goal!
[controller_server-12] [INFO] [1790988996.831801186] [controller_server]: Optimizer reset
[bt_navigator-17] [INFO] [1790988996.857295441] [bt_navigator]: Goal succeeded
[waypoint_follower-18] [INFO] [1790988997.510623551] [waypoint_follower]: Succeeded processing waypoint 48, processing waypoint task execution
[waypoint_follower-18] [INFO] [1790988997.510653590] [waypoint_follower]: Arrived at 48'th waypoint, sleeping for 200 milliseconds
[waypoint_follower-18] [INFO] [1790988997.710658594] [waypoint_follower]: Task execution at waypoint 48 succeeded
[waypoint_follower-18] [INFO] [1790988997.710696299] [waypoint_follower]: Handled task execution on waypoint 48, moving to next.
[bt_navigator-17] [INFO] [1790988997.711057589] [bt_navigator]: Begin navigating from current location (2.89, 1.94) to (2.84, 2.29)
[controller_server-12] [INFO] [1790988997.731520848] [controller_server]: Received a goal, begin computing control effort.
[controller_server-12] [INFO] [1790988998.535421783] [controller_server]: Reached the goal!
[controller_server-12] [INFO] [1790988998.535674646] [controller_server]: Optimizer reset
[bt_navigator-17] [INFO] [1790988998.561290071] [bt_navigator]: Goal succeeded
[controller_server-12] [INFO] [1790988999.032217006] [local_costmap.local_costmap]: StaticLayer: Resizing static layer to 508 X 391 at 0.050000 m/pix
[waypoint_follower-18] [INFO] [1790988999.214478992] [waypoint_follower]: Succeeded processing waypoint 49, processing waypoint task execution
[waypoint_follower-18] [INFO] [1790988999.214508060] [waypoint_follower]: Arrived at 49'th waypoint, sleeping for 200 milliseconds
[waypoint_follower-18] [INFO] [1790988999.414642727] [waypoint_follower]: Task execution at waypoint 49 succeeded
[waypoint_follower-18] [INFO] [1790988999.414687486] [waypoint_follower]: Handled task execution on waypoint 49, moving to next.
[bt_navigator-17] [INFO] [1790988999.415457589] [bt_navigator]: Begin navigating from current location (2.90, 2.08) to (2.86, 2.44)
[controller_server-12] [INFO] [1790988999.435998051] [controller_server]: Received a goal, begin computing control effort.
[planner_server-14] [INFO] [1790988999.494890494] [global_costmap.global_costmap]: StaticLayer: Resizing costmap to 508 X 391 at 0.050000 m/pix
[controller_server-12] [INFO] [1790989000.340497440] [controller_server]: Reached the goal!
[controller_server-12] [INFO] [1790989000.340803639] [controller_server]: Optimizer reset
[bt_navigator-17] [INFO] [1790989000.365697968] [bt_navigator]: Goal succeeded
[waypoint_follower-18] [INFO] [1790989001.019199868] [waypoint_follower]: Succeeded processing waypoint 50, processing waypoint task execution
[waypoint_follower-18] [INFO] [1790989001.019229547] [waypoint_follower]: Arrived at 50'th waypoint, sleeping for 200 milliseconds
[waypoint_follower-18] [INFO] [1790989001.217610709] [waypoint_follower]: Task execution at waypoint 50 succeeded
[waypoint_follower-18] [INFO] [1790989001.217646159] [waypoint_follower]: Handled task execution on waypoint 50, moving to next.
[bt_navigator-17] [INFO] [1790989001.217984362] [bt_navigator]: Begin navigating from current location (2.91, 2.23) to (2.89, 2.56)
[controller_server-12] [INFO] [1790989001.238453502] [controller_server]: Received a goal, begin computing control effort.
[controller_server-12] [INFO] [1790989001.943044501] [controller_server]: Reached the goal!
[controller_server-12] [INFO] [1790989001.943301673] [controller_server]: Optimizer reset
[bt_navigator-17] [INFO] [1790989001.968186392] [bt_navigator]: Goal succeeded
[waypoint_follower-18] [INFO] [1790989002.621100236] [waypoint_follower]: Succeeded processing waypoint 51, processing waypoint task execution
[waypoint_follower-18] [INFO] [1790989002.621128913] [waypoint_follower]: Arrived at 51'th waypoint, sleeping for 200 milliseconds
[waypoint_follower-18] [INFO] [1790989002.819641694] [waypoint_follower]: Task execution at waypoint 51 succeeded
[waypoint_follower-18] [INFO] [1790989002.819680541] [waypoint_follower]: Handled task execution on waypoint 51, moving to next.
[bt_navigator-17] [INFO] [1790989002.820054686] [bt_navigator]: Begin navigating from current location (2.92, 2.33) to (2.89, 2.66)
[controller_server-12] [INFO] [1790989002.840567693] [controller_server]: Received a goal, begin computing control effort.
[controller_server-12] [INFO] [1790989003.544864340] [controller_server]: Reached the goal!
[controller_server-12] [INFO] [1790989003.545099138] [controller_server]: Optimizer reset
[bt_navigator-17] [INFO] [1790989003.570260467] [bt_navigator]: Goal succeeded
[controller_server-12] [INFO] [1790989004.032220462] [local_costmap.local_costmap]: StaticLayer: Resizing static layer to 517 X 391 at 0.050000 m/pix
[waypoint_follower-18] [INFO] [1790989004.223157938] [waypoint_follower]: Succeeded processing waypoint 52, processing waypoint task execution
[waypoint_follower-18] [INFO] [1790989004.223187436] [waypoint_follower]: Arrived at 52'th waypoint, sleeping for 200 milliseconds
[waypoint_follower-18] [INFO] [1790989004.421627538] [waypoint_follower]: Task execution at waypoint 52 succeeded
[waypoint_follower-18] [INFO] [1790989004.421668529] [waypoint_follower]: Handled task execution on waypoint 52, moving to next.
[bt_navigator-17] [INFO] [1790989004.422241750] [bt_navigator]: Begin navigating from current location (2.93, 2.44) to (3.00, 3.00)
[controller_server-12] [INFO] [1790989004.442867440] [controller_server]: Received a goal, begin computing control effort.
[planner_server-14] [INFO] [1790989004.494891957] [global_costmap.global_costmap]: StaticLayer: Resizing costmap to 517 X 391 at 0.050000 m/pix
[controller_server-12] [INFO] [1790989005.493007614] [controller_server]: Passing new path to controller.
[controller_server-12] [INFO] [1790989005.996861146] [controller_server]: Reached the goal!
[controller_server-12] [INFO] [1790989005.997072035] [controller_server]: Optimizer reset
[bt_navigator-17] [INFO] [1790989006.022431899] [bt_navigator]: Goal succeeded
[controller_server-12] [INFO] [1790989006.032225055] [local_costmap.local_costmap]: StaticLayer: Resizing static layer to 517 X 392 at 0.050000 m/pix
[planner_server-14] [INFO] [1790989006.494901228] [global_costmap.global_costmap]: StaticLayer: Resizing costmap to 517 X 392 at 0.050000 m/pix
[waypoint_follower-18] [INFO] [1790989006.677568105] [waypoint_follower]: Succeeded processing waypoint 53, processing waypoint task execution
[waypoint_follower-18] [INFO] [1790989006.677604397] [waypoint_follower]: Arrived at 53'th waypoint, sleeping for 200 milliseconds
[waypoint_follower-18] [INFO] [1790989006.875627634] [waypoint_follower]: Task execution at waypoint 53 succeeded
[waypoint_follower-18] [INFO] [1790989006.875667974] [waypoint_follower]: Handled task execution on waypoint 53, moving to next.
[bt_navigator-17] [INFO] [1790989006.876045837] [bt_navigator]: Begin navigating from current location (2.95, 2.80) to (2.91, 2.80)
[controller_server-12] [INFO] [1790989006.896484324] [controller_server]: Received a goal, begin computing control effort.
[controller_server-12] [INFO] [1790989006.900593293] [controller_server]: Reached the goal!
[controller_server-12] [INFO] [1790989006.900778332] [controller_server]: Optimizer reset
[bt_navigator-17] [INFO] [1790989006.926226301] [bt_navigator]: Goal succeeded
[waypoint_follower-18] [INFO] [1790989007.276812764] [waypoint_follower]: Succeeded processing waypoint 54, processing waypoint task execution
[waypoint_follower-18] [INFO] [1790989007.276843234] [waypoint_follower]: Arrived at 54'th waypoint, sleeping for 200 milliseconds
[waypoint_follower-18] [INFO] [1790989007.475693034] [waypoint_follower]: Task execution at waypoint 54 succeeded
[waypoint_follower-18] [INFO] [1790989007.475732602] [waypoint_follower]: Handled task execution on waypoint 54, moving to next.
[bt_navigator-17] [INFO] [1790989007.476131467] [bt_navigator]: Begin navigating from current location (2.95, 2.80) to (2.90, 2.74)
[controller_server-12] [INFO] [1790989007.496625063] [controller_server]: Received a goal, begin computing control effort.
[controller_server-12] [INFO] [1790989007.500805545] [controller_server]: Reached the goal!
[controller_server-12] [INFO] [1790989007.501166915] [controller_server]: Optimizer reset
[bt_navigator-17] [INFO] [1790989007.526337632] [bt_navigator]: Goal succeeded
[waypoint_follower-18] [INFO] [1790989007.876879404] [waypoint_follower]: Succeeded processing waypoint 55, processing waypoint task execution
[waypoint_follower-18] [INFO] [1790989007.876908782] [waypoint_follower]: Arrived at 55'th waypoint, sleeping for 200 milliseconds
[waypoint_follower-18] [INFO] [1790989008.075633122] [waypoint_follower]: Task execution at waypoint 55 succeeded
[waypoint_follower-18] [INFO] [1790989008.075680426] [waypoint_follower]: Handled task execution on waypoint 55, moving to next.
[bt_navigator-17] [INFO] [1790989008.076071284] [bt_navigator]: Begin navigating from current location (2.95, 2.80) to (2.90, 2.73)
[controller_server-12] [INFO] [1790989008.096519580] [controller_server]: Received a goal, begin computing control effort.
[controller_server-12] [INFO] [1790989008.100691625] [controller_server]: Reached the goal!
[controller_server-12] [INFO] [1790989008.100867525] [controller_server]: Optimizer reset
[bt_navigator-17] [INFO] [1790989008.126266998] [bt_navigator]: Goal succeeded
[waypoint_follower-18] [INFO] [1790989008.476779067] [waypoint_follower]: Succeeded processing waypoint 56, processing waypoint task execution
[waypoint_follower-18] [INFO] [1790989008.476808295] [waypoint_follower]: Arrived at 56'th waypoint, sleeping for 200 milliseconds
[waypoint_follower-18] [INFO] [1790989008.675642321] [waypoint_follower]: Task execution at waypoint 56 succeeded
[waypoint_follower-18] [INFO] [1790989008.675683062] [waypoint_follower]: Handled task execution on waypoint 56, moving to next.
[bt_navigator-17] [INFO] [1790989008.676084842] [bt_navigator]: Begin navigating from current location (2.95, 2.80) to (2.90, 2.73)
[controller_server-12] [INFO] [1790989008.696543649] [controller_server]: Received a goal, begin computing control effort.
[controller_server-12] [INFO] [1790989009.400500991] [controller_server]: Reached the goal!
[controller_server-12] [INFO] [1790989009.400814615] [controller_server]: Optimizer reset
[bt_navigator-17] [INFO] [1790989009.426288976] [bt_navigator]: Goal succeeded
[waypoint_follower-18] [INFO] [1790989010.079166070] [waypoint_follower]: Succeeded processing waypoint 57, processing waypoint task execution
[waypoint_follower-18] [INFO] [1790989010.079197603] [waypoint_follower]: Arrived at 57'th waypoint, sleeping for 200 milliseconds
[waypoint_follower-18] [INFO] [1790989010.277594173] [waypoint_follower]: Task execution at waypoint 57 succeeded
[waypoint_follower-18] [INFO] [1790989010.277634864] [waypoint_follower]: Handled task execution on waypoint 57, moving to next.
[bt_navigator-17] [INFO] [1790989010.278025742] [bt_navigator]: Begin navigating from current location (2.95, 2.76) to (2.89, 2.74)
[controller_server-12] [INFO] [1790989010.298479278] [controller_server]: Received a goal, begin computing control effort.
[controller_server-12] [INFO] [1790989011.154059476] [controller_server]: Reached the goal!
[controller_server-12] [INFO] [1790989011.154326587] [controller_server]: Optimizer reset
[bt_navigator-17] [INFO] [1790989011.178221023] [bt_navigator]: Goal succeeded
[waypoint_follower-18] [INFO] [1790989011.831664910] [waypoint_follower]: Succeeded processing waypoint 58, processing waypoint task execution
[waypoint_follower-18] [INFO] [1790989011.831704448] [waypoint_follower]: Arrived at 58'th waypoint, sleeping for 200 milliseconds
[waypoint_follower-18] [INFO] [1790989012.032617105] [waypoint_follower]: Task execution at waypoint 58 succeeded
[waypoint_follower-18] [INFO] [1790989012.032657124] [waypoint_follower]: Handled task execution on waypoint 58, moving to next.
[bt_navigator-17] [INFO] [1790989012.033116368] [bt_navigator]: Begin navigating from current location (2.95, 2.75) to (2.89, 2.75)
[controller_server-12] [INFO] [1790989012.053650044] [controller_server]: Received a goal, begin computing control effort.
[controller_server-12] [INFO] [1790989012.857903740] [controller_server]: Reached the goal!
[controller_server-12] [INFO] [1790989012.858115181] [controller_server]: Optimizer reset
[bt_navigator-17] [INFO] [1790989012.883329624] [bt_navigator]: Goal succeeded
[waypoint_follower-18] [INFO] [1790989013.536619470] [waypoint_follower]: Succeeded processing waypoint 59, processing waypoint task execution
[waypoint_follower-18] [INFO] [1790989013.536654690] [waypoint_follower]: Arrived at 59'th waypoint, sleeping for 200 milliseconds
[waypoint_follower-18] [INFO] [1790989013.736619023] [waypoint_follower]: Task execution at waypoint 59 succeeded
[waypoint_follower-18] [INFO] [1790989013.736658031] [waypoint_follower]: Handled task execution on waypoint 59, moving to next.
[bt_navigator-17] [INFO] [1790989013.737033228] [bt_navigator]: Begin navigating from current location (2.95, 2.75) to (2.88, 2.75)
[controller_server-12] [INFO] [1790989013.757509829] [controller_server]: Received a goal, begin computing control effort.
[controller_server-12] [INFO] [1790989014.611950162] [controller_server]: Reached the goal!
[controller_server-12] [INFO] [1790989014.612170360] [controller_server]: Optimizer reset
[bt_navigator-17] [INFO] [1790989014.637250365] [bt_navigator]: Goal succeeded
[waypoint_follower-18] [INFO] [1790989015.291378396] [waypoint_follower]: Succeeded processing waypoint 60, processing waypoint task execution
[waypoint_follower-18] [INFO] [1790989015.291412874] [waypoint_follower]: Arrived at 60'th waypoint, sleeping for 200 milliseconds
[waypoint_follower-18] [INFO] [1790989015.491614646] [waypoint_follower]: Task execution at waypoint 60 succeeded
[waypoint_follower-18] [INFO] [1790989015.491654846] [waypoint_follower]: Handled task execution on waypoint 60, moving to next.
[bt_navigator-17] [INFO] [1790989015.492080142] [bt_navigator]: Begin navigating from current location (2.94, 2.76) to (2.87, 2.76)
[controller_server-12] [INFO] [1790989015.512542445] [controller_server]: Received a goal, begin computing control effort.
[controller_server-12] [INFO] [1790989016.267434209] [controller_server]: Reached the goal!
[controller_server-12] [INFO] [1790989016.267645169] [controller_server]: Optimizer reset
[bt_navigator-17] [INFO] [1790989016.292292602] [bt_navigator]: Goal succeeded
[waypoint_follower-18] [INFO] [1790989016.946043371] [waypoint_follower]: Succeeded processing waypoint 61, processing waypoint task execution
[waypoint_follower-18] [INFO] [1790989016.946103370] [waypoint_follower]: Arrived at 61'th waypoint, sleeping for 200 milliseconds
[waypoint_follower-18] [INFO] [1790989017.144632338] [waypoint_follower]: Task execution at waypoint 61 succeeded
[waypoint_follower-18] [INFO] [1790989017.144670053] [waypoint_follower]: Handled task execution on waypoint 61, moving to next.
[bt_navigator-17] [INFO] [1790989017.145131201] [bt_navigator]: Begin navigating from current location (2.93, 2.78) to (2.86, 2.77)
[controller_server-12] [INFO] [1790989017.165618713] [controller_server]: Received a goal, begin computing control effort.
[controller_server-12] [INFO] [1790989017.819783177] [controller_server]: Reached the goal!
[controller_server-12] [INFO] [1790989017.819999808] [controller_server]: Optimizer reset
[bt_navigator-17] [INFO] [1790989017.845376703] [bt_navigator]: Goal succeeded
[waypoint_follower-18] [INFO] [1790989018.498520750] [waypoint_follower]: Succeeded processing waypoint 62, processing waypoint task execution
[waypoint_follower-18] [INFO] [1790989018.498551000] [waypoint_follower]: Arrived at 62'th waypoint, sleeping for 200 milliseconds
[waypoint_follower-18] [INFO] [1790989018.698616894] [waypoint_follower]: Task execution at waypoint 62 succeeded
[waypoint_follower-18] [INFO] [1790989018.698662485] [waypoint_follower]: Handled task execution on waypoint 62, moving to next.
[bt_navigator-17] [INFO] [1790989018.699652075] [bt_navigator]: Begin navigating from current location (2.92, 2.79) to (2.81, 2.80)
[controller_server-12] [INFO] [1790989018.720145899] [controller_server]: Received a goal, begin computing control effort.
[controller_server-12] [INFO] [1790989019.770263477] [controller_server]: Passing new path to controller.
[controller_server-12] [INFO] [1790989019.824281352] [controller_server]: Reached the goal!
[controller_server-12] [INFO] [1790989019.824497532] [controller_server]: Optimizer reset
[bt_navigator-17] [INFO] [1790989019.849881360] [bt_navigator]: Goal succeeded
[waypoint_follower-18] [INFO] [1790989020.503837438] [waypoint_follower]: Succeeded processing waypoint 63, processing waypoint task execution
[waypoint_follower-18] [INFO] [1790989020.503868830] [waypoint_follower]: Arrived at 63'th waypoint, sleeping for 200 milliseconds
[waypoint_follower-18] [INFO] [1790989020.702617578] [waypoint_follower]: Task execution at waypoint 63 succeeded
[waypoint_follower-18] [INFO] [1790989020.702655784] [waypoint_follower]: Handled task execution on waypoint 63, moving to next.
[bt_navigator-17] [INFO] [1790989020.703061912] [bt_navigator]: Begin navigating from current location (2.90, 2.82) to (2.77, 2.81)
[controller_server-12] [INFO] [1790989020.723508532] [controller_server]: Received a goal, begin computing control effort.
[controller_server-12] [INFO] [1790989021.377511988] [controller_server]: Reached the goal!
[controller_server-12] [INFO] [1790989021.377765292] [controller_server]: Optimizer reset
[bt_navigator-17] [INFO] [1790989021.403258157] [bt_navigator]: Goal succeeded
[waypoint_follower-18] [INFO] [1790989022.056210727] [waypoint_follower]: Succeeded processing waypoint 64, processing waypoint task execution
[waypoint_follower-18] [INFO] [1790989022.056245426] [waypoint_follower]: Arrived at 64'th waypoint, sleeping for 200 milliseconds
[waypoint_follower-18] [INFO] [1790989022.256620356] [waypoint_follower]: Task execution at waypoint 64 succeeded
[waypoint_follower-18] [INFO] [1790989022.256663351] [waypoint_follower]: Handled task execution on waypoint 64, moving to next.
[bt_navigator-17] [INFO] [1790989022.257070141] [bt_navigator]: Begin navigating from current location (2.87, 2.84) to (2.66, 2.84)
[controller_server-12] [INFO] [1790989022.277508674] [controller_server]: Received a goal, begin computing control effort.
[controller_server-12] [INFO] [1790989022.981482676] [controller_server]: Reached the goal!
[controller_server-12] [INFO] [1790989022.981662965] [controller_server]: Optimizer reset
[bt_navigator-17] [INFO] [1790989023.007273713] [bt_navigator]: Goal succeeded
[waypoint_follower-18] [INFO] [1790989023.660354374] [waypoint_follower]: Succeeded processing waypoint 65, processing waypoint task execution
[waypoint_follower-18] [INFO] [1790989023.660383582] [waypoint_follower]: Arrived at 65'th waypoint, sleeping for 200 milliseconds
[waypoint_follower-18] [INFO] [1790989023.858615724] [waypoint_follower]: Task execution at waypoint 65 succeeded
[waypoint_follower-18] [INFO] [1790989023.858659902] [waypoint_follower]: Handled task execution on waypoint 65, moving to next.
[bt_navigator-17] [INFO] [1790989023.859415165] [bt_navigator]: Begin navigating from current location (2.81, 2.86) to (2.57, 2.85)
[controller_server-12] [INFO] [1790989023.879902766] [controller_server]: Received a goal, begin computing control effort.
[controller_server-12] [INFO] [1790989024.484682958] [controller_server]: Reached the goal!
[controller_server-12] [INFO] [1790989024.484855912] [controller_server]: Optimizer reset
[bt_navigator-17] [INFO] [1790989024.509671358] [bt_navigator]: Goal succeeded
[waypoint_follower-18] [INFO] [1790989025.162445618] [waypoint_follower]: Succeeded processing waypoint 66, processing waypoint task execution
[waypoint_follower-18] [INFO] [1790989025.162474696] [waypoint_follower]: Arrived at 66'th waypoint, sleeping for 200 milliseconds
[waypoint_follower-18] [INFO] [1790989025.361642697] [waypoint_follower]: Task execution at waypoint 66 succeeded
[waypoint_follower-18] [INFO] [1790989025.361687816] [waypoint_follower]: Handled task execution on waypoint 66, moving to next.
[bt_navigator-17] [INFO] [1790989025.362160587] [bt_navigator]: Begin navigating from current location (2.74, 2.88) to (2.45, 2.85)
[controller_server-12] [INFO] [1790989025.382631625] [controller_server]: Received a goal, begin computing control effort.
[controller_server-12] [INFO] [1790989025.937303870] [controller_server]: Reached the goal!
[controller_server-12] [INFO] [1790989025.937577103] [controller_server]: Optimizer reset
[bt_navigator-17] [INFO] [1790989025.962347568] [bt_navigator]: Goal succeeded
[waypoint_follower-18] [INFO] [1790989026.614941808] [waypoint_follower]: Succeeded processing waypoint 67, processing waypoint task execution
[waypoint_follower-18] [INFO] [1790989026.614970525] [waypoint_follower]: Arrived at 67'th waypoint, sleeping for 200 milliseconds
[waypoint_follower-18] [INFO] [1790989026.813631514] [waypoint_follower]: Task execution at waypoint 67 succeeded
[waypoint_follower-18] [INFO] [1790989026.813676554] [waypoint_follower]: Handled task execution on waypoint 67, moving to next.
[bt_navigator-17] [INFO] [1790989026.814527668] [bt_navigator]: Begin navigating from current location (2.68, 2.90) to (2.32, 2.85)
[controller_server-12] [INFO] [1790989026.835029225] [controller_server]: Received a goal, begin computing control effort.
[controller_server-12] [INFO] [1790989027.689041463] [controller_server]: Reached the goal!
[controller_server-12] [INFO] [1790989027.689239597] [controller_server]: Optimizer reset
[bt_navigator-17] [INFO] [1790989027.714728311] [bt_navigator]: Goal succeeded
[waypoint_follower-18] [INFO] [1790989028.368181980] [waypoint_follower]: Succeeded processing waypoint 68, processing waypoint task execution
[waypoint_follower-18] [INFO] [1790989028.368211759] [waypoint_follower]: Arrived at 68'th waypoint, sleeping for 200 milliseconds
[waypoint_follower-18] [INFO] [1790989028.568637435] [waypoint_follower]: Task execution at waypoint 68 succeeded
[waypoint_follower-18] [INFO] [1790989028.568681974] [waypoint_follower]: Handled task execution on waypoint 68, moving to next.
[bt_navigator-17] [INFO] [1790989028.569109916] [bt_navigator]: Begin navigating from current location (2.55, 2.91) to (2.22, 2.85)
[controller_server-12] [INFO] [1790989028.589622134] [controller_server]: Received a goal, begin computing control effort.
[controller_server-12] [INFO] [1790989029.344465926] [controller_server]: Reached the goal!
[controller_server-12] [INFO] [1790989029.344731615] [controller_server]: Optimizer reset
[bt_navigator-17] [INFO] [1790989029.369349536] [bt_navigator]: Goal succeeded
[waypoint_follower-18] [INFO] [1790989030.022213178] [waypoint_follower]: Succeeded processing waypoint 69, processing waypoint task execution
[waypoint_follower-18] [INFO] [1790989030.022258638] [waypoint_follower]: Arrived at 69'th waypoint, sleeping for 200 milliseconds
[waypoint_follower-18] [INFO] [1790989030.221631885] [waypoint_follower]: Task execution at waypoint 69 succeeded
[waypoint_follower-18] [INFO] [1790989030.221782305] [waypoint_follower]: Handled task execution on waypoint 69, moving to next.
[bt_navigator-17] [INFO] [1790989030.222164024] [bt_navigator]: Begin navigating from current location (2.43, 2.92) to (2.12, 2.86)
[controller_server-12] [INFO] [1790989030.242714018] [controller_server]: Received a goal, begin computing control effort.
[controller_server-12] [INFO] [1790989030.847673443] [controller_server]: Reached the goal!
[controller_server-12] [INFO] [1790989030.847901256] [controller_server]: Optimizer reset
[bt_navigator-17] [INFO] [1790989030.872367865] [bt_navigator]: Goal succeeded
[waypoint_follower-18] [INFO] [1790989031.524913972] [waypoint_follower]: Succeeded processing waypoint 70, processing waypoint task execution
[waypoint_follower-18] [INFO] [1790989031.524964773] [waypoint_follower]: Arrived at 70'th waypoint, sleeping for 200 milliseconds
[waypoint_follower-18] [INFO] [1790989031.724640540] [waypoint_follower]: Task execution at waypoint 70 succeeded
[waypoint_follower-18] [INFO] [1790989031.724679708] [waypoint_follower]: Handled task execution on waypoint 70, moving to next.
[bt_navigator-17] [INFO] [1790989031.725172539] [bt_navigator]: Begin navigating from current location (2.35, 2.92) to (2.01, 2.86)
[controller_server-12] [INFO] [1790989031.745710127] [controller_server]: Received a goal, begin computing control effort.
[controller_server-12] [INFO] [1790989032.499840471] [controller_server]: Reached the goal!
[controller_server-12] [INFO] [1790989032.500329033] [controller_server]: Optimizer reset
[bt_navigator-17] [INFO] [1790989032.525371608] [bt_navigator]: Goal succeeded
[waypoint_follower-18] [INFO] [1790989033.178290907] [waypoint_follower]: Succeeded processing waypoint 71, processing waypoint task execution
[waypoint_follower-18] [INFO] [1790989033.178318792] [waypoint_follower]: Arrived at 71'th waypoint, sleeping for 200 milliseconds
[waypoint_follower-18] [INFO] [1790989033.377599157] [waypoint_follower]: Task execution at waypoint 71 succeeded
[waypoint_follower-18] [INFO] [1790989033.377642624] [waypoint_follower]: Handled task execution on waypoint 71, moving to next.
[bt_navigator-17] [INFO] [1790989033.378233880] [bt_navigator]: Begin navigating from current location (2.25, 2.92) to (1.90, 2.86)
[controller_server-12] [INFO] [1790989033.398749224] [controller_server]: Received a goal, begin computing control effort.
[controller_server-12] [INFO] [1790989034.203533304] [controller_server]: Reached the goal!
[controller_server-12] [INFO] [1790989034.203727982] [controller_server]: Optimizer reset
[bt_navigator-17] [INFO] [1790989034.228426681] [bt_navigator]: Goal succeeded
[waypoint_follower-18] [INFO] [1790989034.881704550] [waypoint_follower]: Succeeded processing waypoint 72, processing waypoint task execution
[waypoint_follower-18] [INFO] [1790989034.881738869] [waypoint_follower]: Arrived at 72'th waypoint, sleeping for 200 milliseconds
[waypoint_follower-18] [INFO] [1790989035.081644676] [waypoint_follower]: Task execution at waypoint 72 succeeded
[waypoint_follower-18] [INFO] [1790989035.081685988] [waypoint_follower]: Handled task execution on waypoint 72, moving to next.
[bt_navigator-17] [INFO] [1790989035.082529747] [bt_navigator]: Begin navigating from current location (2.12, 2.93) to (1.75, 2.87)
[controller_server-12] [INFO] [1790989035.103005521] [controller_server]: Received a goal, begin computing control effort.
[controller_server-12] [INFO] [1790989035.957264589] [controller_server]: Reached the goal!
[controller_server-12] [INFO] [1790989035.957911968] [controller_server]: Optimizer reset
[bt_navigator-17] [INFO] [1790989035.982729513] [bt_navigator]: Goal succeeded
[waypoint_follower-18] [INFO] [1790989036.636213097] [waypoint_follower]: Succeeded processing waypoint 73, processing waypoint task execution
[waypoint_follower-18] [INFO] [1790989036.636243558] [waypoint_follower]: Arrived at 73'th waypoint, sleeping for 200 milliseconds
[waypoint_follower-18] [INFO] [1790989036.836596140] [waypoint_follower]: Task execution at waypoint 73 succeeded
[waypoint_follower-18] [INFO] [1790989036.836634196] [waypoint_follower]: Handled task execution on waypoint 73, moving to next.
[bt_navigator-17] [INFO] [1790989036.837010345] [bt_navigator]: Begin navigating from current location (1.95, 2.92) to (1.56, 2.87)
[controller_server-12] [INFO] [1790989036.857489485] [controller_server]: Received a goal, begin computing control effort.
[controller_server-12] [INFO] [1790989037.907616610] [controller_server]: Passing new path to controller.
[controller_server-12] [INFO] [1790989037.911732221] [controller_server]: Reached the goal!
[controller_server-12] [INFO] [1790989037.912209411] [controller_server]: Optimizer reset
[bt_navigator-17] [INFO] [1790989037.947243721] [bt_navigator]: Goal succeeded
[waypoint_follower-18] [INFO] [1790989038.591439745] [waypoint_follower]: Succeeded processing waypoint 74, processing waypoint task execution
[waypoint_follower-18] [INFO] [1790989038.591482750] [waypoint_follower]: Arrived at 74'th waypoint, sleeping for 200 milliseconds
[waypoint_follower-18] [INFO] [1790989038.789691261] [waypoint_follower]: Task execution at waypoint 74 succeeded
[waypoint_follower-18] [INFO] [1790989038.789744547] [waypoint_follower]: Handled task execution on waypoint 74, moving to next.
[bt_navigator-17] [INFO] [1790989038.790110886] [bt_navigator]: Begin navigating from current location (1.75, 2.92) to (1.41, 2.87)
[controller_server-12] [INFO] [1790989038.810580247] [controller_server]: Received a goal, begin computing control effort.
[controller_server-12] [INFO] [1790989039.614596989] [controller_server]: Reached the goal!
[controller_server-12] [INFO] [1790989039.615104008] [controller_server]: Optimizer reset
[bt_navigator-17] [INFO] [1790989039.640409725] [bt_navigator]: Goal succeeded
[waypoint_follower-18] [INFO] [1790989040.294313518] [waypoint_follower]: Succeeded processing waypoint 75, processing waypoint task execution
[waypoint_follower-18] [INFO] [1790989040.294340562] [waypoint_follower]: Arrived at 75'th waypoint, sleeping for 200 milliseconds
[waypoint_follower-18] [INFO] [1790989040.493629539] [waypoint_follower]: Task execution at waypoint 75 succeeded
[waypoint_follower-18] [INFO] [1790989040.493667795] [waypoint_follower]: Handled task execution on waypoint 75, moving to next.
[bt_navigator-17] [INFO] [1790989040.494031909] [bt_navigator]: Begin navigating from current location (1.64, 2.92) to (1.27, 2.87)
[controller_server-12] [INFO] [1790989040.514484246] [controller_server]: Received a goal, begin computing control effort.
[controller_server-12] [INFO] [1790989041.470047877] [controller_server]: Reached the goal!
[controller_server-12] [INFO] [1790989041.470287293] [controller_server]: Optimizer reset
[bt_navigator-17] [INFO] [1790989041.494240176] [bt_navigator]: Goal succeeded
[waypoint_follower-18] [INFO] [1790989042.147993738] [waypoint_follower]: Succeeded processing waypoint 76, processing waypoint task execution
[waypoint_follower-18] [INFO] [1790989042.148024128] [waypoint_follower]: Arrived at 76'th waypoint, sleeping for 200 milliseconds
[waypoint_follower-18] [INFO] [1790989042.347620572] [waypoint_follower]: Task execution at waypoint 76 succeeded
[waypoint_follower-18] [INFO] [1790989042.347662436] [waypoint_follower]: Handled task execution on waypoint 76, moving to next.
[bt_navigator-17] [INFO] [1790989042.348110868] [bt_navigator]: Begin navigating from current location (1.49, 2.92) to (1.17, 2.87)
[controller_server-12] [INFO] [1790989042.368598935] [controller_server]: Received a goal, begin computing control effort.
[controller_server-12] [INFO] [1790989043.072599997] [controller_server]: Reached the goal!
[controller_server-12] [INFO] [1790989043.072977609] [controller_server]: Optimizer reset
[bt_navigator-17] [INFO] [1790989043.098363163] [bt_navigator]: Goal succeeded
[waypoint_follower-18] [INFO] [1790989043.751369925] [waypoint_follower]: Succeeded processing waypoint 77, processing waypoint task execution
[waypoint_follower-18] [INFO] [1790989043.751397921] [waypoint_follower]: Arrived at 77'th waypoint, sleeping for 200 milliseconds
[waypoint_follower-18] [INFO] [1790989043.949621440] [waypoint_follower]: Task execution at waypoint 77 succeeded
[waypoint_follower-18] [INFO] [1790989043.949663363] [waypoint_follower]: Handled task execution on waypoint 77, moving to next.
[bt_navigator-17] [INFO] [1790989043.950083089] [bt_navigator]: Begin navigating from current location (1.39, 2.92) to (1.06, 2.87)
[controller_server-12] [INFO] [1790989043.970542639] [controller_server]: Received a goal, begin computing control effort.
[controller_server-12] [INFO] [1790989044.724969306] [controller_server]: Reached the goal!
[controller_server-12] [INFO] [1790989044.725160617] [controller_server]: Optimizer reset
[bt_navigator-17] [INFO] [1790989044.750291113] [bt_navigator]: Goal succeeded
[waypoint_follower-18] [INFO] [1790989045.403508252] [waypoint_follower]: Succeeded processing waypoint 78, processing waypoint task execution
[waypoint_follower-18] [INFO] [1790989045.403541929] [waypoint_follower]: Arrived at 78'th waypoint, sleeping for 200 milliseconds
[waypoint_follower-18] [INFO] [1790989045.602617530] [waypoint_follower]: Task execution at waypoint 78 succeeded
[waypoint_follower-18] [INFO] [1790989045.602657760] [waypoint_follower]: Handled task execution on waypoint 78, moving to next.
[bt_navigator-17] [INFO] [1790989045.603031564] [bt_navigator]: Begin navigating from current location (1.27, 2.92) to (0.96, 2.87)
[controller_server-12] [INFO] [1790989045.623483087] [controller_server]: Received a goal, begin computing control effort.
[controller_server-12] [INFO] [1790989046.278305154] [controller_server]: Reached the goal!
[controller_server-12] [INFO] [1790989046.278485383] [controller_server]: Optimizer reset
[bt_navigator-17] [INFO] [1790989046.303239721] [bt_navigator]: Goal succeeded
[waypoint_follower-18] [INFO] [1790989046.956197303] [waypoint_follower]: Succeeded processing waypoint 79, processing waypoint task execution
[waypoint_follower-18] [INFO] [1790989046.956226360] [waypoint_follower]: Arrived at 79'th waypoint, sleeping for 200 milliseconds
[waypoint_follower-18] [INFO] [1790989047.156607676] [waypoint_follower]: Task execution at waypoint 79 succeeded
[waypoint_follower-18] [INFO] [1790989047.156649379] [waypoint_follower]: Handled task execution on waypoint 79, moving to next.
[bt_navigator-17] [INFO] [1790989047.157019916] [bt_navigator]: Begin navigating from current location (1.17, 2.92) to (0.84, 2.87)
[controller_server-12] [INFO] [1790989047.177471499] [controller_server]: Received a goal, begin computing control effort.
[controller_server-12] [INFO] [1790989047.881436921] [controller_server]: Reached the goal!
[controller_server-12] [INFO] [1790989047.881620607] [controller_server]: Optimizer reset
[bt_navigator-17] [INFO] [1790989047.907229665] [bt_navigator]: Goal succeeded
[waypoint_follower-18] [INFO] [1790989048.560485657] [waypoint_follower]: Succeeded processing waypoint 80, processing waypoint task execution
[waypoint_follower-18] [INFO] [1790989048.560520176] [waypoint_follower]: Arrived at 80'th waypoint, sleeping for 200 milliseconds
[waypoint_follower-18] [INFO] [1790989048.758620609] [waypoint_follower]: Task execution at waypoint 80 succeeded
[waypoint_follower-18] [INFO] [1790989048.758658915] [waypoint_follower]: Handled task execution on waypoint 80, moving to next.
[bt_navigator-17] [INFO] [1790989048.759057538] [bt_navigator]: Begin navigating from current location (1.06, 2.92) to (0.69, 2.88)
[controller_server-12] [INFO] [1790989048.779506797] [controller_server]: Received a goal, begin computing control effort.
[controller_server-12] [INFO] [1790989049.683785801] [controller_server]: Reached the goal!
[controller_server-12] [INFO] [1790989049.684085578] [controller_server]: Optimizer reset
[bt_navigator-17] [INFO] [1790989049.709262555] [bt_navigator]: Goal succeeded
[waypoint_follower-18] [INFO] [1790989050.362890345] [waypoint_follower]: Succeeded processing waypoint 81, processing waypoint task execution
[waypoint_follower-18] [INFO] [1790989050.362919052] [waypoint_follower]: Arrived at 81'th waypoint, sleeping for 200 milliseconds
[waypoint_follower-18] [INFO] [1790989050.561625386] [waypoint_follower]: Task execution at waypoint 81 succeeded
[waypoint_follower-18] [INFO] [1790989050.561666558] [waypoint_follower]: Handled task execution on waypoint 81, moving to next.
[bt_navigator-17] [INFO] [1790989050.562341351] [bt_navigator]: Begin navigating from current location (0.89, 2.92) to (0.54, 2.88)
[controller_server-12] [INFO] [1790989050.582874396] [controller_server]: Received a goal, begin computing control effort.
[sync_slam_toolbox_node-11] WARNING: Logging before InitGoogleLogging() is written to STDERR
[sync_slam_toolbox_node-11] W20261002 21:57:30.892453 52705 preprocessor.cc:67] Specified options.num_threads: 50 exceeds maximum available from the threading model Ceres was compiled with: 16.  Bounding to maximum number available.
[controller_server-12] [INFO] [1790989051.437166739] [controller_server]: Reached the goal!
[controller_server-12] [INFO] [1790989051.437397559] [controller_server]: Optimizer reset
[bt_navigator-17] [INFO] [1790989051.462543905] [bt_navigator]: Goal succeeded
[waypoint_follower-18] [INFO] [1790989052.115985312] [waypoint_follower]: Succeeded processing waypoint 82, processing waypoint task execution
[waypoint_follower-18] [INFO] [1790989052.116018708] [waypoint_follower]: Arrived at 82'th waypoint, sleeping for 200 milliseconds
[waypoint_follower-18] [INFO] [1790989052.316653837] [waypoint_follower]: Task execution at waypoint 82 succeeded
[waypoint_follower-18] [INFO] [1790989052.316693135] [waypoint_follower]: Handled task execution on waypoint 82, moving to next.
[bt_navigator-17] [INFO] [1790989052.317076598] [bt_navigator]: Begin navigating from current location (0.75, 2.91) to (0.40, 2.88)
[controller_server-12] [INFO] [1790989052.337635965] [controller_server]: Received a goal, begin computing control effort.
[sync_slam_toolbox_node-11] W20261002 21:57:32.865878 52705 preprocessor.cc:67] Specified options.num_threads: 50 exceeds maximum available from the threading model Ceres was compiled with: 16.  Bounding to maximum number available.
[controller_server-12] [INFO] [1790989053.191801980] [controller_server]: Reached the goal!
[controller_server-12] [INFO] [1790989053.191977380] [controller_server]: Optimizer reset
[bt_navigator-17] [INFO] [1790989053.217321919] [bt_navigator]: Goal succeeded
[waypoint_follower-18] [INFO] [1790989053.870598235] [waypoint_follower]: Succeeded processing waypoint 83, processing waypoint task execution
[waypoint_follower-18] [INFO] [1790989053.870631641] [waypoint_follower]: Arrived at 83'th waypoint, sleeping for 200 milliseconds
[waypoint_follower-18] [INFO] [1790989054.069303579] [waypoint_follower]: Task execution at waypoint 83 succeeded
[waypoint_follower-18] [INFO] [1790989054.069347036] [waypoint_follower]: Handled task execution on waypoint 83, moving to next.
[bt_navigator-17] [INFO] [1790989054.069774827] [bt_navigator]: Begin navigating from current location (0.60, 2.93) to (0.27, 2.90)
[controller_server-12] [INFO] [1790989054.090224465] [controller_server]: Received a goal, begin computing control effort.
[controller_server-12] [INFO] [1790989054.794187297] [controller_server]: Reached the goal!
[controller_server-12] [INFO] [1790989054.794368808] [controller_server]: Optimizer reset
[bt_navigator-17] [INFO] [1790989054.819998445] [bt_navigator]: Goal succeeded
[sync_slam_toolbox_node-11] W20261002 21:57:34.887607 52705 preprocessor.cc:67] Specified options.num_threads: 50 exceeds maximum available from the threading model Ceres was compiled with: 16.  Bounding to maximum number available.
[waypoint_follower-18] [INFO] [1790989055.472868620] [waypoint_follower]: Succeeded processing waypoint 84, processing waypoint task execution
[waypoint_follower-18] [INFO] [1790989055.472899611] [waypoint_follower]: Arrived at 84'th waypoint, sleeping for 200 milliseconds
[waypoint_follower-18] [INFO] [1790989055.671257100] [waypoint_follower]: Task execution at waypoint 84 succeeded
[waypoint_follower-18] [INFO] [1790989055.671297130] [waypoint_follower]: Handled task execution on waypoint 84, moving to next.
[bt_navigator-17] [INFO] [1790989055.671672076] [bt_navigator]: Begin navigating from current location (0.48, 2.93) to (0.00, 3.00)
[controller_server-12] [INFO] [1790989055.692137786] [controller_server]: Received a goal, begin computing control effort.
[controller_server-12] [INFO] [1790989056.032222521] [local_costmap.local_costmap]: StaticLayer: Resizing static layer to 517 X 394 at 0.050000 m/pix
[sync_slam_toolbox_node-11] W20261002 21:57:36.398630 52705 preprocessor.cc:67] Specified options.num_threads: 50 exceeds maximum available from the threading model Ceres was compiled with: 16.  Bounding to maximum number available.
[planner_server-14] [INFO] [1790989056.494894969] [global_costmap.global_costmap]: StaticLayer: Resizing costmap to 517 X 394 at 0.050000 m/pix
[controller_server-12] [INFO] [1790989056.742264596] [controller_server]: Passing new path to controller.
[sync_slam_toolbox_node-11] W20261002 21:57:36.972958 52705 preprocessor.cc:67] Specified options.num_threads: 50 exceeds maximum available from the threading model Ceres was compiled with: 16.  Bounding to maximum number available.
[controller_server-12] [INFO] [1790989056.995852398] [controller_server]: Reached the goal!
[controller_server-12] [INFO] [1790989056.996056955] [controller_server]: Optimizer reset
[bt_navigator-17] [INFO] [1790989057.021931018] [bt_navigator]: Goal succeeded
[controller_server-12] [INFO] [1790989057.032216227] [local_costmap.local_costmap]: StaticLayer: Resizing static layer to 517 X 398 at 0.050000 m/pix
[planner_server-14] [INFO] [1790989057.494892437] [global_costmap.global_costmap]: StaticLayer: Resizing costmap to 517 X 398 at 0.050000 m/pix
[waypoint_follower-18] [INFO] [1790989057.676196944] [waypoint_follower]: Succeeded processing waypoint 85, processing waypoint task execution
[waypoint_follower-18] [INFO] [1790989057.676229879] [waypoint_follower]: Arrived at 85'th waypoint, sleeping for 200 milliseconds
[waypoint_follower-18] [INFO] [1790989057.876237307] [waypoint_follower]: Task execution at waypoint 85 succeeded
[waypoint_follower-18] [INFO] [1790989057.876277337] [waypoint_follower]: Handled task execution on waypoint 85, moving to next.
[bt_navigator-17] [INFO] [1790989057.876668616] [bt_navigator]: Begin navigating from current location (0.21, 2.94) to (0.23, 2.90)
[controller_server-12] [INFO] [1790989057.897110808] [controller_server]: Received a goal, begin computing control effort.
[controller_server-12] [INFO] [1790989057.901133183] [controller_server]: Reached the goal!
[controller_server-12] [INFO] [1790989057.901699981] [controller_server]: Optimizer reset
[bt_navigator-17] [INFO] [1790989057.926873089] [bt_navigator]: Goal succeeded
[waypoint_follower-18] [INFO] [1790989058.277428522] [waypoint_follower]: Succeeded processing waypoint 86, processing waypoint task execution
[waypoint_follower-18] [INFO] [1790989058.277461007] [waypoint_follower]: Arrived at 86'th waypoint, sleeping for 200 milliseconds
[waypoint_follower-18] [INFO] [1790989058.476249206] [waypoint_follower]: Task execution at waypoint 86 succeeded
[waypoint_follower-18] [INFO] [1790989058.476288975] [waypoint_follower]: Handled task execution on waypoint 86, moving to next.
[bt_navigator-17] [INFO] [1790989058.476653050] [bt_navigator]: Begin navigating from current location (0.21, 2.94) to (0.24, 2.90)
[controller_server-12] [INFO] [1790989058.497122536] [controller_server]: Received a goal, begin computing control effort.
[controller_server-12] [INFO] [1790989058.501867329] [controller_server]: Reached the goal!
[controller_server-12] [INFO] [1790989058.502232967] [controller_server]: Optimizer reset
[bt_navigator-17] [INFO] [1790989058.526853775] [bt_navigator]: Goal succeeded
[waypoint_follower-18] [INFO] [1790989058.877498805] [waypoint_follower]: Succeeded processing waypoint 87, processing waypoint task execution
[waypoint_follower-18] [INFO] [1790989058.877531380] [waypoint_follower]: Arrived at 87'th waypoint, sleeping for 200 milliseconds
[waypoint_follower-18] [INFO] [1790989059.076325751] [waypoint_follower]: Task execution at waypoint 87 succeeded
[waypoint_follower-18] [INFO] [1790989059.076363957] [waypoint_follower]: Handled task execution on waypoint 87, moving to next.
[bt_navigator-17] [INFO] [1790989059.076754103] [bt_navigator]: Begin navigating from current location (0.21, 2.94) to (0.25, 2.90)
[controller_server-12] [INFO] [1790989059.097231515] [controller_server]: Received a goal, begin computing control effort.
[controller_server-12] [INFO] [1790989060.051594868] [controller_server]: Reached the goal!
[controller_server-12] [INFO] [1790989060.051817141] [controller_server]: Optimizer reset
[bt_navigator-17] [INFO] [1790989060.076947633] [bt_navigator]: Goal succeeded
[waypoint_follower-18] [INFO] [1790989060.730410048] [waypoint_follower]: Succeeded processing waypoint 88, processing waypoint task execution
[waypoint_follower-18] [INFO] [1790989060.730440268] [waypoint_follower]: Arrived at 88'th waypoint, sleeping for 200 milliseconds
[waypoint_follower-18] [INFO] [1790989060.930258673] [waypoint_follower]: Task execution at waypoint 88 succeeded
[waypoint_follower-18] [INFO] [1790989060.930300146] [waypoint_follower]: Handled task execution on waypoint 88, moving to next.
[bt_navigator-17] [INFO] [1790989060.930656515] [bt_navigator]: Begin navigating from current location (0.24, 2.94) to (0.25, 2.90)
[controller_server-12] [INFO] [1790989060.951283895] [controller_server]: Received a goal, begin computing control effort.
[controller_server-12] [INFO] [1790989061.606601315] [controller_server]: Reached the goal!
[controller_server-12] [INFO] [1790989061.606819970] [controller_server]: Optimizer reset
[bt_navigator-17] [INFO] [1790989061.630870984] [bt_navigator]: Goal succeeded
[waypoint_follower-18] [INFO] [1790989062.283748705] [waypoint_follower]: Succeeded processing waypoint 89, processing waypoint task execution
[waypoint_follower-18] [INFO] [1790989062.283776550] [waypoint_follower]: Arrived at 89'th waypoint, sleeping for 200 milliseconds
[waypoint_follower-18] [INFO] [1790989062.484289764] [waypoint_follower]: Task execution at waypoint 89 succeeded
[waypoint_follower-18] [INFO] [1790989062.484328802] [waypoint_follower]: Handled task execution on waypoint 89, moving to next.
[bt_navigator-17] [INFO] [1790989062.484734048] [bt_navigator]: Begin navigating from current location (0.24, 2.94) to (0.25, 2.90)
[controller_server-12] [INFO] [1790989062.505133855] [controller_server]: Received a goal, begin computing control effort.
[controller_server-12] [INFO] [1790989063.209335368] [controller_server]: Reached the goal!
[controller_server-12] [INFO] [1790989063.209531688] [controller_server]: Optimizer reset
[bt_navigator-17] [INFO] [1790989063.234990653] [bt_navigator]: Goal succeeded
[waypoint_follower-18] [INFO] [1790989063.887930286] [waypoint_follower]: Succeeded processing waypoint 90, processing waypoint task execution
[waypoint_follower-18] [INFO] [1790989063.887970867] [waypoint_follower]: Arrived at 90'th waypoint, sleeping for 200 milliseconds
[waypoint_follower-18] [INFO] [1790989064.086293118] [waypoint_follower]: Task execution at waypoint 90 succeeded
[waypoint_follower-18] [INFO] [1790989064.086329761] [waypoint_follower]: Handled task execution on waypoint 90, moving to next.
[bt_navigator-17] [INFO] [1790989064.086808944] [bt_navigator]: Begin navigating from current location (0.24, 2.94) to (0.24, 2.89)
[controller_server-12] [INFO] [1790989064.107205985] [controller_server]: Received a goal, begin computing control effort.
[controller_server-12] [INFO] [1790989065.011684453] [controller_server]: Reached the goal!
[controller_server-12] [INFO] [1790989065.011868379] [controller_server]: Optimizer reset
[bt_navigator-17] [INFO] [1790989065.037016756] [bt_navigator]: Goal succeeded
[waypoint_follower-18] [INFO] [1790989065.690501630] [waypoint_follower]: Succeeded processing waypoint 91, processing waypoint task execution
[waypoint_follower-18] [INFO] [1790989065.690535858] [waypoint_follower]: Arrived at 91'th waypoint, sleeping for 200 milliseconds
[waypoint_follower-18] [INFO] [1790989065.889292550] [waypoint_follower]: Task execution at waypoint 91 succeeded
[waypoint_follower-18] [INFO] [1790989065.889332519] [waypoint_follower]: Handled task execution on waypoint 91, moving to next.
[bt_navigator-17] [INFO] [1790989065.889701854] [bt_navigator]: Begin navigating from current location (0.23, 2.93) to (0.23, 2.88)
[controller_server-12] [INFO] [1790989065.910171830] [controller_server]: Received a goal, begin computing control effort.
[controller_server-12] [INFO] [1790989066.960309685] [controller_server]: Passing new path to controller.
[controller_server-12] [INFO] [1790989066.965071892] [controller_server]: Reached the goal!
[controller_server-12] [INFO] [1790989066.965441627] [controller_server]: Optimizer reset
[bt_navigator-17] [INFO] [1790989066.999911984] [bt_navigator]: Goal succeeded
[waypoint_follower-18] [INFO] [1790989067.644264771] [waypoint_follower]: Succeeded processing waypoint 92, processing waypoint task execution
[waypoint_follower-18] [INFO] [1790989067.644308588] [waypoint_follower]: Arrived at 92'th waypoint, sleeping for 200 milliseconds
[waypoint_follower-18] [INFO] [1790989067.845279924] [waypoint_follower]: Task execution at waypoint 92 succeeded
[waypoint_follower-18] [INFO] [1790989067.845325705] [waypoint_follower]: Handled task execution on waypoint 92, moving to next.
[bt_navigator-17] [INFO] [1790989067.845719108] [bt_navigator]: Begin navigating from current location (0.22, 2.92) to (0.21, 2.84)
[controller_server-12] [INFO] [1790989067.866173803] [controller_server]: Received a goal, begin computing control effort.
[controller_server-12] [INFO] [1790989068.821766521] [controller_server]: Reached the goal!
[controller_server-12] [INFO] [1790989068.822119794] [controller_server]: Optimizer reset
[bt_navigator-17] [INFO] [1790989068.845948112] [bt_navigator]: Goal succeeded
[waypoint_follower-18] [INFO] [1790989069.499622437] [waypoint_follower]: Succeeded processing waypoint 93, processing waypoint task execution
[waypoint_follower-18] [INFO] [1790989069.499654000] [waypoint_follower]: Arrived at 93'th waypoint, sleeping for 200 milliseconds
[waypoint_follower-18] [INFO] [1790989069.699291095] [waypoint_follower]: Task execution at waypoint 93 succeeded
[waypoint_follower-18] [INFO] [1790989069.699331104] [waypoint_follower]: Handled task execution on waypoint 93, moving to next.
[bt_navigator-17] [INFO] [1790989069.699710128] [bt_navigator]: Begin navigating from current location (0.20, 2.90) to (0.20, 2.81)
[controller_server-12] [INFO] [1790989069.720164222] [controller_server]: Received a goal, begin computing control effort.
[controller_server-12] [INFO] [1790989070.274256164] [controller_server]: Reached the goal!
[controller_server-12] [INFO] [1790989070.275019002] [controller_server]: Optimizer reset
[bt_navigator-17] [INFO] [1790989070.299947429] [bt_navigator]: Goal succeeded
[waypoint_follower-18] [INFO] [1790989070.952638398] [waypoint_follower]: Succeeded processing waypoint 94, processing waypoint task execution
[waypoint_follower-18] [INFO] [1790989070.952668518] [waypoint_follower]: Arrived at 94'th waypoint, sleeping for 200 milliseconds
[waypoint_follower-18] [INFO] [1790989071.151332763] [waypoint_follower]: Task execution at waypoint 94 succeeded
[waypoint_follower-18] [INFO] [1790989071.151369076] [waypoint_follower]: Handled task execution on waypoint 94, moving to next.
[bt_navigator-17] [INFO] [1790989071.151742449] [bt_navigator]: Begin navigating from current location (0.18, 2.88) to (0.19, 2.75)
[controller_server-12] [INFO] [1790989071.172151452] [controller_server]: Received a goal, begin computing control effort.
[sync_slam_toolbox_node-11] W20261002 21:57:51.478497 52705 preprocessor.cc:67] Specified options.num_threads: 50 exceeds maximum available from the threading model Ceres was compiled with: 16.  Bounding to maximum number available.
[controller_server-12] [INFO] [1790989071.926228499] [controller_server]: Reached the goal!
[controller_server-12] [INFO] [1790989071.926413166] [controller_server]: Optimizer reset
[bt_navigator-17] [INFO] [1790989071.951970795] [bt_navigator]: Goal succeeded
[controller_server-12] [INFO] [1790989072.032219256] [local_costmap.local_costmap]: StaticLayer: Resizing static layer to 532 X 398 at 0.050000 m/pix
[planner_server-14] [INFO] [1790989072.494895601] [global_costmap.global_costmap]: StaticLayer: Resizing costmap to 532 X 398 at 0.050000 m/pix
[waypoint_follower-18] [INFO] [1790989072.605216995] [waypoint_follower]: Succeeded processing waypoint 95, processing waypoint task execution
[waypoint_follower-18] [INFO] [1790989072.605243378] [waypoint_follower]: Arrived at 95'th waypoint, sleeping for 200 milliseconds
[waypoint_follower-18] [INFO] [1790989072.804241705] [waypoint_follower]: Task execution at waypoint 95 succeeded
[waypoint_follower-18] [INFO] [1790989072.804282877] [waypoint_follower]: Handled task execution on waypoint 95, moving to next.
[bt_navigator-17] [INFO] [1790989072.804654807] [bt_navigator]: Begin navigating from current location (0.15, 2.84) to (0.16, 2.66)
[controller_server-12] [INFO] [1790989072.825102607] [controller_server]: Received a goal, begin computing control effort.
[sync_slam_toolbox_node-11] W20261002 21:57:53.570544 52705 preprocessor.cc:67] Specified options.num_threads: 50 exceeds maximum available from the threading model Ceres was compiled with: 16.  Bounding to maximum number available.
[controller_server-12] [INFO] [1790989073.678996069] [controller_server]: Reached the goal!
[controller_server-12] [INFO] [1790989073.679182289] [controller_server]: Optimizer reset
[bt_navigator-17] [INFO] [1790989073.704883643] [bt_navigator]: Goal succeeded
[waypoint_follower-18] [INFO] [1790989074.358374910] [waypoint_follower]: Succeeded processing waypoint 96, processing waypoint task execution
[waypoint_follower-18] [INFO] [1790989074.358409159] [waypoint_follower]: Arrived at 96'th waypoint, sleeping for 200 milliseconds
[waypoint_follower-18] [INFO] [1790989074.559270078] [waypoint_follower]: Task execution at waypoint 96 succeeded
[waypoint_follower-18] [INFO] [1790989074.559315328] [waypoint_follower]: Handled task execution on waypoint 96, moving to next.
[bt_navigator-17] [INFO] [1790989074.559695905] [bt_navigator]: Begin navigating from current location (0.12, 2.77) to (0.17, 2.56)
[controller_server-12] [INFO] [1790989074.580156791] [controller_server]: Received a goal, begin computing control effort.
[controller_server-12] [INFO] [1790989075.034203012] [controller_server]: Reached the goal!
[controller_server-12] [INFO] [1790989075.034663328] [controller_server]: Optimizer reset
[bt_navigator-17] [INFO] [1790989075.059935026] [bt_navigator]: Goal succeeded
[waypoint_follower-18] [INFO] [1790989075.712333939] [waypoint_follower]: Succeeded processing waypoint 97, processing waypoint task execution
[waypoint_follower-18] [INFO] [1790989075.712360663] [waypoint_follower]: Arrived at 97'th waypoint, sleeping for 200 milliseconds
[waypoint_follower-18] [INFO] [1790989075.912258374] [waypoint_follower]: Task execution at waypoint 97 succeeded
[waypoint_follower-18] [INFO] [1790989075.912302752] [waypoint_follower]: Handled task execution on waypoint 97, moving to next.
[bt_navigator-17] [INFO] [1790989075.913160930] [bt_navigator]: Begin navigating from current location (0.11, 2.73) to (0.18, 2.45)
[controller_server-12] [INFO] [1790989075.933683928] [controller_server]: Received a goal, begin computing control effort.
[sync_slam_toolbox_node-11] W20261002 21:57:56.481312 52705 preprocessor.cc:67] Specified options.num_threads: 50 exceeds maximum available from the threading model Ceres was compiled with: 16.  Bounding to maximum number available.
[controller_server-12] [INFO] [1790989076.487508752] [controller_server]: Reached the goal!
[controller_server-12] [INFO] [1790989076.487969338] [controller_server]: Optimizer reset
[bt_navigator-17] [INFO] [1790989076.513368861] [bt_navigator]: Goal succeeded
[waypoint_follower-18] [INFO] [1790989077.166057862] [waypoint_follower]: Succeeded processing waypoint 98, processing waypoint task execution
[waypoint_follower-18] [INFO] [1790989077.166086890] [waypoint_follower]: Arrived at 98'th waypoint, sleeping for 200 milliseconds
[waypoint_follower-18] [INFO] [1790989077.364294493] [waypoint_follower]: Task execution at waypoint 98 succeeded
[waypoint_follower-18] [INFO] [1790989077.364332068] [waypoint_follower]: Handled task execution on waypoint 98, moving to next.
[bt_navigator-17] [INFO] [1790989077.364732475] [bt_navigator]: Begin navigating from current location (0.10, 2.67) to (0.24, 2.30)
[controller_server-12] [INFO] [1790989077.385160976] [controller_server]: Received a goal, begin computing control effort.
[controller_server-12] [INFO] [1790989078.435283460] [controller_server]: Passing new path to controller.
[sync_slam_toolbox_node-11] W20261002 21:57:58.573046 52705 preprocessor.cc:67] Specified options.num_threads: 50 exceeds maximum available from the threading model Ceres was compiled with: 16.  Bounding to maximum number available.
[controller_server-12] [INFO] [1790989078.589146210] [controller_server]: Reached the goal!
[controller_server-12] [INFO] [1790989078.589466979] [controller_server]: Optimizer reset
[bt_navigator-17] [INFO] [1790989078.614950809] [bt_navigator]: Goal succeeded
[controller_server-12] [INFO] [1790989079.032224617] [local_costmap.local_costmap]: StaticLayer: Resizing static layer to 532 X 401 at 0.050000 m/pix
[waypoint_follower-18] [INFO] [1790989079.269308997] [waypoint_follower]: Succeeded processing waypoint 99, processing waypoint task execution
[waypoint_follower-18] [INFO] [1790989079.269342824] [waypoint_follower]: Arrived at 99'th waypoint, sleeping for 200 milliseconds
[waypoint_follower-18] [INFO] [1790989079.470285967] [waypoint_follower]: Task execution at waypoint 99 succeeded
[waypoint_follower-18] [INFO] [1790989079.470330475] [waypoint_follower]: Handled task execution on waypoint 99, moving to next.
[bt_navigator-17] [INFO] [1790989079.470701524] [bt_navigator]: Begin navigating from current location (0.13, 2.50) to (0.22, 2.19)
[controller_server-12] [INFO] [1790989079.491159503] [controller_server]: Received a goal, begin computing control effort.
[planner_server-14] [INFO] [1790989079.494892561] [global_costmap.global_costmap]: StaticLayer: Resizing costmap to 532 X 401 at 0.050000 m/pix
[controller_server-12] [INFO] [1790989080.246548994] [controller_server]: Reached the goal!
[controller_server-12] [INFO] [1790989080.246859482] [controller_server]: Optimizer reset
[bt_navigator-17] [INFO] [1790989080.270897133] [bt_navigator]: Goal succeeded
[waypoint_follower-18] [INFO] [1790989080.923945664] [waypoint_follower]: Succeeded processing waypoint 100, processing waypoint task execution
[waypoint_follower-18] [INFO] [1790989080.923978610] [waypoint_follower]: Arrived at 100'th waypoint, sleeping for 200 milliseconds
[waypoint_follower-18] [INFO] [1790989081.123300944] [waypoint_follower]: Task execution at waypoint 100 succeeded
[waypoint_follower-18] [INFO] [1790989081.123333950] [waypoint_follower]: Handled task execution on waypoint 100, moving to next.
[bt_navigator-17] [INFO] [1790989081.123690319] [bt_navigator]: Begin navigating from current location (0.13, 2.40) to (0.23, 2.04)
[controller_server-12] [INFO] [1790989081.144193367] [controller_server]: Received a goal, begin computing control effort.
[controller_server-12] [INFO] [1790989082.149238022] [controller_server]: Reached the goal!
[controller_server-12] [INFO] [1790989082.149548109] [controller_server]: Optimizer reset
[bt_navigator-17] [INFO] [1790989082.173890346] [bt_navigator]: Goal succeeded
[waypoint_follower-18] [INFO] [1790989082.827615780] [waypoint_follower]: Succeeded processing waypoint 101, processing waypoint task execution
[waypoint_follower-18] [INFO] [1790989082.827642764] [waypoint_follower]: Arrived at 101'th waypoint, sleeping for 200 milliseconds
[waypoint_follower-18] [INFO] [1790989083.028307666] [waypoint_follower]: Task execution at waypoint 101 succeeded
[waypoint_follower-18] [INFO] [1790989083.028346704] [waypoint_follower]: Handled task execution on waypoint 101, moving to next.
[bt_navigator-17] [INFO] [1790989083.028770598] [bt_navigator]: Begin navigating from current location (0.10, 2.23) to (0.23, 1.93)
[controller_server-12] [INFO] [1790989083.049287232] [controller_server]: Received a goal, begin computing control effort.
[controller_server-12] [INFO] [1790989083.804392479] [controller_server]: Reached the goal!
[controller_server-12] [INFO] [1790989083.804766302] [controller_server]: Optimizer reset
[bt_navigator-17] [INFO] [1790989083.828981788] [bt_navigator]: Goal succeeded
[waypoint_follower-18] [INFO] [1790989084.481931085] [waypoint_follower]: Succeeded processing waypoint 102, processing waypoint task execution
[waypoint_follower-18] [INFO] [1790989084.481960574] [waypoint_follower]: Arrived at 102'th waypoint, sleeping for 200 milliseconds
[waypoint_follower-18] [INFO] [1790989084.681269745] [waypoint_follower]: Task execution at waypoint 102 succeeded
[waypoint_follower-18] [INFO] [1790989084.681311338] [waypoint_follower]: Handled task execution on waypoint 102, moving to next.
[bt_navigator-17] [INFO] [1790989084.681909318] [bt_navigator]: Begin navigating from current location (0.11, 2.14) to (0.22, 1.77)
[controller_server-12] [INFO] [1790989084.702571942] [controller_server]: Received a goal, begin computing control effort.
[controller_server-12] [INFO] [1790989085.752689796] [controller_server]: Passing new path to controller.
[controller_server-12] [INFO] [1790989085.756717250] [controller_server]: Reached the goal!
[controller_server-12] [INFO] [1790989085.756901888] [controller_server]: Optimizer reset
[bt_navigator-17] [INFO] [1790989085.792122550] [bt_navigator]: Goal succeeded
[waypoint_follower-18] [INFO] [1790989086.435701149] [waypoint_follower]: Succeeded processing waypoint 103, processing waypoint task execution
[waypoint_follower-18] [INFO] [1790989086.435731500] [waypoint_follower]: Arrived at 103'th waypoint, sleeping for 200 milliseconds
[waypoint_follower-18] [INFO] [1790989086.634271576] [waypoint_follower]: Task execution at waypoint 103 succeeded
[waypoint_follower-18] [INFO] [1790989086.634311435] [waypoint_follower]: Handled task execution on waypoint 103, moving to next.
[bt_navigator-17] [INFO] [1790989086.634916198] [bt_navigator]: Begin navigating from current location (0.11, 1.95) to (0.21, 1.64)
[controller_server-12] [INFO] [1790989086.655444987] [controller_server]: Received a goal, begin computing control effort.
[controller_server-12] [INFO] [1790989087.409568842] [controller_server]: Reached the goal!
[controller_server-12] [INFO] [1790989087.409771726] [controller_server]: Optimizer reset
[bt_navigator-17] [INFO] [1790989087.435114834] [bt_navigator]: Goal succeeded
[waypoint_follower-18] [INFO] [1790989088.088211692] [waypoint_follower]: Succeeded processing waypoint 104, processing waypoint task execution
[waypoint_follower-18] [INFO] [1790989088.088240219] [waypoint_follower]: Arrived at 104'th waypoint, sleeping for 200 milliseconds
[waypoint_follower-18] [INFO] [1790989088.287296378] [waypoint_follower]: Task execution at waypoint 104 succeeded
[waypoint_follower-18] [INFO] [1790989088.287336748] [waypoint_follower]: Handled task execution on waypoint 104, moving to next.
[bt_navigator-17] [INFO] [1790989088.287730392] [bt_navigator]: Begin navigating from current location (0.11, 1.85) to (0.21, 1.53)
[controller_server-12] [INFO] [1790989088.308155954] [controller_server]: Received a goal, begin computing control effort.
[controller_server-12] [INFO] [1790989089.112047614] [controller_server]: Reached the goal!
[controller_server-12] [INFO] [1790989089.112267071] [controller_server]: Optimizer reset
[bt_navigator-17] [INFO] [1790989089.137952219] [bt_navigator]: Goal succeeded
[waypoint_follower-18] [INFO] [1790989089.791650180] [waypoint_follower]: Succeeded processing waypoint 105, processing waypoint task execution
[waypoint_follower-18] [INFO] [1790989089.791679318] [waypoint_follower]: Arrived at 105'th waypoint, sleeping for 200 milliseconds
[waypoint_follower-18] [INFO] [1790989089.991305920] [waypoint_follower]: Task execution at waypoint 105 succeeded
[waypoint_follower-18] [INFO] [1790989089.991347754] [waypoint_follower]: Handled task execution on waypoint 105, moving to next.
[bt_navigator-17] [INFO] [1790989089.992010883] [bt_navigator]: Begin navigating from current location (0.11, 1.74) to (0.21, 1.36)
[controller_server-12] [INFO] [1790989090.012528659] [controller_server]: Received a goal, begin computing control effort.
[controller_server-12] [INFO] [1790989091.062650974] [controller_server]: Passing new path to controller.
[controller_server-12] [INFO] [1790989091.116548858] [controller_server]: Reached the goal!
[controller_server-12] [INFO] [1790989091.116733154] [controller_server]: Optimizer reset
[bt_navigator-17] [INFO] [1790989091.142298242] [bt_navigator]: Goal succeeded
[waypoint_follower-18] [INFO] [1790989091.797420545] [waypoint_follower]: Succeeded processing waypoint 106, processing waypoint task execution
[waypoint_follower-18] [INFO] [1790989091.797450895] [waypoint_follower]: Arrived at 106'th waypoint, sleeping for 200 milliseconds
[waypoint_follower-18] [INFO] [1790989091.996342380] [waypoint_follower]: Task execution at waypoint 106 succeeded
[waypoint_follower-18] [INFO] [1790989091.996382640] [waypoint_follower]: Handled task execution on waypoint 106, moving to next.
[bt_navigator-17] [INFO] [1790989091.996795712] [bt_navigator]: Begin navigating from current location (0.10, 1.55) to (0.21, 1.26)
[controller_server-12] [INFO] [1790989092.017243899] [controller_server]: Received a goal, begin computing control effort.
[controller_server-12] [INFO] [1790989092.771382983] [controller_server]: Reached the goal!
[controller_server-12] [INFO] [1790989092.771575215] [controller_server]: Optimizer reset
[bt_navigator-17] [INFO] [1790989092.797030995] [bt_navigator]: Goal succeeded
[waypoint_follower-18] [INFO] [1790989093.450327113] [waypoint_follower]: Succeeded processing waypoint 107, processing waypoint task execution
[waypoint_follower-18] [INFO] [1790989093.450360860] [waypoint_follower]: Arrived at 107'th waypoint, sleeping for 200 milliseconds
[waypoint_follower-18] [INFO] [1790989093.649672146] [waypoint_follower]: Task execution at waypoint 107 succeeded
[waypoint_follower-18] [INFO] [1790989093.649719410] [waypoint_follower]: Handled task execution on waypoint 107, moving to next.
[bt_navigator-17] [INFO] [1790989093.650182171] [bt_navigator]: Begin navigating from current location (0.09, 1.46) to (0.20, 1.16)
[controller_server-12] [INFO] [1790989093.670835025] [controller_server]: Received a goal, begin computing control effort.
[controller_server-12] [INFO] [1790989094.474049803] [controller_server]: Reached the goal!
[controller_server-12] [INFO] [1790989094.474221414] [controller_server]: Optimizer reset
[bt_navigator-17] [INFO] [1790989094.500448980] [bt_navigator]: Goal succeeded
[waypoint_follower-18] [INFO] [1790989095.154224120] [waypoint_follower]: Succeeded processing waypoint 108, processing waypoint task execution
[waypoint_follower-18] [INFO] [1790989095.154268919] [waypoint_follower]: Arrived at 108'th waypoint, sleeping for 200 milliseconds
[waypoint_follower-18] [INFO] [1790989095.353342118] [waypoint_follower]: Task execution at waypoint 108 succeeded
[waypoint_follower-18] [INFO] [1790989095.353385674] [waypoint_follower]: Handled task execution on waypoint 108, moving to next.
[bt_navigator-17] [INFO] [1790989095.353816101] [bt_navigator]: Begin navigating from current location (0.09, 1.35) to (0.19, 1.05)
[controller_server-12] [INFO] [1790989095.374329076] [controller_server]: Received a goal, begin computing control effort.
[controller_server-12] [INFO] [1790989096.128276503] [controller_server]: Reached the goal!
[controller_server-12] [INFO] [1790989096.128681499] [controller_server]: Optimizer reset
[bt_navigator-17] [INFO] [1790989096.154065095] [bt_navigator]: Goal succeeded
[waypoint_follower-18] [INFO] [1790989096.807360518] [waypoint_follower]: Succeeded processing waypoint 109, processing waypoint task execution
[waypoint_follower-18] [INFO] [1790989096.807388604] [waypoint_follower]: Arrived at 109'th waypoint, sleeping for 200 milliseconds
[waypoint_follower-18] [INFO] [1790989097.006329818] [waypoint_follower]: Task execution at waypoint 109 succeeded
[waypoint_follower-18] [INFO] [1790989097.006370890] [waypoint_follower]: Handled task execution on waypoint 109, moving to next.
[bt_navigator-17] [INFO] [1790989097.006785745] [bt_navigator]: Begin navigating from current location (0.08, 1.24) to (0.18, 0.94)
[controller_server-12] [INFO] [1790989097.027224652] [controller_server]: Received a goal, begin computing control effort.
[controller_server-12] [INFO] [1790989097.782768773] [controller_server]: Reached the goal!
[controller_server-12] [INFO] [1790989097.782986596] [controller_server]: Optimizer reset
[bt_navigator-17] [INFO] [1790989097.807018553] [bt_navigator]: Goal succeeded
[waypoint_follower-18] [INFO] [1790989098.460268174] [waypoint_follower]: Succeeded processing waypoint 110, processing waypoint task execution
[waypoint_follower-18] [INFO] [1790989098.460298083] [waypoint_follower]: Arrived at 110'th waypoint, sleeping for 200 milliseconds
[waypoint_follower-18] [INFO] [1790989098.659324132] [waypoint_follower]: Task execution at waypoint 110 succeeded
[waypoint_follower-18] [INFO] [1790989098.659366496] [waypoint_follower]: Handled task execution on waypoint 110, moving to next.
[bt_navigator-17] [INFO] [1790989098.659728997] [bt_navigator]: Begin navigating from current location (0.08, 1.15) to (0.15, 0.79)
[controller_server-12] [INFO] [1790989098.680194948] [controller_server]: Received a goal, begin computing control effort.
[controller_server-12] [INFO] [1790989099.634285809] [controller_server]: Reached the goal!
[controller_server-12] [INFO] [1790989099.635100159] [controller_server]: Optimizer reset
[bt_navigator-17] [INFO] [1790989099.659995413] [bt_navigator]: Goal succeeded
[waypoint_follower-18] [INFO] [1790989100.313893392] [waypoint_follower]: Succeeded processing waypoint 111, processing waypoint task execution
[waypoint_follower-18] [INFO] [1790989100.313935676] [waypoint_follower]: Arrived at 111'th waypoint, sleeping for 200 milliseconds
[waypoint_follower-18] [INFO] [1790989100.514151929] [waypoint_follower]: Task execution at waypoint 111 succeeded
[waypoint_follower-18] [INFO] [1790989100.514694178] [waypoint_follower]: Handled task execution on waypoint 111, moving to next.
[bt_navigator-17] [INFO] [1790989100.515076729] [bt_navigator]: Begin navigating from current location (0.07, 1.00) to (0.14, 0.64)
[controller_server-12] [INFO] [1790989100.535599252] [controller_server]: Received a goal, begin computing control effort.
[controller_server-12] [INFO] [1790989101.489256522] [controller_server]: Reached the goal!
[controller_server-12] [INFO] [1790989101.489469145] [controller_server]: Optimizer reset
[bt_navigator-17] [INFO] [1790989101.515275361] [bt_navigator]: Goal succeeded
[waypoint_follower-18] [INFO] [1790989102.168982098] [waypoint_follower]: Succeeded processing waypoint 112, processing waypoint task execution
[waypoint_follower-18] [INFO] [1790989102.169011126] [waypoint_follower]: Arrived at 112'th waypoint, sleeping for 200 milliseconds
[waypoint_follower-18] [INFO] [1790989102.368183948] [waypoint_follower]: Task execution at waypoint 112 succeeded
[waypoint_follower-18] [INFO] [1790989102.368227254] [waypoint_follower]: Handled task execution on waypoint 112, moving to next.
[bt_navigator-17] [INFO] [1790989102.368619204] [bt_navigator]: Begin navigating from current location (0.05, 0.84) to (0.13, 0.53)
[controller_server-12] [INFO] [1790989102.389116206] [controller_server]: Received a goal, begin computing control effort.
[controller_server-12] [INFO] [1790989103.093376790] [controller_server]: Reached the goal!
[controller_server-12] [INFO] [1790989103.093575586] [controller_server]: Optimizer reset
[bt_navigator-17] [INFO] [1790989103.118870363] [bt_navigator]: Goal succeeded
[waypoint_follower-18] [INFO] [1790989103.721686656] [waypoint_follower]: Succeeded processing waypoint 113, processing waypoint task execution
[waypoint_follower-18] [INFO] [1790989103.721713760] [waypoint_follower]: Arrived at 113'th waypoint, sleeping for 200 milliseconds
[waypoint_follower-18] [INFO] [1790989103.922170264] [waypoint_follower]: Task execution at waypoint 113 succeeded
[waypoint_follower-18] [INFO] [1790989103.922209202] [waypoint_follower]: Handled task execution on waypoint 113, moving to next.
[bt_navigator-17] [INFO] [1790989103.922608276] [bt_navigator]: Begin navigating from current location (0.05, 0.75) to (0.11, 0.42)
[controller_server-12] [INFO] [1790989103.943072863] [controller_server]: Received a goal, begin computing control effort.
[controller_server-12] [INFO] [1790989104.697292605] [controller_server]: Reached the goal!
[controller_server-12] [INFO] [1790989104.697459958] [controller_server]: Optimizer reset
[bt_navigator-17] [INFO] [1790989104.722804765] [bt_navigator]: Goal succeeded
[waypoint_follower-18] [INFO] [1790989105.375803030] [waypoint_follower]: Succeeded processing waypoint 114, processing waypoint task execution
[waypoint_follower-18] [INFO] [1790989105.375831667] [waypoint_follower]: Arrived at 114'th waypoint, sleeping for 200 milliseconds
[waypoint_follower-18] [INFO] [1790989105.575173420] [waypoint_follower]: Task execution at waypoint 114 succeeded
[waypoint_follower-18] [INFO] [1790989105.575736220] [waypoint_follower]: Handled task execution on waypoint 114, moving to next.
[bt_navigator-17] [INFO] [1790989105.576102108] [bt_navigator]: Begin navigating from current location (0.04, 0.64) to (0.10, 0.32)
[controller_server-12] [INFO] [1790989105.596549530] [controller_server]: Received a goal, begin computing control effort.
[controller_server-12] [INFO] [1790989106.300447120] [controller_server]: Reached the goal!
[controller_server-12] [INFO] [1790989106.300656326] [controller_server]: Optimizer reset
[bt_navigator-17] [INFO] [1790989106.326309936] [bt_navigator]: Goal succeeded
[waypoint_follower-18] [INFO] [1790989106.979224226] [waypoint_follower]: Succeeded processing waypoint 115, processing waypoint task execution
[waypoint_follower-18] [INFO] [1790989106.979253454] [waypoint_follower]: Arrived at 115'th waypoint, sleeping for 200 milliseconds
[waypoint_follower-18] [INFO] [1790989107.180190507] [waypoint_follower]: Task execution at waypoint 115 succeeded
[waypoint_follower-18] [INFO] [1790989107.180229524] [waypoint_follower]: Handled task execution on waypoint 115, moving to next.
[bt_navigator-17] [INFO] [1790989107.180621294] [bt_navigator]: Begin navigating from current location (0.03, 0.54) to (0.00, 0.00)
[controller_server-12] [INFO] [1790989107.201087734] [controller_server]: Received a goal, begin computing control effort.
[controller_server-12] [INFO] [1790989108.251256257] [controller_server]: Passing new path to controller.
[controller_server-12] [INFO] [1790989108.606163745] [controller_server]: Reached the goal!
[controller_server-12] [INFO] [1790989108.606473431] [controller_server]: Optimizer reset
[bt_navigator-17] [INFO] [1790989108.630876993] [bt_navigator]: Goal succeeded
[waypoint_follower-18] [INFO] [1790989109.285917658] [waypoint_follower]: Succeeded processing waypoint 116, processing waypoint task execution
[waypoint_follower-18] [INFO] [1790989109.285959120] [waypoint_follower]: Arrived at 116'th waypoint, sleeping for 200 milliseconds
[waypoint_follower-18] [INFO] [1790989109.484172961] [waypoint_follower]: Task execution at waypoint 116 succeeded
[waypoint_follower-18] [INFO] [1790989109.484214083] [waypoint_follower]: Handled task execution on waypoint 116, moving to next.
[bt_navigator-17] [INFO] [1790989109.484631603] [bt_navigator]: Begin navigating from current location (0.01, 0.22) to (0.09, 0.20)
[controller_server-12] [INFO] [1790989109.505072612] [controller_server]: Received a goal, begin computing control effort.
[controller_server-12] [INFO] [1790989109.509098321] [controller_server]: Reached the goal!
[controller_server-12] [INFO] [1790989109.509330573] [controller_server]: Optimizer reset
[bt_navigator-17] [INFO] [1790989109.534843373] [bt_navigator]: Goal succeeded
[waypoint_follower-18] [INFO] [1790989109.885420531] [waypoint_follower]: Succeeded processing waypoint 117, processing waypoint task execution
[waypoint_follower-18] [INFO] [1790989109.885449549] [waypoint_follower]: Arrived at 117'th waypoint, sleeping for 200 milliseconds
[waypoint_follower-18] [INFO] [1790989110.084156901] [waypoint_follower]: Task execution at waypoint 117 succeeded
[waypoint_follower-18] [INFO] [1790989110.084202852] [waypoint_follower]: Handled task execution on waypoint 117, moving to next.
[waypoint_follower-18] [INFO] [1790989110.084211830] [waypoint_follower]: Completed all 118 waypoints requested.
