[INFO] [launch]: All log files can be found below /home/eduardo/.ros/log/2026-10-02-22-06-21-038863-eduardo-B550M-AORUS-ELITE-56082
[INFO] [launch]: Default logging verbosity is set to INFO
[INFO] [xacro-1]: process started with pid [56102]
[INFO] [parameter_bridge-2]: process started with pid [56103]
[INFO] [image_bridge-3]: process started with pid [56104]
[INFO] [image_bridge-4]: process started with pid [56105]
[INFO] [create-5]: process started with pid [56106]
[INFO] [gazebo-6]: process started with pid [56107]
[INFO] [robot_state_publisher-7]: process started with pid [56108]
[INFO] [rviz2-8]: process started with pid [56109]
[INFO] [parameter_bridge-9]: process started with pid [56113]
[INFO] [ground_truth_filter-10]: process started with pid [56114]
[robot_state_publisher-7] [WARN] [1790989581.506568150] [kdl_parser]: The root link base_link has an inertia specified in the URDF, but KDL does not support a root link with an inertia.  As a workaround, you can add an extra dummy link to your URDF.
[robot_state_publisher-7] [INFO] [1790989581.506692867] [robot_state_publisher]: Robot initialized
[create-5] [INFO] [1790989581.523051133] [ros_gz_sim]: Requesting list of world names.
[INFO] [xacro-1]: process has finished cleanly [pid 56102]
[parameter_bridge-9] [INFO] [1790989581.548088780] [bridge_ground_truth]: Creating GZ->ROS Bridge: [/world/warehouse/dynamic_pose/info (gz.msgs.Pose_V) -> /world/warehouse/dynamic_pose/info (tf2_msgs/msg/TFMessage)] (Lazy 0)
[rviz2-8] [INFO] [1790989581.752409313] [rviz2]: Stereo is NOT SUPPORTED
[rviz2-8] [INFO] [1790989581.752525534] [rviz2]: OpenGl version: 4.6 (GLSL 4.6)
[rviz2-8] [INFO] [1790989581.769324685] [rviz2]: Stereo is NOT SUPPORTED
[create-5] [INFO] [1790989582.313362634] [ros_gz_sim]: Waiting messages on topic [robot_description].
[create-5] [INFO] [1790989582.324597613] [ros_gz_sim]: Entity creation successful.
[INFO] [create-5]: process has finished cleanly [pid 56106]
[parameter_bridge-2] [INFO] [1790989582.534075700] [bridge_ros_gz]: Creating GZ->ROS Bridge: [/clock (gz.msgs.Clock) -> clock (rosgraph_msgs/msg/Clock)] (Lazy 0)
[parameter_bridge-2] [INFO] [1790989582.535045075] [bridge_ros_gz]: Creating GZ->ROS Bridge: [joint_states (gz.msgs.Model) -> joint_states (sensor_msgs/msg/JointState)] (Lazy 0)
[parameter_bridge-2] [INFO] [1790989582.537178193] [bridge_ros_gz]: Creating GZ->ROS Bridge: [/odom (gz.msgs.Odometry) -> odom (nav_msgs/msg/Odometry)] (Lazy 0)
[parameter_bridge-2] [INFO] [1790989582.538475530] [bridge_ros_gz]: Creating GZ->ROS Bridge: [/tf (gz.msgs.Pose_V) -> tf (tf2_msgs/msg/TFMessage)] (Lazy 0)
[parameter_bridge-2] [INFO] [1790989582.539696125] [bridge_ros_gz]: Creating GZ->ROS Bridge: [/imu (gz.msgs.IMU) -> imu (sensor_msgs/msg/Imu)] (Lazy 0)
[parameter_bridge-2] [INFO] [1790989582.540184294] [bridge_ros_gz]: Creating GZ->ROS Bridge: [/scan (gz.msgs.LaserScan) -> scan (sensor_msgs/msg/LaserScan)] (Lazy 0)
[parameter_bridge-2] [INFO] [1790989582.540626863] [bridge_ros_gz]: Creating ROS->GZ Bridge: [cmd_vel (geometry_msgs/msg/Twist) -> /cmd_vel (gz.msgs.Twist)] (Lazy 0)
[parameter_bridge-2] [INFO] [1790989582.541298768] [bridge_ros_gz]: Creating GZ->ROS Bridge: [/rgbd_camera/camera_info (gz.msgs.CameraInfo) -> /rgbd_camera/camera_info (sensor_msgs/msg/CameraInfo)] (Lazy 0)
[gazebo-6] [1;33mWarning [Utils.cc:132][0m [/sdf/model[@name="turtlebot4"]/link[@name="rplidar_link"]/sensor[@name="rplidar"]/gz_frame_id:<urdf-string>:L0]: XML Element[gz_frame_id], child of element[sensor], not defined in SDF. Copying[gz_frame_id] as children of [sensor].
[INFO] [sync_slam_toolbox_node-11]: process started with pid [56400]
[sync_slam_toolbox_node-11] [INFO] [1790989589.661141207] [slam_toolbox]: Node using stack size 40000000
[sync_slam_toolbox_node-11] [INFO] [1790989590.867331761] [slam_toolbox]: Configuring
[sync_slam_toolbox_node-11] [INFO] [1790989590.873114869] [slam_toolbox]: Using solver plugin solver_plugins::CeresSolver
[sync_slam_toolbox_node-11] [INFO] [1790989590.873336599] [slam_toolbox]: CeresSolver: Using SCHUR_JACOBI preconditioner.
[INFO] [launch.user]: [LifecycleLaunch] Slamtoolbox node is activating.
[sync_slam_toolbox_node-11] [INFO] [1790989590.884809149] [slam_toolbox]: Activating
[sync_slam_toolbox_node-11] Registering sensor: [Custom Described Lidar]
[INFO] [controller_server-12]: process started with pid [56423]
[INFO] [smoother_server-13]: process started with pid [56424]
[INFO] [planner_server-14]: process started with pid [56425]
[INFO] [route_server-15]: process started with pid [56426]
[INFO] [behavior_server-16]: process started with pid [56427]
[INFO] [bt_navigator-17]: process started with pid [56428]
[INFO] [waypoint_follower-18]: process started with pid [56429]
[INFO] [velocity_smoother-19]: process started with pid [56430]
[INFO] [collision_monitor-20]: process started with pid [56431]
[INFO] [opennav_docking-21]: process started with pid [56432]
[INFO] [lifecycle_manager-22]: process started with pid [56433]
[velocity_smoother-19] [INFO] [1790989593.647393973] [velocity_smoother]: 
[velocity_smoother-19] 	velocity_smoother lifecycle node launched. 
[velocity_smoother-19] 	Waiting on external lifecycle transitions to activate
[velocity_smoother-19] 	See https://design.ros2.org/articles/node_lifecycle.html for more information.
[smoother_server-13] [INFO] [1790989593.658781674] [smoother_server]: 
[smoother_server-13] 	smoother_server lifecycle node launched. 
[smoother_server-13] 	Waiting on external lifecycle transitions to activate
[smoother_server-13] 	See https://design.ros2.org/articles/node_lifecycle.html for more information.
[smoother_server-13] [INFO] [1790989593.660019413] [smoother_server]: Creating smoother server
[waypoint_follower-18] [INFO] [1790989593.661593520] [waypoint_follower]: 
[waypoint_follower-18] 	waypoint_follower lifecycle node launched. 
[waypoint_follower-18] 	Waiting on external lifecycle transitions to activate
[waypoint_follower-18] 	See https://design.ros2.org/articles/node_lifecycle.html for more information.
[waypoint_follower-18] [INFO] [1790989593.662115987] [waypoint_follower]: Creating
[behavior_server-16] [INFO] [1790989593.669176753] [behavior_server]: 
[behavior_server-16] 	behavior_server lifecycle node launched. 
[behavior_server-16] 	Waiting on external lifecycle transitions to activate
[behavior_server-16] 	See https://design.ros2.org/articles/node_lifecycle.html for more information.
[route_server-15] [INFO] [1790989593.678497469] [route_server]: 
[route_server-15] 	route_server lifecycle node launched. 
[route_server-15] 	Waiting on external lifecycle transitions to activate
[route_server-15] 	See https://design.ros2.org/articles/node_lifecycle.html for more information.
[lifecycle_manager-22] [INFO] [1790989593.678663939] [lifecycle_manager_navigation]: Creating
[bt_navigator-17] [INFO] [1790989593.682898701] [bt_navigator]: 
[bt_navigator-17] 	bt_navigator lifecycle node launched. 
[bt_navigator-17] 	Waiting on external lifecycle transitions to activate
[bt_navigator-17] 	See https://design.ros2.org/articles/node_lifecycle.html for more information.
[opennav_docking-21] [INFO] [1790989593.683016746] [docking_server]: 
[opennav_docking-21] 	docking_server lifecycle node launched. 
[opennav_docking-21] 	Waiting on external lifecycle transitions to activate
[opennav_docking-21] 	See https://design.ros2.org/articles/node_lifecycle.html for more information.
[opennav_docking-21] [INFO] [1790989593.683094400] [docking_server]: Creating docking_server
[bt_navigator-17] [INFO] [1790989593.684368130] [bt_navigator]: Creating
[lifecycle_manager-22] [INFO] [1790989593.684726482] [lifecycle_manager_navigation]: [34m[1mCreating and initializing lifecycle service clients[0m[0m
[controller_server-12] [INFO] [1790989593.685549307] [controller_server]: 
[controller_server-12] 	controller_server lifecycle node launched. 
[controller_server-12] 	Waiting on external lifecycle transitions to activate
[controller_server-12] 	See https://design.ros2.org/articles/node_lifecycle.html for more information.
[planner_server-14] [INFO] [1790989593.686021705] [planner_server]: 
[planner_server-14] 	planner_server lifecycle node launched. 
[planner_server-14] 	Waiting on external lifecycle transitions to activate
[planner_server-14] 	See https://design.ros2.org/articles/node_lifecycle.html for more information.
[planner_server-14] [INFO] [1790989593.687164485] [planner_server]: Creating
[collision_monitor-20] [INFO] [1790989593.687262941] [collision_monitor]: 
[collision_monitor-20] 	collision_monitor lifecycle node launched. 
[collision_monitor-20] 	Waiting on external lifecycle transitions to activate
[collision_monitor-20] 	See https://design.ros2.org/articles/node_lifecycle.html for more information.
[controller_server-12] [INFO] [1790989593.688800896] [controller_server]: Creating controller server
[planner_server-14] [INFO] [1790989593.695968704] [global_costmap.global_costmap]: 
[planner_server-14] 	global_costmap lifecycle node launched. 
[planner_server-14] 	Waiting on external lifecycle transitions to activate
[planner_server-14] 	See https://design.ros2.org/articles/node_lifecycle.html for more information.
[planner_server-14] [INFO] [1790989593.696342757] [global_costmap.global_costmap]: Creating Costmap
[controller_server-12] [INFO] [1790989593.699159913] [local_costmap.local_costmap]: 
[controller_server-12] 	local_costmap lifecycle node launched. 
[controller_server-12] 	Waiting on external lifecycle transitions to activate
[controller_server-12] 	See https://design.ros2.org/articles/node_lifecycle.html for more information.
[controller_server-12] [INFO] [1790989593.699541431] [local_costmap.local_costmap]: Creating Costmap
[lifecycle_manager-22] [INFO] [1790989594.980920585] [lifecycle_manager_navigation]: [34m[1mStarting managed nodes bringup...[0m[0m
[lifecycle_manager-22] [INFO] [1790989594.980962919] [lifecycle_manager_navigation]: [34m[1mConfiguring controller_server[0m[0m
[controller_server-12] [INFO] [1790989594.981187906] [controller_server]: Configuring controller interface
[controller_server-12] [INFO] [1790989594.981206243] [controller_server]: getting progress checker plugins..
[controller_server-12] [INFO] [1790989594.981338054] [controller_server]: getting goal checker plugins..
[controller_server-12] [INFO] [1790989594.981440608] [controller_server]: Controller frequency set to 20.0000Hz
[controller_server-12] [INFO] [1790989594.981471309] [local_costmap.local_costmap]: Configuring
[controller_server-12] [INFO] [1790989594.987686375] [local_costmap.local_costmap]: Using plugin "static_layer"
[controller_server-12] [INFO] [1790989594.991034776] [local_costmap.local_costmap]: Subscribing to the map topic (/map) with transient local durability
[controller_server-12] [INFO] [1790989594.992694594] [local_costmap.local_costmap]: Initialized plugin "static_layer"
[controller_server-12] [INFO] [1790989594.992708091] [local_costmap.local_costmap]: Using plugin "voxel_layer"
[controller_server-12] [INFO] [1790989594.993209446] [local_costmap.local_costmap]: Subscribed to Topics: scan
[controller_server-12] [INFO] [1790989595.000848922] [local_costmap.local_costmap]: Initialized plugin "voxel_layer"
[controller_server-12] [INFO] [1790989595.000865314] [local_costmap.local_costmap]: Using plugin "inflation_layer"
[controller_server-12] [INFO] [1790989595.001415327] [local_costmap.local_costmap]: Initialized plugin "inflation_layer"
[controller_server-12] [INFO] [1790989595.013736603] [local_costmap.local_costmap]: StaticLayer: Resizing static layer to 436 X 301 at 0.050000 m/pix
[controller_server-12] [INFO] [1790989595.013867753] [controller_server]: Created progress_checker : progress_checker of type nav2_controller::SimpleProgressChecker
[controller_server-12] [INFO] [1790989595.014090906] [controller_server]: Controller Server has progress_checker  progress checkers available.
[controller_server-12] [INFO] [1790989595.014421794] [controller_server]: Created goal checker : general_goal_checker of type nav2_controller::SimpleGoalChecker
[controller_server-12] [INFO] [1790989595.014722311] [controller_server]: Controller Server has general_goal_checker  goal checkers available.
[controller_server-12] [INFO] [1790989595.015696506] [controller_server]: Created controller : FollowPath of type nav2_mppi_controller::MPPIController
[controller_server-12] [INFO] [1790989595.017366363] [controller_server]: Controller period is equal to model dt. Control sequence shifting is ON
[controller_server-12] [INFO] [1790989595.018359496] [controller_server]: ConstraintCritic instantiated with 1 power and 4.000000 weight.
[controller_server-12] [INFO] [1790989595.018377942] [controller_server]: Critic loaded : mppi::critics::ConstraintCritic
[controller_server-12] [INFO] [1790989595.019190206] [controller_server]: InflationCostCritic instantiated with 1 power and 300.000000 / 0.015000 weights. Critic will collision check based on footprint cost.
[controller_server-12] [INFO] [1790989595.019211859] [controller_server]: Critic loaded : mppi::critics::CostCritic
[controller_server-12] [INFO] [1790989595.019522205] [controller_server]: GoalCritic instantiated with 1 power and 5.000000 weight.
[controller_server-12] [INFO] [1790989595.019539630] [controller_server]: Critic loaded : mppi::critics::GoalCritic
[controller_server-12] [INFO] [1790989595.019935446] [controller_server]: GoalAngleCritic instantiated with 1 power, 3.000000 weight, 0.500000 angular threshold and symmetric_yaw_tolerance disabled
[controller_server-12] [INFO] [1790989595.019951708] [controller_server]: Critic loaded : mppi::critics::GoalAngleCritic
[controller_server-12] [INFO] [1790989595.020510067] [controller_server]: ReferenceTrajectoryCritic instantiated with 1 power and 14.000000 weight
[controller_server-12] [INFO] [1790989595.020526179] [controller_server]: Critic loaded : mppi::critics::PathAlignCritic
[controller_server-12] [INFO] [1790989595.020911124] [controller_server]: Critic loaded : mppi::critics::PathFollowCritic
[controller_server-12] [INFO] [1790989595.021485736] [controller_server]: PathAngleCritic instantiated with 1 power and 2.000000 weight. Mode set to: Forward Preference
[controller_server-12] [INFO] [1790989595.021521306] [controller_server]: Critic loaded : mppi::critics::PathAngleCritic
[controller_server-12] [INFO] [1790989595.021844568] [controller_server]: PreferForwardCritic instantiated with 1 power and 5.000000 weight.
[controller_server-12] [INFO] [1790989595.021859528] [controller_server]: Critic loaded : mppi::critics::PreferForwardCritic
[controller_server-12] [INFO] [1790989595.024057314] [controller_server]: Optimizer reset
[controller_server-12] [INFO] [1790989595.027304053] [MPPIController]: Configured MPPI Controller: FollowPath
[controller_server-12] [INFO] [1790989595.027319354] [controller_server]: Controller Server has FollowPath  controllers available.
[lifecycle_manager-22] [INFO] [1790989595.033246768] [lifecycle_manager_navigation]: [34m[1mConfiguring smoother_server[0m[0m
[smoother_server-13] [INFO] [1790989595.033410784] [smoother_server]: Configuring smoother server
[smoother_server-13] [INFO] [1790989595.043425778] [smoother_server]: Created smoother : simple_smoother of type nav2_smoother::SimpleSmoother
[smoother_server-13] [INFO] [1790989595.043913828] [smoother_server]: Smoother Server has simple_smoother  smoothers available.
[lifecycle_manager-22] [INFO] [1790989595.049551296] [lifecycle_manager_navigation]: [34m[1mConfiguring planner_server[0m[0m
[planner_server-14] [INFO] [1790989595.049722156] [planner_server]: Configuring
[planner_server-14] [INFO] [1790989595.049748077] [global_costmap.global_costmap]: Configuring
[planner_server-14] [INFO] [1790989595.056254301] [global_costmap.global_costmap]: Using plugin "static_layer"
[planner_server-14] [INFO] [1790989595.059007691] [global_costmap.global_costmap]: Subscribing to the map topic (/map) with transient local durability
[planner_server-14] [INFO] [1790989595.060175320] [global_costmap.global_costmap]: Initialized plugin "static_layer"
[planner_server-14] [INFO] [1790989595.060186883] [global_costmap.global_costmap]: Using plugin "obstacle_layer"
[planner_server-14] [INFO] [1790989595.060696085] [global_costmap.global_costmap]: Subscribed to Topics: scan
[planner_server-14] [INFO] [1790989595.063725944] [global_costmap.global_costmap]: Initialized plugin "obstacle_layer"
[planner_server-14] [INFO] [1790989595.063747186] [global_costmap.global_costmap]: Using plugin "inflation_layer"
[planner_server-14] [INFO] [1790989595.064207400] [global_costmap.global_costmap]: Initialized plugin "inflation_layer"
[planner_server-14] [INFO] [1790989595.079828009] [global_costmap.global_costmap]: StaticLayer: Resizing costmap to 436 X 301 at 0.050000 m/pix
[planner_server-14] [INFO] [1790989595.080189447] [planner_server]: Created global planner plugin GridBased of type nav2_navfn_planner::NavfnPlanner
[planner_server-14] [INFO] [1790989595.080208365] [planner_server]: Configuring plugin GridBased of type NavfnPlanner
[planner_server-14] [INFO] [1790989595.080771273] [planner_server]: Planner Server has GridBased  planners available.
[lifecycle_manager-22] [INFO] [1790989595.088286451] [lifecycle_manager_navigation]: [34m[1mConfiguring route_server[0m[0m
[route_server-15] [INFO] [1790989595.088492421] [route_server]: Configuring
[route_server-15] [INFO] [1790989595.108350478] [route_server]: Created GraphFileLoader GeoJsonGraphFileLoader of type nav2_route::GeoJsonGraphFileLoader
[route_server-15] [INFO] [1790989595.108378203] [route_server]: Configuring geojson graph file loader
[route_server-15] [INFO] [1790989595.108385257] [route_server]: No graph file provided to load yet.
[route_server-15] [INFO] [1790989595.110498915] [route_server]: Created edge cost function plugin DistanceScorer of type nav2_route::DistanceScorer
[route_server-15] [INFO] [1790989595.110515829] [route_server]: Configuring distance scorer.
[route_server-15] [INFO] [1790989595.110706027] [route_server]: Created edge cost function plugin DynamicEdgesScorer of type nav2_route::DynamicEdgesScorer
[route_server-15] [INFO] [1790989595.110721017] [route_server]: Configuring adjust edges scorer.
[route_server-15] [INFO] [1790989595.113303206] [route_server]: Created route operation AdjustSpeedLimit of type nav2_route::AdjustSpeedLimit
[route_server-15] [INFO] [1790989595.113320821] [route_server]: Configuring Adjust speed limit operation.
[route_server-15] [INFO] [1790989595.114049478] [route_server]: Created route operation ReroutingService of type nav2_route::ReroutingService
[route_server-15] [INFO] [1790989595.114064178] [route_server]: Configuring Rerouting service operation.
[lifecycle_manager-22] [INFO] [1790989595.116483593] [lifecycle_manager_navigation]: [34m[1mConfiguring behavior_server[0m[0m
[behavior_server-16] [INFO] [1790989595.116695274] [behavior_server]: Configuring
[behavior_server-16] [INFO] [1790989595.120203302] [behavior_server]: Creating behavior plugin spin of type nav2_behaviors::Spin
[behavior_server-16] [INFO] [1790989595.120874506] [behavior_server]: Creating behavior plugin backup of type nav2_behaviors::BackUp
[behavior_server-16] [INFO] [1790989595.121476752] [behavior_server]: Creating behavior plugin drive_on_heading of type nav2_behaviors::DriveOnHeading
[behavior_server-16] [INFO] [1790989595.122099700] [behavior_server]: Creating behavior plugin assisted_teleop of type nav2_behaviors::AssistedTeleop
[behavior_server-16] [INFO] [1790989595.123322689] [behavior_server]: Creating behavior plugin wait of type nav2_behaviors::Wait
[behavior_server-16] [INFO] [1790989595.129190014] [behavior_server]: Configuring spin
[behavior_server-16] [INFO] [1790989595.133550225] [behavior_server]: Configuring backup
[behavior_server-16] [INFO] [1790989595.136408153] [behavior_server]: Configuring drive_on_heading
[behavior_server-16] [INFO] [1790989595.139220990] [behavior_server]: Configuring assisted_teleop
[behavior_server-16] [INFO] [1790989595.143206758] [behavior_server]: Configuring wait
[lifecycle_manager-22] [INFO] [1790989595.146391133] [lifecycle_manager_navigation]: [34m[1mConfiguring velocity_smoother[0m[0m
[velocity_smoother-19] [INFO] [1790989595.146578666] [velocity_smoother]: Configuring velocity smoother
[lifecycle_manager-22] [INFO] [1790989595.150269397] [lifecycle_manager_navigation]: [34m[1mConfiguring collision_monitor[0m[0m
[collision_monitor-20] [INFO] [1790989595.150465527] [collision_monitor]: Configuring
[collision_monitor-20] [INFO] [1790989595.155079342] [collision_monitor]: [scan]: Creating Scan
[collision_monitor-20] [INFO] [1790989595.156739099] [collision_monitor]: [FootprintApproach]: Creating Polygon
[collision_monitor-20] [INFO] [1790989595.156913035] [collision_monitor]: [FootprintApproach]: Polygon points are not defined. Using dynamic subscription instead.
[collision_monitor-20] [INFO] [1790989595.157832962] [collision_monitor]: [FootprintApproach]: Making footprint subscriber on local_costmap/published_footprint topic
[lifecycle_manager-22] [INFO] [1790989595.167123186] [lifecycle_manager_navigation]: [34m[1mConfiguring bt_navigator[0m[0m
[bt_navigator-17] [INFO] [1790989595.167320869] [bt_navigator]: Configuring
[bt_navigator-17] [INFO] [1790989595.172488785] [bt_navigator]: Creating navigator id navigate_to_pose of type nav2_bt_navigator::NavigateToPoseNavigator
[bt_navigator-17] [INFO] [1790989595.222004044] [bt_navigator]: Creating navigator id navigate_through_poses of type nav2_bt_navigator::NavigateThroughPosesNavigator
[lifecycle_manager-22] [INFO] [1790989595.238666734] [lifecycle_manager_navigation]: [34m[1mConfiguring waypoint_follower[0m[0m
[waypoint_follower-18] [INFO] [1790989595.238858334] [waypoint_follower]: Configuring
[waypoint_follower-18] [INFO] [1790989595.256061407] [waypoint_follower]: Created waypoint_task_executor : wait_at_waypoint of type nav2_waypoint_follower::WaitAtWaypoint
[lifecycle_manager-22] [INFO] [1790989595.256787760] [lifecycle_manager_navigation]: [34m[1mConfiguring docking_server[0m[0m
[opennav_docking-21] [INFO] [1790989595.256991415] [docking_server]: Configuring docking_server
[opennav_docking-21] [INFO] [1790989595.257019280] [docking_server]: Controller frequency set to 50.0000Hz
[opennav_docking-21] [INFO] [1790989595.275857992] [docking_server]: Created charging dock plugin simple_charging_dock of type opennav_docking::SimpleChargingDock
[opennav_docking-21] [WARN] [1790989595.279297765] [docking_server]: Dock database filepath nor dock parameters set. Docking actions can only be executed specifying the dock pose via the action request. Or update the dock database via the reload_database service.
[opennav_docking-21] [INFO] [1790989595.279322293] [docking_server]: Docking Server has 1 dock types and 0 dock instances available.
[lifecycle_manager-22] [INFO] [1790989595.280469893] [lifecycle_manager_navigation]: [34m[1mActivating controller_server[0m[0m
[controller_server-12] [INFO] [1790989595.280630682] [controller_server]: Activating
[controller_server-12] [INFO] [1790989595.280662455] [local_costmap.local_costmap]: Activating
[controller_server-12] [INFO] [1790989595.280669920] [local_costmap.local_costmap]: Checking transform
[controller_server-12] [INFO] [1790989595.280754268] [local_costmap.local_costmap]: start
[controller_server-12] [WARN] [1790989595.531590250] [controller_server]: Parameter controller_server.verbose not found
[controller_server-12] [INFO] [1790989595.534028654] [controller_server]: Optimizer reset
[controller_server-12] [INFO] [1790989595.534246367] [MPPIController]: Activated MPPI Controller: FollowPath
[controller_server-12] [INFO] [1790989595.534272508] [controller_server]: Creating bond (controller_server) to lifecycle manager.
[lifecycle_manager-22] [INFO] [1790989595.638902380] [lifecycle_manager_navigation]: Server controller_server connected with bond.
[lifecycle_manager-22] [INFO] [1790989595.638940495] [lifecycle_manager_navigation]: [34m[1mActivating smoother_server[0m[0m
[smoother_server-13] [INFO] [1790989595.639196424] [smoother_server]: Activating
[smoother_server-13] [INFO] [1790989595.639224760] [smoother_server]: Creating bond (smoother_server) to lifecycle manager.
[lifecycle_manager-22] [INFO] [1790989595.742772352] [lifecycle_manager_navigation]: Server smoother_server connected with bond.
[lifecycle_manager-22] [INFO] [1790989595.742804365] [lifecycle_manager_navigation]: [34m[1mActivating planner_server[0m[0m
[planner_server-14] [INFO] [1790989595.743062618] [planner_server]: Activating
[planner_server-14] [INFO] [1790989595.743095384] [global_costmap.global_costmap]: Activating
[planner_server-14] [INFO] [1790989595.743103900] [global_costmap.global_costmap]: Checking transform
[planner_server-14] [INFO] [1790989595.743233468] [global_costmap.global_costmap]: start
[planner_server-14] [INFO] [1790989596.794255251] [planner_server]: Activating plugin GridBased of type NavfnPlanner
[planner_server-14] [INFO] [1790989596.795697405] [planner_server]: Creating bond (planner_server) to lifecycle manager.
[lifecycle_manager-22] [INFO] [1790989596.899190147] [lifecycle_manager_navigation]: Server planner_server connected with bond.
[lifecycle_manager-22] [INFO] [1790989596.899225407] [lifecycle_manager_navigation]: [34m[1mActivating route_server[0m[0m
[route_server-15] [INFO] [1790989596.899499882] [route_server]: Activating
[route_server-15] [INFO] [1790989596.899633468] [route_server]: Creating bond (route_server) to lifecycle manager.
[lifecycle_manager-22] [INFO] [1790989597.003829397] [lifecycle_manager_navigation]: Server route_server connected with bond.
[lifecycle_manager-22] [INFO] [1790989597.003863004] [lifecycle_manager_navigation]: [34m[1mActivating behavior_server[0m[0m
[behavior_server-16] [INFO] [1790989597.004147329] [behavior_server]: Activating
[behavior_server-16] [INFO] [1790989597.004168190] [behavior_server]: Activating spin
[behavior_server-16] [INFO] [1790989597.004177999] [behavior_server]: Activating backup
[behavior_server-16] [INFO] [1790989597.004184953] [behavior_server]: Activating drive_on_heading
[behavior_server-16] [INFO] [1790989597.004191837] [behavior_server]: Activating assisted_teleop
[behavior_server-16] [INFO] [1790989597.004204522] [behavior_server]: Activating wait
[behavior_server-16] [INFO] [1790989597.004214452] [behavior_server]: Creating bond (behavior_server) to lifecycle manager.
[lifecycle_manager-22] [INFO] [1790989597.108717610] [lifecycle_manager_navigation]: Server behavior_server connected with bond.
[lifecycle_manager-22] [INFO] [1790989597.108749794] [lifecycle_manager_navigation]: [34m[1mActivating velocity_smoother[0m[0m
[velocity_smoother-19] [INFO] [1790989597.109037897] [velocity_smoother]: Activating
[velocity_smoother-19] [INFO] [1790989597.109086864] [velocity_smoother]: Creating bond (velocity_smoother) to lifecycle manager.
[lifecycle_manager-22] [INFO] [1790989597.213591566] [lifecycle_manager_navigation]: Server velocity_smoother connected with bond.
[lifecycle_manager-22] [INFO] [1790989597.213622267] [lifecycle_manager_navigation]: [34m[1mActivating collision_monitor[0m[0m
[collision_monitor-20] [INFO] [1790989597.213883265] [collision_monitor]: Activating
[collision_monitor-20] [INFO] [1790989597.213916191] [collision_monitor]: Creating bond (collision_monitor) to lifecycle manager.
[lifecycle_manager-22] [INFO] [1790989597.318517124] [lifecycle_manager_navigation]: Server collision_monitor connected with bond.
[lifecycle_manager-22] [INFO] [1790989597.318551653] [lifecycle_manager_navigation]: [34m[1mActivating bt_navigator[0m[0m
[bt_navigator-17] [INFO] [1790989597.318807882] [bt_navigator]: Activating
[bt_navigator-17] [INFO] [1790989597.364655946] [bt_navigator]: Creating bond (bt_navigator) to lifecycle manager.
[lifecycle_manager-22] [INFO] [1790989597.468634773] [lifecycle_manager_navigation]: Server bt_navigator connected with bond.
[lifecycle_manager-22] [INFO] [1790989597.468668851] [lifecycle_manager_navigation]: [34m[1mActivating waypoint_follower[0m[0m
[waypoint_follower-18] [INFO] [1790989597.468955540] [waypoint_follower]: Activating
[waypoint_follower-18] [INFO] [1790989597.468993886] [waypoint_follower]: Creating bond (waypoint_follower) to lifecycle manager.
[lifecycle_manager-22] [INFO] [1790989597.573795228] [lifecycle_manager_navigation]: Server waypoint_follower connected with bond.
[lifecycle_manager-22] [INFO] [1790989597.573826520] [lifecycle_manager_navigation]: [34m[1mActivating docking_server[0m[0m
[opennav_docking-21] [INFO] [1790989597.574134211] [docking_server]: Activating docking_server
[opennav_docking-21] [INFO] [1790989597.580729853] [docking_server]: Creating bond (docking_server) to lifecycle manager.
[lifecycle_manager-22] [INFO] [1790989597.685104196] [lifecycle_manager_navigation]: Server docking_server connected with bond.
[lifecycle_manager-22] [INFO] [1790989597.685138344] [lifecycle_manager_navigation]: [34m[1mManaged nodes are active[0m[0m
[lifecycle_manager-22] [INFO] [1790989597.685147422] [lifecycle_manager_navigation]: [34m[1mCreating bond timer...[0m[0m
[waypoint_follower-18] [INFO] [1790989610.079834704] [waypoint_follower]: Received follow waypoint request with 118 waypoints.
[bt_navigator-17] [INFO] [1790989610.080504685] [bt_navigator]: Begin navigating from current location (0.00, -0.00) to (0.00, -0.00)
[controller_server-12] [INFO] [1790989610.101219413] [controller_server]: Received a goal, begin computing control effort.
[controller_server-12] [WARN] [1790989610.101254893] [controller_server]: No goal checker was specified in parameter 'current_goal_checker'. Server will use only plugin loaded general_goal_checker . This warning will appear once.
[controller_server-12] [WARN] [1790989610.101264542] [controller_server]: No progress checker was specified in parameter 'current_progress_checker'. Server will use only plugin loaded progress_checker . This warning will appear once.
[controller_server-12] [INFO] [1790989610.107133590] [controller_server]: Reached the goal!
[controller_server-12] [INFO] [1790989610.108753368] [controller_server]: Optimizer reset
[parameter_bridge-2] [INFO] [1790989610.129849213] [bridge_ros_gz]: Passing message from ROS geometry_msgs/msg/Twist to Gazebo gz.msgs.Twist (showing msg only once per type)
[bt_navigator-17] [INFO] [1790989610.130757657] [bt_navigator]: Goal succeeded
[waypoint_follower-18] [INFO] [1790989610.479965810] [waypoint_follower]: Succeeded processing waypoint 0, processing waypoint task execution
[waypoint_follower-18] [INFO] [1790989610.479998945] [waypoint_follower]: Arrived at 0'th waypoint, sleeping for 200 milliseconds
[waypoint_follower-18] [INFO] [1790989610.679185046] [waypoint_follower]: Task execution at waypoint 0 succeeded
[waypoint_follower-18] [INFO] [1790989610.679224374] [waypoint_follower]: Handled task execution on waypoint 0, moving to next.
[bt_navigator-17] [INFO] [1790989610.679649889] [bt_navigator]: Begin navigating from current location (0.00, -0.00) to (0.13, -0.00)
[controller_server-12] [INFO] [1790989610.700157706] [controller_server]: Received a goal, begin computing control effort.
[controller_server-12] [INFO] [1790989610.705488184] [controller_server]: Reached the goal!
[controller_server-12] [INFO] [1790989610.705706117] [controller_server]: Optimizer reset
[bt_navigator-17] [INFO] [1790989610.729830848] [bt_navigator]: Goal succeeded
[waypoint_follower-18] [INFO] [1790989611.080391768] [waypoint_follower]: Succeeded processing waypoint 1, processing waypoint task execution
[waypoint_follower-18] [INFO] [1790989611.080425585] [waypoint_follower]: Arrived at 1'th waypoint, sleeping for 200 milliseconds
[waypoint_follower-18] [INFO] [1790989611.279189135] [waypoint_follower]: Task execution at waypoint 1 succeeded
[waypoint_follower-18] [INFO] [1790989611.279230868] [waypoint_follower]: Handled task execution on waypoint 1, moving to next.
[bt_navigator-17] [INFO] [1790989611.280077520] [bt_navigator]: Begin navigating from current location (0.00, -0.00) to (0.25, -0.00)
[controller_server-12] [INFO] [1790989611.300564074] [controller_server]: Received a goal, begin computing control effort.
[controller_server-12] [INFO] [1790989611.353914288] [controller_server]: Reached the goal!
[controller_server-12] [INFO] [1790989611.354543869] [controller_server]: Optimizer reset
[bt_navigator-17] [INFO] [1790989611.380282475] [bt_navigator]: Goal succeeded
[waypoint_follower-18] [INFO] [1790989611.931171903] [waypoint_follower]: Succeeded processing waypoint 2, processing waypoint task execution
[waypoint_follower-18] [INFO] [1790989611.931200089] [waypoint_follower]: Arrived at 2'th waypoint, sleeping for 200 milliseconds
[waypoint_follower-18] [INFO] [1790989612.131171558] [waypoint_follower]: Task execution at waypoint 2 succeeded
[waypoint_follower-18] [INFO] [1790989612.131209243] [waypoint_follower]: Handled task execution on waypoint 2, moving to next.
[bt_navigator-17] [INFO] [1790989612.131595981] [bt_navigator]: Begin navigating from current location (0.00, -0.00) to (0.36, -0.00)
[controller_server-12] [INFO] [1790989612.152066754] [controller_server]: Received a goal, begin computing control effort.
[controller_server-12] [INFO] [1790989612.955403776] [controller_server]: Reached the goal!
[controller_server-12] [INFO] [1790989612.955903569] [controller_server]: Optimizer reset
[bt_navigator-17] [INFO] [1790989612.981794248] [bt_navigator]: Goal succeeded
[controller_server-12] [INFO] [1790989613.080895740] [local_costmap.local_costmap]: StaticLayer: Resizing static layer to 443 X 301 at 0.050000 m/pix
[waypoint_follower-18] [INFO] [1790989613.634966673] [waypoint_follower]: Succeeded processing waypoint 3, processing waypoint task execution
[waypoint_follower-18] [INFO] [1790989613.634993706] [waypoint_follower]: Arrived at 3'th waypoint, sleeping for 200 milliseconds
[planner_server-14] [INFO] [1790989613.743377157] [global_costmap.global_costmap]: StaticLayer: Resizing costmap to 443 X 301 at 0.050000 m/pix
[waypoint_follower-18] [INFO] [1790989613.835157918] [waypoint_follower]: Task execution at waypoint 3 succeeded
[waypoint_follower-18] [INFO] [1790989613.835197937] [waypoint_follower]: Handled task execution on waypoint 3, moving to next.
[bt_navigator-17] [INFO] [1790989613.835559135] [bt_navigator]: Begin navigating from current location (0.10, -0.00) to (0.49, -0.01)
[controller_server-12] [INFO] [1790989613.856021330] [controller_server]: Received a goal, begin computing control effort.
[controller_server-12] [INFO] [1790989614.859173484] [controller_server]: Reached the goal!
[controller_server-12] [INFO] [1790989614.859884576] [controller_server]: Optimizer reset
[bt_navigator-17] [INFO] [1790989614.885775055] [bt_navigator]: Goal succeeded
[controller_server-12] [INFO] [1790989615.080896528] [local_costmap.local_costmap]: StaticLayer: Resizing static layer to 448 X 301 at 0.050000 m/pix
[waypoint_follower-18] [INFO] [1790989615.539624922] [waypoint_follower]: Succeeded processing waypoint 4, processing waypoint task execution
[waypoint_follower-18] [INFO] [1790989615.539654981] [waypoint_follower]: Arrived at 4'th waypoint, sleeping for 200 milliseconds
[waypoint_follower-18] [INFO] [1790989615.740172684] [waypoint_follower]: Task execution at waypoint 4 succeeded
[waypoint_follower-18] [INFO] [1790989615.740771503] [waypoint_follower]: Handled task execution on waypoint 4, moving to next.
[bt_navigator-17] [INFO] [1790989615.741135215] [bt_navigator]: Begin navigating from current location (0.34, -0.00) to (0.60, -0.01)
[planner_server-14] [INFO] [1790989615.743381076] [global_costmap.global_costmap]: StaticLayer: Resizing costmap to 448 X 301 at 0.050000 m/pix
[controller_server-12] [INFO] [1790989615.761598753] [controller_server]: Received a goal, begin computing control effort.
[controller_server-12] [INFO] [1790989616.066020878] [controller_server]: Reached the goal!
[controller_server-12] [INFO] [1790989616.066609106] [controller_server]: Optimizer reset
[controller_server-12] [INFO] [1790989616.080893981] [local_costmap.local_costmap]: StaticLayer: Resizing static layer to 451 X 301 at 0.050000 m/pix
[bt_navigator-17] [INFO] [1790989616.091355762] [bt_navigator]: Goal succeeded
[waypoint_follower-18] [INFO] [1790989616.693375904] [waypoint_follower]: Succeeded processing waypoint 5, processing waypoint task execution
[waypoint_follower-18] [INFO] [1790989616.693405643] [waypoint_follower]: Arrived at 5'th waypoint, sleeping for 200 milliseconds
[planner_server-14] [INFO] [1790989616.743375421] [global_costmap.global_costmap]: StaticLayer: Resizing costmap to 451 X 301 at 0.050000 m/pix
[waypoint_follower-18] [INFO] [1790989616.892187085] [waypoint_follower]: Task execution at waypoint 5 succeeded
[waypoint_follower-18] [INFO] [1790989616.892230741] [waypoint_follower]: Handled task execution on waypoint 5, moving to next.
[bt_navigator-17] [INFO] [1790989616.892627630] [bt_navigator]: Begin navigating from current location (0.37, -0.01) to (0.75, -0.01)
[controller_server-12] [INFO] [1790989616.913099745] [controller_server]: Received a goal, begin computing control effort.
[controller_server-12] [INFO] [1790989617.816138576] [controller_server]: Reached the goal!
[controller_server-12] [INFO] [1790989617.816797655] [controller_server]: Optimizer reset
[bt_navigator-17] [INFO] [1790989617.842835216] [bt_navigator]: Goal succeeded
[waypoint_follower-18] [INFO] [1790989618.496301133] [waypoint_follower]: Succeeded processing waypoint 6, processing waypoint task execution
[waypoint_follower-18] [INFO] [1790989618.496334018] [waypoint_follower]: Arrived at 6'th waypoint, sleeping for 200 milliseconds
[waypoint_follower-18] [INFO] [1790989618.695190348] [waypoint_follower]: Task execution at waypoint 6 succeeded
[waypoint_follower-18] [INFO] [1790989618.695226529] [waypoint_follower]: Handled task execution on waypoint 6, moving to next.
[bt_navigator-17] [INFO] [1790989618.695581625] [bt_navigator]: Begin navigating from current location (0.49, -0.01) to (0.86, -0.01)
[controller_server-12] [INFO] [1790989618.716037558] [controller_server]: Received a goal, begin computing control effort.
[controller_server-12] [INFO] [1790989619.080888973] [local_costmap.local_costmap]: StaticLayer: Resizing static layer to 454 X 301 at 0.050000 m/pix
[controller_server-12] [INFO] [1790989619.569417132] [controller_server]: Reached the goal!
[controller_server-12] [INFO] [1790989619.570048587] [controller_server]: Optimizer reset
[bt_navigator-17] [INFO] [1790989619.595778636] [bt_navigator]: Goal succeeded
[planner_server-14] [INFO] [1790989619.743376968] [global_costmap.global_costmap]: StaticLayer: Resizing costmap to 454 X 301 at 0.050000 m/pix
[waypoint_follower-18] [INFO] [1790989620.249088519] [waypoint_follower]: Succeeded processing waypoint 7, processing waypoint task execution
[waypoint_follower-18] [INFO] [1790989620.249119951] [waypoint_follower]: Arrived at 7'th waypoint, sleeping for 200 milliseconds
[waypoint_follower-18] [INFO] [1790989620.447177332] [waypoint_follower]: Task execution at waypoint 7 succeeded
[waypoint_follower-18] [INFO] [1790989620.447217452] [waypoint_follower]: Handled task execution on waypoint 7, moving to next.
[bt_navigator-17] [INFO] [1790989620.447565594] [bt_navigator]: Begin navigating from current location (0.64, -0.01) to (0.96, -0.01)
[controller_server-12] [INFO] [1790989620.468060724] [controller_server]: Received a goal, begin computing control effort.
[controller_server-12] [INFO] [1790989621.171079525] [controller_server]: Reached the goal!
[controller_server-12] [INFO] [1790989621.171278570] [controller_server]: Optimizer reset
[bt_navigator-17] [INFO] [1790989621.197790031] [bt_navigator]: Goal succeeded
[waypoint_follower-18] [INFO] [1790989621.850814844] [waypoint_follower]: Succeeded processing waypoint 8, processing waypoint task execution
[waypoint_follower-18] [INFO] [1790989621.850842880] [waypoint_follower]: Arrived at 8'th waypoint, sleeping for 200 milliseconds
[waypoint_follower-18] [INFO] [1790989622.049172511] [waypoint_follower]: Task execution at waypoint 8 succeeded
[waypoint_follower-18] [INFO] [1790989622.049215477] [waypoint_follower]: Handled task execution on waypoint 8, moving to next.
[bt_navigator-17] [INFO] [1790989622.049972500] [bt_navigator]: Begin navigating from current location (0.74, -0.01) to (1.11, -0.01)
[controller_server-12] [INFO] [1790989622.070542069] [controller_server]: Received a goal, begin computing control effort.
[controller_server-12] [INFO] [1790989622.974701819] [controller_server]: Reached the goal!
[controller_server-12] [INFO] [1790989622.974955824] [controller_server]: Optimizer reset
[bt_navigator-17] [INFO] [1790989623.000189777] [bt_navigator]: Goal succeeded
[controller_server-12] [INFO] [1790989623.080893502] [local_costmap.local_costmap]: StaticLayer: Resizing static layer to 456 X 308 at 0.050000 m/pix
[waypoint_follower-18] [INFO] [1790989623.653683337] [waypoint_follower]: Succeeded processing waypoint 9, processing waypoint task execution
[waypoint_follower-18] [INFO] [1790989623.653710832] [waypoint_follower]: Arrived at 9'th waypoint, sleeping for 200 milliseconds
[planner_server-14] [INFO] [1790989623.743374534] [global_costmap.global_costmap]: StaticLayer: Resizing costmap to 456 X 308 at 0.050000 m/pix
[waypoint_follower-18] [INFO] [1790989623.852203735] [waypoint_follower]: Task execution at waypoint 9 succeeded
[waypoint_follower-18] [INFO] [1790989623.852245979] [waypoint_follower]: Handled task execution on waypoint 9, moving to next.
[bt_navigator-17] [INFO] [1790989623.852967683] [bt_navigator]: Begin navigating from current location (0.92, -0.01) to (1.22, -0.01)
[controller_server-12] [INFO] [1790989623.873510237] [controller_server]: Received a goal, begin computing control effort.
[controller_server-12] [INFO] [1790989624.080891787] [local_costmap.local_costmap]: StaticLayer: Resizing static layer to 461 X 318 at 0.050000 m/pix
[controller_server-12] [INFO] [1790989624.476944831] [controller_server]: Reached the goal!
[controller_server-12] [INFO] [1790989624.477171702] [controller_server]: Optimizer reset
[bt_navigator-17] [INFO] [1790989624.503172538] [bt_navigator]: Goal succeeded
[planner_server-14] [INFO] [1790989624.743384489] [global_costmap.global_costmap]: StaticLayer: Resizing costmap to 461 X 318 at 0.050000 m/pix
[waypoint_follower-18] [INFO] [1790989625.155917167] [waypoint_follower]: Succeeded processing waypoint 10, processing waypoint task execution
[waypoint_follower-18] [INFO] [1790989625.155950623] [waypoint_follower]: Arrived at 10'th waypoint, sleeping for 200 milliseconds
[waypoint_follower-18] [INFO] [1790989625.355188146] [waypoint_follower]: Task execution at waypoint 10 succeeded
[waypoint_follower-18] [INFO] [1790989625.355227343] [waypoint_follower]: Handled task execution on waypoint 10, moving to next.
[bt_navigator-17] [INFO] [1790989625.355575675] [bt_navigator]: Begin navigating from current location (1.00, -0.01) to (1.34, -0.01)
[controller_server-12] [INFO] [1790989625.376032449] [controller_server]: Received a goal, begin computing control effort.
[controller_server-12] [INFO] [1790989626.079594266] [controller_server]: Reached the goal!
[controller_server-12] [INFO] [1790989626.079784454] [controller_server]: Optimizer reset
[bt_navigator-17] [INFO] [1790989626.105777394] [bt_navigator]: Goal succeeded
[waypoint_follower-18] [INFO] [1790989626.758822786] [waypoint_follower]: Succeeded processing waypoint 11, processing waypoint task execution
[waypoint_follower-18] [INFO] [1790989626.758853167] [waypoint_follower]: Arrived at 11'th waypoint, sleeping for 200 milliseconds
[waypoint_follower-18] [INFO] [1790989626.957200950] [waypoint_follower]: Task execution at waypoint 11 succeeded
[waypoint_follower-18] [INFO] [1790989626.957565454] [waypoint_follower]: Handled task execution on waypoint 11, moving to next.
[bt_navigator-17] [INFO] [1790989626.957943936] [bt_navigator]: Begin navigating from current location (1.12, -0.01) to (1.49, -0.01)
[controller_server-12] [INFO] [1790989626.978435309] [controller_server]: Received a goal, begin computing control effort.
[controller_server-12] [INFO] [1790989627.082561608] [local_costmap.local_costmap]: StaticLayer: Resizing static layer to 464 X 359 at 0.050000 m/pix
[planner_server-14] [INFO] [1790989627.743381160] [global_costmap.global_costmap]: StaticLayer: Resizing costmap to 464 X 359 at 0.050000 m/pix
[controller_server-12] [INFO] [1790989627.882533180] [controller_server]: Reached the goal!
[controller_server-12] [INFO] [1790989627.882742987] [controller_server]: Optimizer reset
[bt_navigator-17] [INFO] [1790989627.908206877] [bt_navigator]: Goal succeeded
[waypoint_follower-18] [INFO] [1790989628.561710775] [waypoint_follower]: Succeeded processing waypoint 12, processing waypoint task execution
[waypoint_follower-18] [INFO] [1790989628.561742609] [waypoint_follower]: Arrived at 12'th waypoint, sleeping for 200 milliseconds
[waypoint_follower-18] [INFO] [1790989628.760166692] [waypoint_follower]: Task execution at waypoint 12 succeeded
[waypoint_follower-18] [INFO] [1790989628.760210239] [waypoint_follower]: Handled task execution on waypoint 12, moving to next.
[bt_navigator-17] [INFO] [1790989628.760710142] [bt_navigator]: Begin navigating from current location (1.27, -0.01) to (1.59, -0.01)
[controller_server-12] [INFO] [1790989628.781242375] [controller_server]: Received a goal, begin computing control effort.
[controller_server-12] [INFO] [1790989629.434632816] [controller_server]: Reached the goal!
[controller_server-12] [INFO] [1790989629.434846962] [controller_server]: Optimizer reset
[bt_navigator-17] [INFO] [1790989629.460968778] [bt_navigator]: Goal succeeded
[controller_server-12] [INFO] [1790989630.080890839] [local_costmap.local_costmap]: StaticLayer: Resizing static layer to 464 X 379 at 0.050000 m/pix
[waypoint_follower-18] [INFO] [1790989630.114092899] [waypoint_follower]: Succeeded processing waypoint 13, processing waypoint task execution
[waypoint_follower-18] [INFO] [1790989630.114118700] [waypoint_follower]: Arrived at 13'th waypoint, sleeping for 200 milliseconds
[waypoint_follower-18] [INFO] [1790989630.314210335] [waypoint_follower]: Task execution at waypoint 13 succeeded
[waypoint_follower-18] [INFO] [1790989630.314245004] [waypoint_follower]: Handled task execution on waypoint 13, moving to next.
[bt_navigator-17] [INFO] [1790989630.314616101] [bt_navigator]: Begin navigating from current location (1.35, -0.01) to (1.74, -0.02)
[controller_server-12] [INFO] [1790989630.335071832] [controller_server]: Received a goal, begin computing control effort.
[planner_server-14] [INFO] [1790989630.743379730] [global_costmap.global_costmap]: StaticLayer: Resizing costmap to 464 X 379 at 0.050000 m/pix
[controller_server-12] [INFO] [1790989631.238839698] [controller_server]: Reached the goal!
[controller_server-12] [INFO] [1790989631.239349721] [controller_server]: Optimizer reset
[bt_navigator-17] [INFO] [1790989631.264827868] [bt_navigator]: Goal succeeded
[waypoint_follower-18] [INFO] [1790989631.918541556] [waypoint_follower]: Succeeded processing waypoint 14, processing waypoint task execution
[waypoint_follower-18] [INFO] [1790989631.918571245] [waypoint_follower]: Arrived at 14'th waypoint, sleeping for 200 milliseconds
[controller_server-12] [INFO] [1790989632.080896393] [local_costmap.local_costmap]: StaticLayer: Resizing static layer to 473 X 383 at 0.050000 m/pix
[waypoint_follower-18] [INFO] [1790989632.117139713] [waypoint_follower]: Task execution at waypoint 14 succeeded
[waypoint_follower-18] [INFO] [1790989632.117175414] [waypoint_follower]: Handled task execution on waypoint 14, moving to next.
[bt_navigator-17] [INFO] [1790989632.117568325] [bt_navigator]: Begin navigating from current location (1.53, -0.01) to (1.84, -0.02)
[controller_server-12] [INFO] [1790989632.138036290] [controller_server]: Received a goal, begin computing control effort.
[controller_server-12] [INFO] [1790989632.741579542] [controller_server]: Reached the goal!
[controller_server-12] [INFO] [1790989632.741794249] [controller_server]: Optimizer reset
[planner_server-14] [INFO] [1790989632.743376491] [global_costmap.global_costmap]: StaticLayer: Resizing costmap to 473 X 383 at 0.050000 m/pix
[bt_navigator-17] [INFO] [1790989632.767784323] [bt_navigator]: Goal succeeded
[waypoint_follower-18] [INFO] [1790989633.421186739] [waypoint_follower]: Succeeded processing waypoint 15, processing waypoint task execution
[waypoint_follower-18] [INFO] [1790989633.421216979] [waypoint_follower]: Arrived at 15'th waypoint, sleeping for 200 milliseconds
[waypoint_follower-18] [INFO] [1790989633.620196011] [waypoint_follower]: Task execution at waypoint 15 succeeded
[waypoint_follower-18] [INFO] [1790989633.620707166] [waypoint_follower]: Handled task execution on waypoint 15, moving to next.
[bt_navigator-17] [INFO] [1790989633.621048995] [bt_navigator]: Begin navigating from current location (1.62, -0.01) to (1.99, -0.02)
[controller_server-12] [INFO] [1790989633.641539125] [controller_server]: Received a goal, begin computing control effort.
[controller_server-12] [INFO] [1790989634.494769307] [controller_server]: Reached the goal!
[controller_server-12] [INFO] [1790989634.494935617] [controller_server]: Optimizer reset
[bt_navigator-17] [INFO] [1790989634.521271628] [bt_navigator]: Goal succeeded
[controller_server-12] [INFO] [1790989635.080892001] [local_costmap.local_costmap]: StaticLayer: Resizing static layer to 474 X 389 at 0.050000 m/pix
[waypoint_follower-18] [INFO] [1790989635.174677427] [waypoint_follower]: Succeeded processing waypoint 16, processing waypoint task execution
[waypoint_follower-18] [INFO] [1790989635.174710082] [waypoint_follower]: Arrived at 16'th waypoint, sleeping for 200 milliseconds
[waypoint_follower-18] [INFO] [1790989635.375198741] [waypoint_follower]: Task execution at waypoint 16 succeeded
[waypoint_follower-18] [INFO] [1790989635.375242759] [waypoint_follower]: Handled task execution on waypoint 16, moving to next.
[bt_navigator-17] [INFO] [1790989635.375608495] [bt_navigator]: Begin navigating from current location (1.77, -0.01) to (2.16, -0.01)
[controller_server-12] [INFO] [1790989635.396044347] [controller_server]: Received a goal, begin computing control effort.
[planner_server-14] [INFO] [1790989635.743377162] [global_costmap.global_costmap]: StaticLayer: Resizing costmap to 474 X 389 at 0.050000 m/pix
[controller_server-12] [INFO] [1790989636.299114640] [controller_server]: Reached the goal!
[controller_server-12] [INFO] [1790989636.299427542] [controller_server]: Optimizer reset
[bt_navigator-17] [INFO] [1790989636.325787430] [bt_navigator]: Goal succeeded
[waypoint_follower-18] [INFO] [1790989636.979547328] [waypoint_follower]: Succeeded processing waypoint 17, processing waypoint task execution
[waypoint_follower-18] [INFO] [1790989636.979576927] [waypoint_follower]: Arrived at 17'th waypoint, sleeping for 200 milliseconds
[controller_server-12] [INFO] [1790989637.080892990] [local_costmap.local_costmap]: StaticLayer: Resizing static layer to 476 X 389 at 0.050000 m/pix
[waypoint_follower-18] [INFO] [1790989637.178221633] [waypoint_follower]: Task execution at waypoint 17 succeeded
[waypoint_follower-18] [INFO] [1790989637.178258105] [waypoint_follower]: Handled task execution on waypoint 17, moving to next.
[bt_navigator-17] [INFO] [1790989637.178649372] [bt_navigator]: Begin navigating from current location (1.93, -0.01) to (2.26, -0.01)
[controller_server-12] [INFO] [1790989637.199120223] [controller_server]: Received a goal, begin computing control effort.
[planner_server-14] [INFO] [1790989637.743376834] [global_costmap.global_costmap]: StaticLayer: Resizing costmap to 476 X 389 at 0.050000 m/pix
[controller_server-12] [INFO] [1790989637.853374882] [controller_server]: Reached the goal!
[controller_server-12] [INFO] [1790989637.853621311] [controller_server]: Optimizer reset
[bt_navigator-17] [INFO] [1790989637.878855574] [bt_navigator]: Goal succeeded
[waypoint_follower-18] [INFO] [1790989638.532027740] [waypoint_follower]: Succeeded processing waypoint 18, processing waypoint task execution
[waypoint_follower-18] [INFO] [1790989638.532059373] [waypoint_follower]: Arrived at 18'th waypoint, sleeping for 200 milliseconds
[waypoint_follower-18] [INFO] [1790989638.732203937] [waypoint_follower]: Task execution at waypoint 18 succeeded
[waypoint_follower-18] [INFO] [1790989638.732241592] [waypoint_follower]: Handled task execution on waypoint 18, moving to next.
[bt_navigator-17] [INFO] [1790989638.732634332] [bt_navigator]: Begin navigating from current location (2.03, -0.01) to (2.43, -0.01)
[controller_server-12] [INFO] [1790989638.753090734] [controller_server]: Received a goal, begin computing control effort.
[controller_server-12] [INFO] [1790989639.706354295] [controller_server]: Reached the goal!
[controller_server-12] [INFO] [1790989639.706585784] [controller_server]: Optimizer reset
[bt_navigator-17] [INFO] [1790989639.732843770] [bt_navigator]: Goal succeeded
[controller_server-12] [INFO] [1790989640.080891310] [local_costmap.local_costmap]: StaticLayer: Resizing static layer to 478 X 389 at 0.050000 m/pix
[waypoint_follower-18] [INFO] [1790989640.386476878] [waypoint_follower]: Succeeded processing waypoint 19, processing waypoint task execution
[waypoint_follower-18] [INFO] [1790989640.386505535] [waypoint_follower]: Arrived at 19'th waypoint, sleeping for 200 milliseconds
[waypoint_follower-18] [INFO] [1790989640.586209512] [waypoint_follower]: Task execution at waypoint 19 succeeded
[waypoint_follower-18] [INFO] [1790989640.586246726] [waypoint_follower]: Handled task execution on waypoint 19, moving to next.
[bt_navigator-17] [INFO] [1790989640.586592694] [bt_navigator]: Begin navigating from current location (2.23, -0.01) to (2.55, -0.01)
[controller_server-12] [INFO] [1790989640.607086871] [controller_server]: Received a goal, begin computing control effort.
[planner_server-14] [INFO] [1790989640.743377972] [global_costmap.global_costmap]: StaticLayer: Resizing costmap to 478 X 389 at 0.050000 m/pix
[controller_server-12] [INFO] [1790989641.310801562] [controller_server]: Reached the goal!
[controller_server-12] [INFO] [1790989641.311075316] [controller_server]: Optimizer reset
[bt_navigator-17] [INFO] [1790989641.336791626] [bt_navigator]: Goal succeeded
[waypoint_follower-18] [INFO] [1790989641.989835349] [waypoint_follower]: Succeeded processing waypoint 20, processing waypoint task execution
[waypoint_follower-18] [INFO] [1790989641.989864297] [waypoint_follower]: Arrived at 20'th waypoint, sleeping for 200 milliseconds
[controller_server-12] [INFO] [1790989642.080894257] [local_costmap.local_costmap]: StaticLayer: Resizing static layer to 486 X 389 at 0.050000 m/pix
[waypoint_follower-18] [INFO] [1790989642.188196508] [waypoint_follower]: Task execution at waypoint 20 succeeded
[waypoint_follower-18] [INFO] [1790989642.188235626] [waypoint_follower]: Handled task execution on waypoint 20, moving to next.
[bt_navigator-17] [INFO] [1790989642.188629528] [bt_navigator]: Begin navigating from current location (2.34, -0.01) to (2.69, -0.01)
[controller_server-12] [INFO] [1790989642.209112503] [controller_server]: Received a goal, begin computing control effort.
[planner_server-14] [INFO] [1790989642.743385945] [global_costmap.global_costmap]: StaticLayer: Resizing costmap to 486 X 389 at 0.050000 m/pix
[controller_server-12] [INFO] [1790989643.062519650] [controller_server]: Reached the goal!
[controller_server-12] [INFO] [1790989643.062714287] [controller_server]: Optimizer reset
[bt_navigator-17] [INFO] [1790989643.088828637] [bt_navigator]: Goal succeeded
[waypoint_follower-18] [INFO] [1790989643.742226751] [waypoint_follower]: Succeeded processing waypoint 21, processing waypoint task execution
[waypoint_follower-18] [INFO] [1790989643.742261670] [waypoint_follower]: Arrived at 21'th waypoint, sleeping for 200 milliseconds
[waypoint_follower-18] [INFO] [1790989643.943208464] [waypoint_follower]: Task execution at waypoint 21 succeeded
[waypoint_follower-18] [INFO] [1790989643.943245778] [waypoint_follower]: Handled task execution on waypoint 21, moving to next.
[bt_navigator-17] [INFO] [1790989643.943633949] [bt_navigator]: Begin navigating from current location (2.49, -0.01) to (3.00, 0.00)
[controller_server-12] [INFO] [1790989643.964223285] [controller_server]: Received a goal, begin computing control effort.
[controller_server-12] [INFO] [1790989644.080891158] [local_costmap.local_costmap]: StaticLayer: Resizing static layer to 490 X 389 at 0.050000 m/pix
[planner_server-14] [INFO] [1790989644.743374074] [global_costmap.global_costmap]: StaticLayer: Resizing costmap to 490 X 389 at 0.050000 m/pix
[controller_server-12] [INFO] [1790989645.014354412] [controller_server]: Passing new path to controller.
[controller_server-12] [INFO] [1790989645.080898707] [local_costmap.local_costmap]: StaticLayer: Resizing static layer to 495 X 389 at 0.050000 m/pix
[controller_server-12] [INFO] [1790989645.268834626] [controller_server]: Reached the goal!
[controller_server-12] [INFO] [1790989645.269157888] [controller_server]: Optimizer reset
[bt_navigator-17] [INFO] [1790989645.293941966] [bt_navigator]: Goal succeeded
[planner_server-14] [INFO] [1790989645.743376239] [global_costmap.global_costmap]: StaticLayer: Resizing costmap to 495 X 389 at 0.050000 m/pix
[waypoint_follower-18] [INFO] [1790989645.948363858] [waypoint_follower]: Succeeded processing waypoint 22, processing waypoint task execution
[waypoint_follower-18] [INFO] [1790989645.948392876] [waypoint_follower]: Arrived at 22'th waypoint, sleeping for 200 milliseconds
[controller_server-12] [INFO] [1790989646.080905871] [local_costmap.local_costmap]: StaticLayer: Resizing static layer to 498 X 390 at 0.050000 m/pix
[waypoint_follower-18] [INFO] [1790989646.148171417] [waypoint_follower]: Task execution at waypoint 22 succeeded
[waypoint_follower-18] [INFO] [1790989646.148239393] [waypoint_follower]: Handled task execution on waypoint 22, moving to next.
[bt_navigator-17] [INFO] [1790989646.148630079] [bt_navigator]: Begin navigating from current location (2.80, -0.02) to (2.75, -0.01)
[controller_server-12] [INFO] [1790989646.169144706] [controller_server]: Received a goal, begin computing control effort.
[controller_server-12] [INFO] [1790989646.171995428] [controller_server]: Reached the goal!
[controller_server-12] [INFO] [1790989646.172132871] [controller_server]: Optimizer reset
[bt_navigator-17] [INFO] [1790989646.198828455] [bt_navigator]: Goal succeeded
[waypoint_follower-18] [INFO] [1790989646.549426663] [waypoint_follower]: Succeeded processing waypoint 23, processing waypoint task execution
[waypoint_follower-18] [INFO] [1790989646.549455160] [waypoint_follower]: Arrived at 23'th waypoint, sleeping for 200 milliseconds
[planner_server-14] [INFO] [1790989646.743375405] [global_costmap.global_costmap]: StaticLayer: Resizing costmap to 498 X 390 at 0.050000 m/pix
[waypoint_follower-18] [INFO] [1790989646.748188646] [waypoint_follower]: Task execution at waypoint 23 succeeded
[waypoint_follower-18] [INFO] [1790989646.748221280] [waypoint_follower]: Handled task execution on waypoint 23, moving to next.
[bt_navigator-17] [INFO] [1790989646.748597929] [bt_navigator]: Begin navigating from current location (2.80, -0.02) to (2.74, -0.01)
[controller_server-12] [INFO] [1790989646.769127646] [controller_server]: Received a goal, begin computing control effort.
[controller_server-12] [INFO] [1790989646.773058664] [controller_server]: Reached the goal!
[controller_server-12] [INFO] [1790989646.773258020] [controller_server]: Optimizer reset
[bt_navigator-17] [INFO] [1790989646.798789301] [bt_navigator]: Goal succeeded
[waypoint_follower-18] [INFO] [1790989647.149420494] [waypoint_follower]: Succeeded processing waypoint 24, processing waypoint task execution
[waypoint_follower-18] [INFO] [1790989647.149453240] [waypoint_follower]: Arrived at 24'th waypoint, sleeping for 200 milliseconds
[waypoint_follower-18] [INFO] [1790989647.348172496] [waypoint_follower]: Task execution at waypoint 24 succeeded
[waypoint_follower-18] [INFO] [1790989647.348214129] [waypoint_follower]: Handled task execution on waypoint 24, moving to next.
[bt_navigator-17] [INFO] [1790989647.348944299] [bt_navigator]: Begin navigating from current location (2.80, -0.02) to (2.74, -0.01)
[controller_server-12] [INFO] [1790989647.369466141] [controller_server]: Received a goal, begin computing control effort.
[controller_server-12] [INFO] [1790989648.172941155] [controller_server]: Reached the goal!
[controller_server-12] [INFO] [1790989648.173561317] [controller_server]: Optimizer reset
[bt_navigator-17] [INFO] [1790989648.199131946] [bt_navigator]: Goal succeeded
[waypoint_follower-18] [INFO] [1790989648.852396643] [waypoint_follower]: Succeeded processing waypoint 25, processing waypoint task execution
[waypoint_follower-18] [INFO] [1790989648.852426021] [waypoint_follower]: Arrived at 25'th waypoint, sleeping for 200 milliseconds
[waypoint_follower-18] [INFO] [1790989649.052177127] [waypoint_follower]: Task execution at waypoint 25 succeeded
[waypoint_follower-18] [INFO] [1790989649.052243629] [waypoint_follower]: Handled task execution on waypoint 25, moving to next.
[bt_navigator-17] [INFO] [1790989649.052621189] [bt_navigator]: Begin navigating from current location (2.76, -0.02) to (2.75, -0.01)
[controller_server-12] [INFO] [1790989649.073179623] [controller_server]: Received a goal, begin computing control effort.
[controller_server-12] [INFO] [1790989649.726631429] [controller_server]: Reached the goal!
[controller_server-12] [INFO] [1790989649.726839122] [controller_server]: Optimizer reset
[bt_navigator-17] [INFO] [1790989649.752825988] [bt_navigator]: Goal succeeded
[waypoint_follower-18] [INFO] [1790989650.405774383] [waypoint_follower]: Succeeded processing waypoint 26, processing waypoint task execution
[waypoint_follower-18] [INFO] [1790989650.405809973] [waypoint_follower]: Arrived at 26'th waypoint, sleeping for 200 milliseconds
[waypoint_follower-18] [INFO] [1790989650.606173234] [waypoint_follower]: Task execution at waypoint 26 succeeded
[waypoint_follower-18] [INFO] [1790989650.606213283] [waypoint_follower]: Handled task execution on waypoint 26, moving to next.
[bt_navigator-17] [INFO] [1790989650.606611254] [bt_navigator]: Begin navigating from current location (2.75, -0.02) to (2.76, -0.00)
[controller_server-12] [INFO] [1790989650.627056473] [controller_server]: Received a goal, begin computing control effort.
[controller_server-12] [INFO] [1790989651.677179079] [controller_server]: Passing new path to controller.
[controller_server-12] [INFO] [1790989651.681890266] [controller_server]: Reached the goal!
[controller_server-12] [INFO] [1790989651.682198098] [controller_server]: Optimizer reset
[bt_navigator-17] [INFO] [1790989651.716845576] [bt_navigator]: Goal succeeded
[waypoint_follower-18] [INFO] [1790989652.360600466] [waypoint_follower]: Succeeded processing waypoint 27, processing waypoint task execution
[waypoint_follower-18] [INFO] [1790989652.360629293] [waypoint_follower]: Arrived at 27'th waypoint, sleeping for 200 milliseconds
[waypoint_follower-18] [INFO] [1790989652.559239801] [waypoint_follower]: Task execution at waypoint 27 succeeded
[waypoint_follower-18] [INFO] [1790989652.559280101] [waypoint_follower]: Handled task execution on waypoint 27, moving to next.
[bt_navigator-17] [INFO] [1790989652.559684564] [bt_navigator]: Begin navigating from current location (2.76, -0.02) to (2.77, 0.00)
[controller_server-12] [INFO] [1790989652.580160243] [controller_server]: Received a goal, begin computing control effort.
[controller_server-12] [INFO] [1790989653.383890600] [controller_server]: Reached the goal!
[controller_server-12] [INFO] [1790989653.384084365] [controller_server]: Optimizer reset
[bt_navigator-17] [INFO] [1790989653.409872226] [bt_navigator]: Goal succeeded
[waypoint_follower-18] [INFO] [1790989654.063277320] [waypoint_follower]: Succeeded processing waypoint 28, processing waypoint task execution
[waypoint_follower-18] [INFO] [1790989654.063315967] [waypoint_follower]: Arrived at 28'th waypoint, sleeping for 200 milliseconds
[waypoint_follower-18] [INFO] [1790989654.263200323] [waypoint_follower]: Task execution at waypoint 28 succeeded
[waypoint_follower-18] [INFO] [1790989654.263251244] [waypoint_follower]: Handled task execution on waypoint 28, moving to next.
[bt_navigator-17] [INFO] [1790989654.263743171] [bt_navigator]: Begin navigating from current location (2.77, -0.01) to (2.77, 0.01)
[controller_server-12] [INFO] [1790989654.284243319] [controller_server]: Received a goal, begin computing control effort.
[controller_server-12] [INFO] [1790989654.939197307] [controller_server]: Reached the goal!
[controller_server-12] [INFO] [1790989654.939406593] [controller_server]: Optimizer reset
[bt_navigator-17] [INFO] [1790989654.964016144] [bt_navigator]: Goal succeeded
[waypoint_follower-18] [INFO] [1790989655.616963444] [waypoint_follower]: Succeeded processing waypoint 29, processing waypoint task execution
[waypoint_follower-18] [INFO] [1790989655.616992412] [waypoint_follower]: Arrived at 29'th waypoint, sleeping for 200 milliseconds
[waypoint_follower-18] [INFO] [1790989655.817209448] [waypoint_follower]: Task execution at waypoint 29 succeeded
[waypoint_follower-18] [INFO] [1790989655.817246972] [waypoint_follower]: Handled task execution on waypoint 29, moving to next.
[bt_navigator-17] [INFO] [1790989655.817593761] [bt_navigator]: Begin navigating from current location (2.77, -0.01) to (2.79, 0.04)
[controller_server-12] [INFO] [1790989655.838035593] [controller_server]: Received a goal, begin computing control effort.
[controller_server-12] [INFO] [1790989656.841647430] [controller_server]: Reached the goal!
[controller_server-12] [INFO] [1790989656.842050461] [controller_server]: Optimizer reset
[bt_navigator-17] [INFO] [1790989656.867795436] [bt_navigator]: Goal succeeded
[waypoint_follower-18] [INFO] [1790989657.521902816] [waypoint_follower]: Succeeded processing waypoint 30, processing waypoint task execution
[waypoint_follower-18] [INFO] [1790989657.521942185] [waypoint_follower]: Arrived at 30'th waypoint, sleeping for 200 milliseconds
[waypoint_follower-18] [INFO] [1790989657.722164941] [waypoint_follower]: Task execution at waypoint 30 succeeded
[waypoint_follower-18] [INFO] [1790989657.722666888] [waypoint_follower]: Handled task execution on waypoint 30, moving to next.
[bt_navigator-17] [INFO] [1790989657.722996993] [bt_navigator]: Begin navigating from current location (2.80, 0.02) to (2.80, 0.08)
[controller_server-12] [INFO] [1790989657.743490248] [controller_server]: Received a goal, begin computing control effort.
[controller_server-12] [INFO] [1790989658.397621584] [controller_server]: Reached the goal!
[controller_server-12] [INFO] [1790989658.397841431] [controller_server]: Optimizer reset
[bt_navigator-17] [INFO] [1790989658.423207092] [bt_navigator]: Goal succeeded
[waypoint_follower-18] [INFO] [1790989659.076052954] [waypoint_follower]: Succeeded processing waypoint 31, processing waypoint task execution
[waypoint_follower-18] [INFO] [1790989659.076081411] [waypoint_follower]: Arrived at 31'th waypoint, sleeping for 200 milliseconds
[waypoint_follower-18] [INFO] [1790989659.276247713] [waypoint_follower]: Task execution at waypoint 31 succeeded
[waypoint_follower-18] [INFO] [1790989659.276282312] [waypoint_follower]: Handled task execution on waypoint 31, moving to next.
[bt_navigator-17] [INFO] [1790989659.276674241] [bt_navigator]: Begin navigating from current location (2.81, 0.04) to (2.81, 0.17)
[controller_server-12] [INFO] [1790989659.297153537] [controller_server]: Received a goal, begin computing control effort.
[controller_server-12] [INFO] [1790989660.051268038] [controller_server]: Reached the goal!
[controller_server-12] [INFO] [1790989660.051503756] [controller_server]: Optimizer reset
[bt_navigator-17] [INFO] [1790989660.076888886] [bt_navigator]: Goal succeeded
[waypoint_follower-18] [INFO] [1790989660.729975322] [waypoint_follower]: Succeeded processing waypoint 32, processing waypoint task execution
[waypoint_follower-18] [INFO] [1790989660.730012245] [waypoint_follower]: Arrived at 32'th waypoint, sleeping for 200 milliseconds
[waypoint_follower-18] [INFO] [1790989660.929213280] [waypoint_follower]: Task execution at waypoint 32 succeeded
[waypoint_follower-18] [INFO] [1790989660.929250965] [waypoint_follower]: Handled task execution on waypoint 32, moving to next.
[bt_navigator-17] [INFO] [1790989660.929709606] [bt_navigator]: Begin navigating from current location (2.83, 0.08) to (2.84, 0.27)
[controller_server-12] [INFO] [1790989660.950197409] [controller_server]: Received a goal, begin computing control effort.
[controller_server-12] [INFO] [1790989661.080895062] [local_costmap.local_costmap]: StaticLayer: Resizing static layer to 504 X 390 at 0.050000 m/pix
[controller_server-12] [INFO] [1790989661.705047687] [controller_server]: Reached the goal!
[controller_server-12] [INFO] [1790989661.705256672] [controller_server]: Optimizer reset
[bt_navigator-17] [INFO] [1790989661.729901491] [bt_navigator]: Goal succeeded
[planner_server-14] [INFO] [1790989661.743381305] [global_costmap.global_costmap]: StaticLayer: Resizing costmap to 504 X 390 at 0.050000 m/pix
[waypoint_follower-18] [INFO] [1790989662.383287008] [waypoint_follower]: Succeeded processing waypoint 33, processing waypoint task execution
[waypoint_follower-18] [INFO] [1790989662.383316015] [waypoint_follower]: Arrived at 33'th waypoint, sleeping for 200 milliseconds
[waypoint_follower-18] [INFO] [1790989662.582253135] [waypoint_follower]: Task execution at waypoint 33 succeeded
[waypoint_follower-18] [INFO] [1790989662.582293705] [waypoint_follower]: Handled task execution on waypoint 33, moving to next.
[bt_navigator-17] [INFO] [1790989662.582685844] [bt_navigator]: Begin navigating from current location (2.86, 0.14) to (2.84, 0.37)
[controller_server-12] [INFO] [1790989662.603161042] [controller_server]: Received a goal, begin computing control effort.
[controller_server-12] [INFO] [1790989663.057312558] [controller_server]: Reached the goal!
[controller_server-12] [INFO] [1790989663.057500241] [controller_server]: Optimizer reset
[bt_navigator-17] [INFO] [1790989663.082896052] [bt_navigator]: Goal succeeded
[waypoint_follower-18] [INFO] [1790989663.735323162] [waypoint_follower]: Succeeded processing waypoint 34, processing waypoint task execution
[waypoint_follower-18] [INFO] [1790989663.735355877] [waypoint_follower]: Arrived at 34'th waypoint, sleeping for 200 milliseconds
[waypoint_follower-18] [INFO] [1790989663.935223003] [waypoint_follower]: Task execution at waypoint 34 succeeded
[waypoint_follower-18] [INFO] [1790989663.935264375] [waypoint_follower]: Handled task execution on waypoint 34, moving to next.
[bt_navigator-17] [INFO] [1790989663.935679319] [bt_navigator]: Begin navigating from current location (2.86, 0.19) to (2.82, 0.52)
[controller_server-12] [INFO] [1790989663.956203584] [controller_server]: Received a goal, begin computing control effort.
[controller_server-12] [INFO] [1790989664.760203314] [controller_server]: Reached the goal!
[controller_server-12] [INFO] [1790989664.760461517] [controller_server]: Optimizer reset
[bt_navigator-17] [INFO] [1790989664.785886967] [bt_navigator]: Goal succeeded
[controller_server-12] [INFO] [1790989665.080895151] [local_costmap.local_costmap]: StaticLayer: Resizing static layer to 504 X 391 at 0.050000 m/pix
[waypoint_follower-18] [INFO] [1790989665.439169372] [waypoint_follower]: Succeeded processing waypoint 35, processing waypoint task execution
[waypoint_follower-18] [INFO] [1790989665.439197979] [waypoint_follower]: Arrived at 35'th waypoint, sleeping for 200 milliseconds
[waypoint_follower-18] [INFO] [1790989665.639229890] [waypoint_follower]: Task execution at waypoint 35 succeeded
[waypoint_follower-18] [INFO] [1790989665.639270391] [waypoint_follower]: Handled task execution on waypoint 35, moving to next.
[bt_navigator-17] [INFO] [1790989665.639666618] [bt_navigator]: Begin navigating from current location (2.86, 0.30) to (2.83, 0.63)
[controller_server-12] [INFO] [1790989665.660166174] [controller_server]: Received a goal, begin computing control effort.
[planner_server-14] [INFO] [1790989665.743380463] [global_costmap.global_costmap]: StaticLayer: Resizing costmap to 504 X 391 at 0.050000 m/pix
[controller_server-12] [INFO] [1790989666.415421294] [controller_server]: Reached the goal!
[controller_server-12] [INFO] [1790989666.415682162] [controller_server]: Optimizer reset
[bt_navigator-17] [INFO] [1790989666.439895544] [bt_navigator]: Goal succeeded
[controller_server-12] [INFO] [1790989667.080892395] [local_costmap.local_costmap]: StaticLayer: Resizing static layer to 505 X 391 at 0.050000 m/pix
[waypoint_follower-18] [INFO] [1790989667.093344457] [waypoint_follower]: Succeeded processing waypoint 36, processing waypoint task execution
[waypoint_follower-18] [INFO] [1790989667.093368444] [waypoint_follower]: Arrived at 36'th waypoint, sleeping for 200 milliseconds
[waypoint_follower-18] [INFO] [1790989667.292185081] [waypoint_follower]: Task execution at waypoint 36 succeeded
[waypoint_follower-18] [INFO] [1790989667.292223898] [waypoint_follower]: Handled task execution on waypoint 36, moving to next.
[bt_navigator-17] [INFO] [1790989667.292622991] [bt_navigator]: Begin navigating from current location (2.87, 0.41) to (2.84, 0.74)
[controller_server-12] [INFO] [1790989667.313105523] [controller_server]: Received a goal, begin computing control effort.
[planner_server-14] [INFO] [1790989667.743384717] [global_costmap.global_costmap]: StaticLayer: Resizing costmap to 505 X 391 at 0.050000 m/pix
[controller_server-12] [INFO] [1790989668.017101248] [controller_server]: Reached the goal!
[controller_server-12] [INFO] [1790989668.017298319] [controller_server]: Optimizer reset
[bt_navigator-17] [INFO] [1790989668.042814700] [bt_navigator]: Goal succeeded
[waypoint_follower-18] [INFO] [1790989668.695759937] [waypoint_follower]: Succeeded processing waypoint 37, processing waypoint task execution
[waypoint_follower-18] [INFO] [1790989668.695790919] [waypoint_follower]: Arrived at 37'th waypoint, sleeping for 200 milliseconds
[waypoint_follower-18] [INFO] [1790989668.894226137] [waypoint_follower]: Task execution at waypoint 37 succeeded
[waypoint_follower-18] [INFO] [1790989668.894264994] [waypoint_follower]: Handled task execution on waypoint 37, moving to next.
[bt_navigator-17] [INFO] [1790989668.894699808] [bt_navigator]: Begin navigating from current location (2.87, 0.52) to (2.84, 0.85)
[controller_server-12] [INFO] [1790989668.915216207] [controller_server]: Received a goal, begin computing control effort.
[controller_server-12] [INFO] [1790989669.619327398] [controller_server]: Reached the goal!
[controller_server-12] [INFO] [1790989669.619520762] [controller_server]: Optimizer reset
[bt_navigator-17] [INFO] [1790989669.644919789] [bt_navigator]: Goal succeeded
[waypoint_follower-18] [INFO] [1790989670.297940103] [waypoint_follower]: Succeeded processing waypoint 38, processing waypoint task execution
[waypoint_follower-18] [INFO] [1790989670.297967577] [waypoint_follower]: Arrived at 38'th waypoint, sleeping for 200 milliseconds
[waypoint_follower-18] [INFO] [1790989670.496199160] [waypoint_follower]: Task execution at waypoint 38 succeeded
[waypoint_follower-18] [INFO] [1790989670.496240502] [waypoint_follower]: Handled task execution on waypoint 38, moving to next.
[bt_navigator-17] [INFO] [1790989670.496582832] [bt_navigator]: Begin navigating from current location (2.87, 0.63) to (2.83, 0.98)
[controller_server-12] [INFO] [1790989670.517038250] [controller_server]: Received a goal, begin computing control effort.
[controller_server-12] [INFO] [1790989671.370692295] [controller_server]: Reached the goal!
[controller_server-12] [INFO] [1790989671.370929085] [controller_server]: Optimizer reset
[bt_navigator-17] [INFO] [1790989671.396793977] [bt_navigator]: Goal succeeded
[waypoint_follower-18] [INFO] [1790989672.050184613] [waypoint_follower]: Succeeded processing waypoint 39, processing waypoint task execution
[waypoint_follower-18] [INFO] [1790989672.050226256] [waypoint_follower]: Arrived at 39'th waypoint, sleeping for 200 milliseconds
[waypoint_follower-18] [INFO] [1790989672.251270714] [waypoint_follower]: Task execution at waypoint 39 succeeded
[waypoint_follower-18] [INFO] [1790989672.251310984] [waypoint_follower]: Handled task execution on waypoint 39, moving to next.
[bt_navigator-17] [INFO] [1790989672.251670167] [bt_navigator]: Begin navigating from current location (2.89, 0.77) to (2.81, 1.10)
[controller_server-12] [INFO] [1790989672.272222909] [controller_server]: Received a goal, begin computing control effort.
[controller_server-12] [INFO] [1790989673.026416343] [controller_server]: Reached the goal!
[controller_server-12] [INFO] [1790989673.026613856] [controller_server]: Optimizer reset
[bt_navigator-17] [INFO] [1790989673.051861522] [bt_navigator]: Goal succeeded
[waypoint_follower-18] [INFO] [1790989673.705053379] [waypoint_follower]: Succeeded processing waypoint 40, processing waypoint task execution
[waypoint_follower-18] [INFO] [1790989673.705082035] [waypoint_follower]: Arrived at 40'th waypoint, sleeping for 200 milliseconds
[waypoint_follower-18] [INFO] [1790989673.904243062] [waypoint_follower]: Task execution at waypoint 40 succeeded
[waypoint_follower-18] [INFO] [1790989673.904283893] [waypoint_follower]: Handled task execution on waypoint 40, moving to next.
[bt_navigator-17] [INFO] [1790989673.904693587] [bt_navigator]: Begin navigating from current location (2.89, 0.89) to (2.81, 1.20)
[controller_server-12] [INFO] [1790989673.925172021] [controller_server]: Received a goal, begin computing control effort.
[controller_server-12] [INFO] [1790989674.629124394] [controller_server]: Reached the goal!
[controller_server-12] [INFO] [1790989674.629375653] [controller_server]: Optimizer reset
[bt_navigator-17] [INFO] [1790989674.654935409] [bt_navigator]: Goal succeeded
[waypoint_follower-18] [INFO] [1790989675.307899901] [waypoint_follower]: Succeeded processing waypoint 41, processing waypoint task execution
[waypoint_follower-18] [INFO] [1790989675.307952836] [waypoint_follower]: Arrived at 41'th waypoint, sleeping for 200 milliseconds
[waypoint_follower-18] [INFO] [1790989675.506253963] [waypoint_follower]: Task execution at waypoint 41 succeeded
[waypoint_follower-18] [INFO] [1790989675.506292911] [waypoint_follower]: Handled task execution on waypoint 41, moving to next.
[bt_navigator-17] [INFO] [1790989675.506634018] [bt_navigator]: Begin navigating from current location (2.87, 0.99) to (2.83, 1.35)
[controller_server-12] [INFO] [1790989675.527065649] [controller_server]: Received a goal, begin computing control effort.
[controller_server-12] [INFO] [1790989676.082237067] [local_costmap.local_costmap]: StaticLayer: Resizing static layer to 508 X 391 at 0.050000 m/pix
[controller_server-12] [INFO] [1790989676.381974501] [controller_server]: Reached the goal!
[controller_server-12] [INFO] [1790989676.382285589] [controller_server]: Optimizer reset
[bt_navigator-17] [INFO] [1790989676.406846752] [bt_navigator]: Goal succeeded
[planner_server-14] [INFO] [1790989676.743376903] [global_costmap.global_costmap]: StaticLayer: Resizing costmap to 508 X 391 at 0.050000 m/pix
[waypoint_follower-18] [INFO] [1790989677.060268118] [waypoint_follower]: Succeeded processing waypoint 42, processing waypoint task execution
[waypoint_follower-18] [INFO] [1790989677.060303448] [waypoint_follower]: Arrived at 42'th waypoint, sleeping for 200 milliseconds
[waypoint_follower-18] [INFO] [1790989677.261217153] [waypoint_follower]: Task execution at waypoint 42 succeeded
[waypoint_follower-18] [INFO] [1790989677.261256190] [waypoint_follower]: Handled task execution on waypoint 42, moving to next.
[bt_navigator-17] [INFO] [1790989677.261637147] [bt_navigator]: Begin navigating from current location (2.86, 1.14) to (2.82, 1.52)
[controller_server-12] [INFO] [1790989677.282126422] [controller_server]: Received a goal, begin computing control effort.
[controller_server-12] [INFO] [1790989678.186430637] [controller_server]: Reached the goal!
[controller_server-12] [INFO] [1790989678.186977363] [controller_server]: Optimizer reset
[bt_navigator-17] [INFO] [1790989678.211868299] [bt_navigator]: Goal succeeded
[waypoint_follower-18] [INFO] [1790989678.865524097] [waypoint_follower]: Succeeded processing waypoint 43, processing waypoint task execution
[waypoint_follower-18] [INFO] [1790989678.865552944] [waypoint_follower]: Arrived at 43'th waypoint, sleeping for 200 milliseconds
[waypoint_follower-18] [INFO] [1790989679.064202612] [waypoint_follower]: Task execution at waypoint 43 succeeded
[waypoint_follower-18] [INFO] [1790989679.064262050] [waypoint_follower]: Handled task execution on waypoint 43, moving to next.
[bt_navigator-17] [INFO] [1790989679.064722694] [bt_navigator]: Begin navigating from current location (2.86, 1.30) to (2.81, 1.68)
[controller_server-12] [INFO] [1790989679.080890376] [local_costmap.local_costmap]: StaticLayer: Resizing static layer to 510 X 391 at 0.050000 m/pix
[controller_server-12] [INFO] [1790989679.085174585] [controller_server]: Received a goal, begin computing control effort.
[planner_server-14] [INFO] [1790989679.743379245] [global_costmap.global_costmap]: StaticLayer: Resizing costmap to 510 X 391 at 0.050000 m/pix
[controller_server-12] [INFO] [1790989680.039372931] [controller_server]: Reached the goal!
[controller_server-12] [INFO] [1790989680.039617477] [controller_server]: Optimizer reset
[bt_navigator-17] [INFO] [1790989680.064984940] [bt_navigator]: Goal succeeded
[waypoint_follower-18] [INFO] [1790989680.718606205] [waypoint_follower]: Succeeded processing waypoint 44, processing waypoint task execution
[waypoint_follower-18] [INFO] [1790989680.718643138] [waypoint_follower]: Arrived at 44'th waypoint, sleeping for 200 milliseconds
[waypoint_follower-18] [INFO] [1790989680.918175217] [waypoint_follower]: Task execution at waypoint 44 succeeded
[waypoint_follower-18] [INFO] [1790989680.918215768] [waypoint_follower]: Handled task execution on waypoint 44, moving to next.
[bt_navigator-17] [INFO] [1790989680.918629820] [bt_navigator]: Begin navigating from current location (2.86, 1.48) to (2.82, 1.80)
[controller_server-12] [INFO] [1790989680.939126500] [controller_server]: Received a goal, begin computing control effort.
[controller_server-12] [INFO] [1790989681.592999101] [controller_server]: Reached the goal!
[controller_server-12] [INFO] [1790989681.593499405] [controller_server]: Optimizer reset
[bt_navigator-17] [INFO] [1790989681.618838091] [bt_navigator]: Goal succeeded
[waypoint_follower-18] [INFO] [1790989682.271794262] [waypoint_follower]: Succeeded processing waypoint 45, processing waypoint task execution
[waypoint_follower-18] [INFO] [1790989682.271838580] [waypoint_follower]: Arrived at 45'th waypoint, sleeping for 200 milliseconds
[waypoint_follower-18] [INFO] [1790989682.472179564] [waypoint_follower]: Task execution at waypoint 45 succeeded
[waypoint_follower-18] [INFO] [1790989682.472249283] [waypoint_follower]: Handled task execution on waypoint 45, moving to next.
[bt_navigator-17] [INFO] [1790989682.472586382] [bt_navigator]: Begin navigating from current location (2.86, 1.57) to (2.82, 1.92)
[controller_server-12] [INFO] [1790989682.493038082] [controller_server]: Received a goal, begin computing control effort.
[controller_server-12] [INFO] [1790989683.297882050] [controller_server]: Reached the goal!
[controller_server-12] [INFO] [1790989683.298108791] [controller_server]: Optimizer reset
[bt_navigator-17] [INFO] [1790989683.322780171] [bt_navigator]: Goal succeeded
[waypoint_follower-18] [INFO] [1790989683.975973289] [waypoint_follower]: Succeeded processing waypoint 46, processing waypoint task execution
[waypoint_follower-18] [INFO] [1790989683.976005022] [waypoint_follower]: Arrived at 46'th waypoint, sleeping for 200 milliseconds
[waypoint_follower-18] [INFO] [1790989684.176186809] [waypoint_follower]: Task execution at waypoint 46 succeeded
[waypoint_follower-18] [INFO] [1790989684.176227680] [waypoint_follower]: Handled task execution on waypoint 46, moving to next.
[bt_navigator-17] [INFO] [1790989684.177088439] [bt_navigator]: Begin navigating from current location (2.86, 1.70) to (2.84, 2.04)
[controller_server-12] [INFO] [1790989684.197619908] [controller_server]: Received a goal, begin computing control effort.
[controller_server-12] [INFO] [1790989684.901637918] [controller_server]: Reached the goal!
[controller_server-12] [INFO] [1790989684.902169344] [controller_server]: Optimizer reset
[bt_navigator-17] [INFO] [1790989684.927282061] [bt_navigator]: Goal succeeded
[waypoint_follower-18] [INFO] [1790989685.580282151] [waypoint_follower]: Succeeded processing waypoint 47, processing waypoint task execution
[waypoint_follower-18] [INFO] [1790989685.580316660] [waypoint_follower]: Arrived at 47'th waypoint, sleeping for 200 milliseconds
[waypoint_follower-18] [INFO] [1790989685.781534354] [waypoint_follower]: Task execution at waypoint 47 succeeded
[waypoint_follower-18] [INFO] [1790989685.781565465] [waypoint_follower]: Handled task execution on waypoint 47, moving to next.
[bt_navigator-17] [INFO] [1790989685.781967785] [bt_navigator]: Begin navigating from current location (2.87, 1.81) to (2.84, 2.16)
[controller_server-12] [INFO] [1790989685.802487429] [controller_server]: Received a goal, begin computing control effort.
[controller_server-12] [INFO] [1790989686.556415203] [controller_server]: Reached the goal!
[controller_server-12] [INFO] [1790989686.556634929] [controller_server]: Optimizer reset
[bt_navigator-17] [INFO] [1790989686.582202349] [bt_navigator]: Goal succeeded
[waypoint_follower-18] [INFO] [1790989687.235189451] [waypoint_follower]: Succeeded processing waypoint 48, processing waypoint task execution
[waypoint_follower-18] [INFO] [1790989687.235218278] [waypoint_follower]: Arrived at 48'th waypoint, sleeping for 200 milliseconds
[waypoint_follower-18] [INFO] [1790989687.434190140] [waypoint_follower]: Task execution at waypoint 48 succeeded
[waypoint_follower-18] [INFO] [1790989687.434230821] [waypoint_follower]: Handled task execution on waypoint 48, moving to next.
[bt_navigator-17] [INFO] [1790989687.434651506] [bt_navigator]: Begin navigating from current location (2.87, 1.95) to (2.84, 2.29)
[controller_server-12] [INFO] [1790989687.455108165] [controller_server]: Received a goal, begin computing control effort.
[controller_server-12] [INFO] [1790989688.259256439] [controller_server]: Reached the goal!
[controller_server-12] [INFO] [1790989688.259786532] [controller_server]: Optimizer reset
[bt_navigator-17] [INFO] [1790989688.284853177] [bt_navigator]: Goal succeeded
[waypoint_follower-18] [INFO] [1790989688.938030222] [waypoint_follower]: Succeeded processing waypoint 49, processing waypoint task execution
[waypoint_follower-18] [INFO] [1790989688.938058278] [waypoint_follower]: Arrived at 49'th waypoint, sleeping for 200 milliseconds
[waypoint_follower-18] [INFO] [1790989689.138201686] [waypoint_follower]: Task execution at waypoint 49 succeeded
[waypoint_follower-18] [INFO] [1790989689.138246134] [waypoint_follower]: Handled task execution on waypoint 49, moving to next.
[bt_navigator-17] [INFO] [1790989689.138670547] [bt_navigator]: Begin navigating from current location (2.88, 2.08) to (2.86, 2.44)
[controller_server-12] [INFO] [1790989689.159134360] [controller_server]: Received a goal, begin computing control effort.
[controller_server-12] [INFO] [1790989690.013326663] [controller_server]: Reached the goal!
[controller_server-12] [INFO] [1790989690.013972796] [controller_server]: Optimizer reset
[bt_navigator-17] [INFO] [1790989690.038879974] [bt_navigator]: Goal succeeded
[waypoint_follower-18] [INFO] [1790989690.692186633] [waypoint_follower]: Succeeded processing waypoint 50, processing waypoint task execution
[waypoint_follower-18] [INFO] [1790989690.692218576] [waypoint_follower]: Arrived at 50'th waypoint, sleeping for 200 milliseconds
[waypoint_follower-18] [INFO] [1790989690.893194637] [waypoint_follower]: Task execution at waypoint 50 succeeded
[waypoint_follower-18] [INFO] [1790989690.893236891] [waypoint_follower]: Handled task execution on waypoint 50, moving to next.
[bt_navigator-17] [INFO] [1790989690.893620753] [bt_navigator]: Begin navigating from current location (2.89, 2.22) to (2.89, 2.56)
[controller_server-12] [INFO] [1790989690.914067022] [controller_server]: Received a goal, begin computing control effort.
[controller_server-12] [INFO] [1790989691.669270947] [controller_server]: Reached the goal!
[controller_server-12] [INFO] [1790989691.669559380] [controller_server]: Optimizer reset
[bt_navigator-17] [INFO] [1790989691.693843661] [bt_navigator]: Goal succeeded
[waypoint_follower-18] [INFO] [1790989692.347252369] [waypoint_follower]: Succeeded processing waypoint 51, processing waypoint task execution
[waypoint_follower-18] [INFO] [1790989692.347283972] [waypoint_follower]: Arrived at 51'th waypoint, sleeping for 200 milliseconds
[waypoint_follower-18] [INFO] [1790989692.546163798] [waypoint_follower]: Task execution at waypoint 51 succeeded
[waypoint_follower-18] [INFO] [1790989692.546202885] [waypoint_follower]: Handled task execution on waypoint 51, moving to next.
[bt_navigator-17] [INFO] [1790989692.546649693] [bt_navigator]: Begin navigating from current location (2.90, 2.34) to (2.89, 2.66)
[controller_server-12] [INFO] [1790989692.567184798] [controller_server]: Received a goal, begin computing control effort.
[controller_server-12] [INFO] [1790989693.221327222] [controller_server]: Reached the goal!
[controller_server-12] [INFO] [1790989693.221932854] [controller_server]: Optimizer reset
[bt_navigator-17] [INFO] [1790989693.246833700] [bt_navigator]: Goal succeeded
[waypoint_follower-18] [INFO] [1790989693.899693865] [waypoint_follower]: Succeeded processing waypoint 52, processing waypoint task execution
[waypoint_follower-18] [INFO] [1790989693.899726320] [waypoint_follower]: Arrived at 52'th waypoint, sleeping for 200 milliseconds
[waypoint_follower-18] [INFO] [1790989694.100228567] [waypoint_follower]: Task execution at waypoint 52 succeeded
[waypoint_follower-18] [INFO] [1790989694.100268075] [waypoint_follower]: Handled task execution on waypoint 52, moving to next.
[bt_navigator-17] [INFO] [1790989694.100693300] [bt_navigator]: Begin navigating from current location (2.92, 2.43) to (3.00, 3.00)
[controller_server-12] [INFO] [1790989694.121168095] [controller_server]: Received a goal, begin computing control effort.
[controller_server-12] [INFO] [1790989695.080889023] [local_costmap.local_costmap]: StaticLayer: Resizing static layer to 517 X 391 at 0.050000 m/pix
[controller_server-12] [INFO] [1790989695.171298585] [controller_server]: Passing new path to controller.
[controller_server-12] [INFO] [1790989695.725227711] [controller_server]: Reached the goal!
[controller_server-12] [INFO] [1790989695.725944855] [controller_server]: Optimizer reset
[planner_server-14] [INFO] [1790989695.743377117] [global_costmap.global_costmap]: StaticLayer: Resizing costmap to 517 X 391 at 0.050000 m/pix
[bt_navigator-17] [INFO] [1790989695.750896802] [bt_navigator]: Goal succeeded
[controller_server-12] [INFO] [1790989696.080896993] [local_costmap.local_costmap]: StaticLayer: Resizing static layer to 521 X 391 at 0.050000 m/pix
[waypoint_follower-18] [INFO] [1790989696.406242779] [waypoint_follower]: Succeeded processing waypoint 53, processing waypoint task execution
[waypoint_follower-18] [INFO] [1790989696.406275424] [waypoint_follower]: Arrived at 53'th waypoint, sleeping for 200 milliseconds
[waypoint_follower-18] [INFO] [1790989696.605222000] [waypoint_follower]: Task execution at waypoint 53 succeeded
[waypoint_follower-18] [INFO] [1790989696.605258522] [waypoint_follower]: Handled task execution on waypoint 53, moving to next.
[bt_navigator-17] [INFO] [1790989696.605630842] [bt_navigator]: Begin navigating from current location (2.93, 2.80) to (2.91, 2.80)
[controller_server-12] [INFO] [1790989696.626095466] [controller_server]: Received a goal, begin computing control effort.
[controller_server-12] [INFO] [1790989696.630799509] [controller_server]: Reached the goal!
[controller_server-12] [INFO] [1790989696.631300815] [controller_server]: Optimizer reset
[bt_navigator-17] [INFO] [1790989696.655829260] [bt_navigator]: Goal succeeded
[planner_server-14] [INFO] [1790989696.743390124] [global_costmap.global_costmap]: StaticLayer: Resizing costmap to 521 X 391 at 0.050000 m/pix
[waypoint_follower-18] [INFO] [1790989697.006482299] [waypoint_follower]: Succeeded processing waypoint 54, processing waypoint task execution
[waypoint_follower-18] [INFO] [1790989697.006513992] [waypoint_follower]: Arrived at 54'th waypoint, sleeping for 200 milliseconds
[waypoint_follower-18] [INFO] [1790989697.205167956] [waypoint_follower]: Task execution at waypoint 54 succeeded
[waypoint_follower-18] [INFO] [1790989697.205208577] [waypoint_follower]: Handled task execution on waypoint 54, moving to next.
[bt_navigator-17] [INFO] [1790989697.205618230] [bt_navigator]: Begin navigating from current location (2.93, 2.80) to (2.90, 2.74)
[controller_server-12] [INFO] [1790989697.226061252] [controller_server]: Received a goal, begin computing control effort.
[controller_server-12] [INFO] [1790989697.231588630] [controller_server]: Reached the goal!
[controller_server-12] [INFO] [1790989697.231797875] [controller_server]: Optimizer reset
[bt_navigator-17] [INFO] [1790989697.255771800] [bt_navigator]: Goal succeeded
[waypoint_follower-18] [INFO] [1790989697.606376742] [waypoint_follower]: Succeeded processing waypoint 55, processing waypoint task execution
[waypoint_follower-18] [INFO] [1790989697.606407853] [waypoint_follower]: Arrived at 55'th waypoint, sleeping for 200 milliseconds
[waypoint_follower-18] [INFO] [1790989697.805276103] [waypoint_follower]: Task execution at waypoint 55 succeeded
[waypoint_follower-18] [INFO] [1790989697.805310662] [waypoint_follower]: Handled task execution on waypoint 55, moving to next.
[bt_navigator-17] [INFO] [1790989697.805751928] [bt_navigator]: Begin navigating from current location (2.93, 2.80) to (2.90, 2.73)
[controller_server-12] [INFO] [1790989697.826228957] [controller_server]: Received a goal, begin computing control effort.
[controller_server-12] [INFO] [1790989697.830945495] [controller_server]: Reached the goal!
[controller_server-12] [INFO] [1790989697.831154891] [controller_server]: Optimizer reset
[bt_navigator-17] [INFO] [1790989697.855956399] [bt_navigator]: Goal succeeded
[waypoint_follower-18] [INFO] [1790989698.206460500] [waypoint_follower]: Succeeded processing waypoint 56, processing waypoint task execution
[waypoint_follower-18] [INFO] [1790989698.206490479] [waypoint_follower]: Arrived at 56'th waypoint, sleeping for 200 milliseconds
[waypoint_follower-18] [INFO] [1790989698.405258680] [waypoint_follower]: Task execution at waypoint 56 succeeded
[waypoint_follower-18] [INFO] [1790989698.405300443] [waypoint_follower]: Handled task execution on waypoint 56, moving to next.
[bt_navigator-17] [INFO] [1790989698.405661981] [bt_navigator]: Begin navigating from current location (2.93, 2.80) to (2.90, 2.73)
[controller_server-12] [INFO] [1790989698.426169220] [controller_server]: Received a goal, begin computing control effort.
[controller_server-12] [INFO] [1790989699.130746479] [controller_server]: Reached the goal!
[controller_server-12] [INFO] [1790989699.130957929] [controller_server]: Optimizer reset
[bt_navigator-17] [INFO] [1790989699.155889495] [bt_navigator]: Goal succeeded
[waypoint_follower-18] [INFO] [1790989699.808899616] [waypoint_follower]: Succeeded processing waypoint 57, processing waypoint task execution
[waypoint_follower-18] [INFO] [1790989699.808950658] [waypoint_follower]: Arrived at 57'th waypoint, sleeping for 200 milliseconds
[waypoint_follower-18] [INFO] [1790989700.007230567] [waypoint_follower]: Task execution at waypoint 57 succeeded
[waypoint_follower-18] [INFO] [1790989700.007277411] [waypoint_follower]: Handled task execution on waypoint 57, moving to next.
[bt_navigator-17] [INFO] [1790989700.008003823] [bt_navigator]: Begin navigating from current location (2.93, 2.76) to (2.89, 2.74)
[controller_server-12] [INFO] [1790989700.028481804] [controller_server]: Received a goal, begin computing control effort.
[controller_server-12] [INFO] [1790989700.932731444] [controller_server]: Reached the goal!
[controller_server-12] [INFO] [1790989700.933446144] [controller_server]: Optimizer reset
[bt_navigator-17] [INFO] [1790989700.958264104] [bt_navigator]: Goal succeeded
[waypoint_follower-18] [INFO] [1790989701.612361070] [waypoint_follower]: Succeeded processing waypoint 58, processing waypoint task execution
[waypoint_follower-18] [INFO] [1790989701.612391560] [waypoint_follower]: Arrived at 58'th waypoint, sleeping for 200 milliseconds
[waypoint_follower-18] [INFO] [1790989701.813178558] [waypoint_follower]: Task execution at waypoint 58 succeeded
[waypoint_follower-18] [INFO] [1790989701.813219379] [waypoint_follower]: Handled task execution on waypoint 58, moving to next.
[bt_navigator-17] [INFO] [1790989701.814029679] [bt_navigator]: Begin navigating from current location (2.93, 2.74) to (2.89, 2.75)
[controller_server-12] [INFO] [1790989701.834517900] [controller_server]: Received a goal, begin computing control effort.
[controller_server-12] [INFO] [1790989702.688587704] [controller_server]: Reached the goal!
[controller_server-12] [INFO] [1790989702.689347633] [controller_server]: Optimizer reset
[bt_navigator-17] [INFO] [1790989702.714248548] [bt_navigator]: Goal succeeded
[waypoint_follower-18] [INFO] [1790989703.367739016] [waypoint_follower]: Succeeded processing waypoint 59, processing waypoint task execution
[waypoint_follower-18] [INFO] [1790989703.367768344] [waypoint_follower]: Arrived at 59'th waypoint, sleeping for 200 milliseconds
[waypoint_follower-18] [INFO] [1790989703.568168182] [waypoint_follower]: Task execution at waypoint 59 succeeded
[waypoint_follower-18] [INFO] [1790989703.568213562] [waypoint_follower]: Handled task execution on waypoint 59, moving to next.
[bt_navigator-17] [INFO] [1790989703.569126906] [bt_navigator]: Begin navigating from current location (2.93, 2.74) to (2.88, 2.75)
[controller_server-12] [INFO] [1790989703.589608975] [controller_server]: Received a goal, begin computing control effort.
[controller_server-12] [INFO] [1790989704.343532617] [controller_server]: Reached the goal!
[controller_server-12] [INFO] [1790989704.343981959] [controller_server]: Optimizer reset
[bt_navigator-17] [INFO] [1790989704.369380072] [bt_navigator]: Goal succeeded
[waypoint_follower-18] [INFO] [1790989705.022538216] [waypoint_follower]: Succeeded processing waypoint 60, processing waypoint task execution
[waypoint_follower-18] [INFO] [1790989705.022565521] [waypoint_follower]: Arrived at 60'th waypoint, sleeping for 200 milliseconds
[waypoint_follower-18] [INFO] [1790989705.221174079] [waypoint_follower]: Task execution at waypoint 60 succeeded
[waypoint_follower-18] [INFO] [1790989705.221213107] [waypoint_follower]: Handled task execution on waypoint 60, moving to next.
[bt_navigator-17] [INFO] [1790989705.221536810] [bt_navigator]: Begin navigating from current location (2.93, 2.75) to (2.87, 2.76)
[controller_server-12] [INFO] [1790989705.241998638] [controller_server]: Received a goal, begin computing control effort.
[controller_server-12] [INFO] [1790989705.997249794] [controller_server]: Reached the goal!
[controller_server-12] [INFO] [1790989705.997478368] [controller_server]: Optimizer reset
[bt_navigator-17] [INFO] [1790989706.021722358] [bt_navigator]: Goal succeeded
[waypoint_follower-18] [INFO] [1790989706.674846802] [waypoint_follower]: Succeeded processing waypoint 61, processing waypoint task execution
[waypoint_follower-18] [INFO] [1790989706.674876240] [waypoint_follower]: Arrived at 61'th waypoint, sleeping for 200 milliseconds
[waypoint_follower-18] [INFO] [1790989706.874191262] [waypoint_follower]: Task execution at waypoint 61 succeeded
[waypoint_follower-18] [INFO] [1790989706.874234057] [waypoint_follower]: Handled task execution on waypoint 61, moving to next.
[bt_navigator-17] [INFO] [1790989706.874563020] [bt_navigator]: Begin navigating from current location (2.92, 2.77) to (2.86, 2.77)
[controller_server-12] [INFO] [1790989706.895017614] [controller_server]: Received a goal, begin computing control effort.
[controller_server-12] [INFO] [1790989707.448986959] [controller_server]: Reached the goal!
[controller_server-12] [INFO] [1790989707.450033868] [controller_server]: Optimizer reset
[bt_navigator-17] [INFO] [1790989707.474796147] [bt_navigator]: Goal succeeded
[waypoint_follower-18] [INFO] [1790989708.127222031] [waypoint_follower]: Succeeded processing waypoint 62, processing waypoint task execution
[waypoint_follower-18] [INFO] [1790989708.127253804] [waypoint_follower]: Arrived at 62'th waypoint, sleeping for 200 milliseconds
[waypoint_follower-18] [INFO] [1790989708.326154321] [waypoint_follower]: Task execution at waypoint 62 succeeded
[waypoint_follower-18] [INFO] [1790989708.326194080] [waypoint_follower]: Handled task execution on waypoint 62, moving to next.
[bt_navigator-17] [INFO] [1790989708.326568454] [bt_navigator]: Begin navigating from current location (2.91, 2.78) to (2.81, 2.80)
[controller_server-12] [INFO] [1790989708.347032286] [controller_server]: Received a goal, begin computing control effort.
[controller_server-12] [INFO] [1790989709.397204592] [controller_server]: Passing new path to controller.
[controller_server-12] [INFO] [1790989709.452126059] [controller_server]: Reached the goal!
[controller_server-12] [INFO] [1790989709.452360725] [controller_server]: Optimizer reset
[bt_navigator-17] [INFO] [1790989709.476737889] [bt_navigator]: Goal succeeded
[waypoint_follower-18] [INFO] [1790989710.130460465] [waypoint_follower]: Succeeded processing waypoint 63, processing waypoint task execution
[waypoint_follower-18] [INFO] [1790989710.130493240] [waypoint_follower]: Arrived at 63'th waypoint, sleeping for 200 milliseconds
[waypoint_follower-18] [INFO] [1790989710.330222131] [waypoint_follower]: Task execution at waypoint 63 succeeded
[waypoint_follower-18] [INFO] [1790989710.330258724] [waypoint_follower]: Handled task execution on waypoint 63, moving to next.
[bt_navigator-17] [INFO] [1790989710.330636414] [bt_navigator]: Begin navigating from current location (2.87, 2.81) to (2.77, 2.81)
[controller_server-12] [INFO] [1790989710.351095436] [controller_server]: Received a goal, begin computing control effort.
[controller_server-12] [INFO] [1790989710.805161102] [controller_server]: Reached the goal!
[controller_server-12] [INFO] [1790989710.805374846] [controller_server]: Optimizer reset
[bt_navigator-17] [INFO] [1790989710.830841875] [bt_navigator]: Goal succeeded
[waypoint_follower-18] [INFO] [1790989711.483154477] [waypoint_follower]: Succeeded processing waypoint 64, processing waypoint task execution
[waypoint_follower-18] [INFO] [1790989711.483189536] [waypoint_follower]: Arrived at 64'th waypoint, sleeping for 200 milliseconds
[waypoint_follower-18] [INFO] [1790989711.683249915] [waypoint_follower]: Task execution at waypoint 64 succeeded
[waypoint_follower-18] [INFO] [1790989711.683289404] [waypoint_follower]: Handled task execution on waypoint 64, moving to next.
[bt_navigator-17] [INFO] [1790989711.683659699] [bt_navigator]: Begin navigating from current location (2.85, 2.82) to (2.66, 2.84)
[controller_server-12] [INFO] [1790989711.704137178] [controller_server]: Received a goal, begin computing control effort.
[controller_server-12] [INFO] [1790989712.408112723] [controller_server]: Reached the goal!
[controller_server-12] [INFO] [1790989712.408333962] [controller_server]: Optimizer reset
[bt_navigator-17] [INFO] [1790989712.433868124] [bt_navigator]: Goal succeeded
[waypoint_follower-18] [INFO] [1790989713.086904040] [waypoint_follower]: Succeeded processing waypoint 65, processing waypoint task execution
[waypoint_follower-18] [INFO] [1790989713.086942206] [waypoint_follower]: Arrived at 65'th waypoint, sleeping for 200 milliseconds
[waypoint_follower-18] [INFO] [1790989713.285227308] [waypoint_follower]: Task execution at waypoint 65 succeeded
[waypoint_follower-18] [INFO] [1790989713.285265333] [waypoint_follower]: Handled task execution on waypoint 65, moving to next.
[bt_navigator-17] [INFO] [1790989713.285840736] [bt_navigator]: Begin navigating from current location (2.80, 2.86) to (2.57, 2.85)
[controller_server-12] [INFO] [1790989713.306609393] [controller_server]: Received a goal, begin computing control effort.
[controller_server-12] [INFO] [1790989714.112166229] [controller_server]: Reached the goal!
[controller_server-12] [INFO] [1790989714.112447618] [controller_server]: Optimizer reset
[bt_navigator-17] [INFO] [1790989714.136044281] [bt_navigator]: Goal succeeded
[waypoint_follower-18] [INFO] [1790989714.789236423] [waypoint_follower]: Succeeded processing waypoint 66, processing waypoint task execution
[waypoint_follower-18] [INFO] [1790989714.789264890] [waypoint_follower]: Arrived at 66'th waypoint, sleeping for 200 milliseconds
[waypoint_follower-18] [INFO] [1790989714.989205198] [waypoint_follower]: Task execution at waypoint 66 succeeded
[waypoint_follower-18] [INFO] [1790989714.989249186] [waypoint_follower]: Handled task execution on waypoint 66, moving to next.
[bt_navigator-17] [INFO] [1790989714.989814017] [bt_navigator]: Begin navigating from current location (2.73, 2.88) to (2.45, 2.85)
[controller_server-12] [INFO] [1790989715.010341396] [controller_server]: Received a goal, begin computing control effort.
[controller_server-12] [INFO] [1790989715.465496939] [controller_server]: Reached the goal!
[controller_server-12] [INFO] [1790989715.466165166] [controller_server]: Optimizer reset
[bt_navigator-17] [INFO] [1790989715.490022177] [bt_navigator]: Goal succeeded
[waypoint_follower-18] [INFO] [1790989716.143396027] [waypoint_follower]: Succeeded processing waypoint 67, processing waypoint task execution
[waypoint_follower-18] [INFO] [1790989716.143427880] [waypoint_follower]: Arrived at 67'th waypoint, sleeping for 200 milliseconds
[waypoint_follower-18] [INFO] [1790989716.342187092] [waypoint_follower]: Task execution at waypoint 67 succeeded
[waypoint_follower-18] [INFO] [1790989716.342233364] [waypoint_follower]: Handled task execution on waypoint 67, moving to next.
[bt_navigator-17] [INFO] [1790989716.342646815] [bt_navigator]: Begin navigating from current location (2.67, 2.89) to (2.32, 2.85)
[controller_server-12] [INFO] [1790989716.363227769] [controller_server]: Received a goal, begin computing control effort.
[controller_server-12] [INFO] [1790989717.267659506] [controller_server]: Reached the goal!
[controller_server-12] [INFO] [1790989717.267969962] [controller_server]: Optimizer reset
[bt_navigator-17] [INFO] [1790989717.292851017] [bt_navigator]: Goal succeeded
[waypoint_follower-18] [INFO] [1790989717.946440031] [waypoint_follower]: Succeeded processing waypoint 68, processing waypoint task execution
[waypoint_follower-18] [INFO] [1790989717.946469299] [waypoint_follower]: Arrived at 68'th waypoint, sleeping for 200 milliseconds
[waypoint_follower-18] [INFO] [1790989718.145165284] [waypoint_follower]: Task execution at waypoint 68 succeeded
[waypoint_follower-18] [INFO] [1790989718.145209482] [waypoint_follower]: Handled task execution on waypoint 68, moving to next.
[bt_navigator-17] [INFO] [1790989718.145857789] [bt_navigator]: Begin navigating from current location (2.53, 2.91) to (2.22, 2.85)
[controller_server-12] [INFO] [1790989718.166440397] [controller_server]: Received a goal, begin computing control effort.
[controller_server-12] [INFO] [1790989718.870575184] [controller_server]: Reached the goal!
[controller_server-12] [INFO] [1790989718.870842285] [controller_server]: Optimizer reset
[bt_navigator-17] [INFO] [1790989718.896055238] [bt_navigator]: Goal succeeded
[waypoint_follower-18] [INFO] [1790989719.549078876] [waypoint_follower]: Succeeded processing waypoint 69, processing waypoint task execution
[waypoint_follower-18] [INFO] [1790989719.549110719] [waypoint_follower]: Arrived at 69'th waypoint, sleeping for 200 milliseconds
[waypoint_follower-18] [INFO] [1790989719.747227363] [waypoint_follower]: Task execution at waypoint 69 succeeded
[waypoint_follower-18] [INFO] [1790989719.747263945] [waypoint_follower]: Handled task execution on waypoint 69, moving to next.
[bt_navigator-17] [INFO] [1790989719.747607047] [bt_navigator]: Begin navigating from current location (2.44, 2.91) to (2.12, 2.86)
[controller_server-12] [INFO] [1790989719.768083543] [controller_server]: Received a goal, begin computing control effort.
[controller_server-12] [INFO] [1790989720.471824766] [controller_server]: Reached the goal!
[controller_server-12] [INFO] [1790989720.472079532] [controller_server]: Optimizer reset
[bt_navigator-17] [INFO] [1790989720.497811867] [bt_navigator]: Goal succeeded
[waypoint_follower-18] [INFO] [1790989721.150971201] [waypoint_follower]: Succeeded processing waypoint 70, processing waypoint task execution
[waypoint_follower-18] [INFO] [1790989721.151003896] [waypoint_follower]: Arrived at 70'th waypoint, sleeping for 200 milliseconds
[waypoint_follower-18] [INFO] [1790989721.349219645] [waypoint_follower]: Task execution at waypoint 70 succeeded
[waypoint_follower-18] [INFO] [1790989721.349253402] [waypoint_follower]: Handled task execution on waypoint 70, moving to next.
[bt_navigator-17] [INFO] [1790989721.349624870] [bt_navigator]: Begin navigating from current location (2.33, 2.92) to (2.01, 2.86)
[controller_server-12] [INFO] [1790989721.370153700] [controller_server]: Received a goal, begin computing control effort.
[controller_server-12] [INFO] [1790989722.124137131] [controller_server]: Reached the goal!
[controller_server-12] [INFO] [1790989722.124368912] [controller_server]: Optimizer reset
[bt_navigator-17] [INFO] [1790989722.149842172] [bt_navigator]: Goal succeeded
[waypoint_follower-18] [INFO] [1790989722.802935762] [waypoint_follower]: Succeeded processing waypoint 71, processing waypoint task execution
[waypoint_follower-18] [INFO] [1790989722.802968687] [waypoint_follower]: Arrived at 71'th waypoint, sleeping for 200 milliseconds
[waypoint_follower-18] [INFO] [1790989723.002249000] [waypoint_follower]: Task execution at waypoint 71 succeeded
[waypoint_follower-18] [INFO] [1790989723.002290853] [waypoint_follower]: Handled task execution on waypoint 71, moving to next.
[bt_navigator-17] [INFO] [1790989723.002708192] [bt_navigator]: Begin navigating from current location (2.23, 2.92) to (1.90, 2.86)
[controller_server-12] [INFO] [1790989723.023189628] [controller_server]: Received a goal, begin computing control effort.
[controller_server-12] [INFO] [1790989723.827747856] [controller_server]: Reached the goal!
[controller_server-12] [INFO] [1790989723.827986440] [controller_server]: Optimizer reset
[bt_navigator-17] [INFO] [1790989723.852912293] [bt_navigator]: Goal succeeded
[waypoint_follower-18] [INFO] [1790989724.506172291] [waypoint_follower]: Succeeded processing waypoint 72, processing waypoint task execution
[waypoint_follower-18] [INFO] [1790989724.506216178] [waypoint_follower]: Arrived at 72'th waypoint, sleeping for 200 milliseconds
[waypoint_follower-18] [INFO] [1790989724.706170718] [waypoint_follower]: Task execution at waypoint 72 succeeded
[waypoint_follower-18] [INFO] [1790989724.706210467] [waypoint_follower]: Handled task execution on waypoint 72, moving to next.
[bt_navigator-17] [INFO] [1790989724.706603127] [bt_navigator]: Begin navigating from current location (2.12, 2.92) to (1.75, 2.87)
[controller_server-12] [INFO] [1790989724.727056457] [controller_server]: Received a goal, begin computing control effort.
[controller_server-12] [INFO] [1790989725.631514102] [controller_server]: Reached the goal!
[controller_server-12] [INFO] [1790989725.631684621] [controller_server]: Optimizer reset
[bt_navigator-17] [INFO] [1790989725.656824860] [bt_navigator]: Goal succeeded
[waypoint_follower-18] [INFO] [1790989726.310401052] [waypoint_follower]: Succeeded processing waypoint 73, processing waypoint task execution
[waypoint_follower-18] [INFO] [1790989726.310429218] [waypoint_follower]: Arrived at 73'th waypoint, sleeping for 200 milliseconds
[waypoint_follower-18] [INFO] [1790989726.509220587] [waypoint_follower]: Task execution at waypoint 73 succeeded
[waypoint_follower-18] [INFO] [1790989726.509267140] [waypoint_follower]: Handled task execution on waypoint 73, moving to next.
[bt_navigator-17] [INFO] [1790989726.510188660] [bt_navigator]: Begin navigating from current location (1.95, 2.92) to (1.56, 2.87)
[controller_server-12] [INFO] [1790989726.530655687] [controller_server]: Received a goal, begin computing control effort.
[controller_server-12] [INFO] [1790989727.484842699] [controller_server]: Reached the goal!
[controller_server-12] [INFO] [1790989727.485120231] [controller_server]: Optimizer reset
[bt_navigator-17] [INFO] [1790989727.510399205] [bt_navigator]: Goal succeeded
[waypoint_follower-18] [INFO] [1790989728.164374656] [waypoint_follower]: Succeeded processing waypoint 74, processing waypoint task execution
[waypoint_follower-18] [INFO] [1790989728.164408574] [waypoint_follower]: Arrived at 74'th waypoint, sleeping for 200 milliseconds
[waypoint_follower-18] [INFO] [1790989728.363213930] [waypoint_follower]: Task execution at waypoint 74 succeeded
[waypoint_follower-18] [INFO] [1790989728.363257686] [waypoint_follower]: Handled task execution on waypoint 74, moving to next.
[bt_navigator-17] [INFO] [1790989728.364407390] [bt_navigator]: Begin navigating from current location (1.78, 2.92) to (1.41, 2.87)
[controller_server-12] [INFO] [1790989728.384915398] [controller_server]: Received a goal, begin computing control effort.
[controller_server-12] [INFO] [1790989729.288939743] [controller_server]: Reached the goal!
[controller_server-12] [INFO] [1790989729.289145151] [controller_server]: Optimizer reset
[bt_navigator-17] [INFO] [1790989729.314618491] [bt_navigator]: Goal succeeded
[waypoint_follower-18] [INFO] [1790989729.968261208] [waypoint_follower]: Succeeded processing waypoint 75, processing waypoint task execution
[waypoint_follower-18] [INFO] [1790989729.968301398] [waypoint_follower]: Arrived at 75'th waypoint, sleeping for 200 milliseconds
[waypoint_follower-18] [INFO] [1790989730.169323125] [waypoint_follower]: Task execution at waypoint 75 succeeded
[waypoint_follower-18] [INFO] [1790989730.169362653] [waypoint_follower]: Handled task execution on waypoint 75, moving to next.
[bt_navigator-17] [INFO] [1790989730.169765563] [bt_navigator]: Begin navigating from current location (1.62, 2.92) to (1.27, 2.87)
[controller_server-12] [INFO] [1790989730.190267520] [controller_server]: Received a goal, begin computing control effort.
[controller_server-12] [INFO] [1790989730.944252794] [controller_server]: Reached the goal!
[controller_server-12] [INFO] [1790989730.944455497] [controller_server]: Optimizer reset
[bt_navigator-17] [INFO] [1790989730.969988475] [bt_navigator]: Goal succeeded
[waypoint_follower-18] [INFO] [1790989731.623319901] [waypoint_follower]: Succeeded processing waypoint 76, processing waypoint task execution
[waypoint_follower-18] [INFO] [1790989731.623348387] [waypoint_follower]: Arrived at 76'th waypoint, sleeping for 200 milliseconds
[waypoint_follower-18] [INFO] [1790989731.822236105] [waypoint_follower]: Task execution at waypoint 76 succeeded
[waypoint_follower-18] [INFO] [1790989731.822269051] [waypoint_follower]: Handled task execution on waypoint 76, moving to next.
[bt_navigator-17] [INFO] [1790989731.822629767] [bt_navigator]: Begin navigating from current location (1.49, 2.92) to (1.17, 2.87)
[controller_server-12] [INFO] [1790989731.843102295] [controller_server]: Received a goal, begin computing control effort.
[controller_server-12] [INFO] [1790989732.547136915] [controller_server]: Reached the goal!
[controller_server-12] [INFO] [1790989732.547602549] [controller_server]: Optimizer reset
[bt_navigator-17] [INFO] [1790989732.572838257] [bt_navigator]: Goal succeeded
[waypoint_follower-18] [INFO] [1790989733.226409015] [waypoint_follower]: Succeeded processing waypoint 77, processing waypoint task execution
[waypoint_follower-18] [INFO] [1790989733.226438784] [waypoint_follower]: Arrived at 77'th waypoint, sleeping for 200 milliseconds
[waypoint_follower-18] [INFO] [1790989733.427222376] [waypoint_follower]: Task execution at waypoint 77 succeeded
[waypoint_follower-18] [INFO] [1790989733.427255692] [waypoint_follower]: Handled task execution on waypoint 77, moving to next.
[bt_navigator-17] [INFO] [1790989733.427629073] [bt_navigator]: Begin navigating from current location (1.40, 2.92) to (1.06, 2.87)
[controller_server-12] [INFO] [1790989733.448085139] [controller_server]: Received a goal, begin computing control effort.
[controller_server-12] [INFO] [1790989734.202331745] [controller_server]: Reached the goal!
[controller_server-12] [INFO] [1790989734.202562764] [controller_server]: Optimizer reset
[bt_navigator-17] [INFO] [1790989734.227826417] [bt_navigator]: Goal succeeded
[waypoint_follower-18] [INFO] [1790989734.880800276] [waypoint_follower]: Succeeded processing waypoint 78, processing waypoint task execution
[waypoint_follower-18] [INFO] [1790989734.880832150] [waypoint_follower]: Arrived at 78'th waypoint, sleeping for 200 milliseconds
[waypoint_follower-18] [INFO] [1790989735.080188516] [waypoint_follower]: Task execution at waypoint 78 succeeded
[waypoint_follower-18] [INFO] [1790989735.080227634] [waypoint_follower]: Handled task execution on waypoint 78, moving to next.
[bt_navigator-17] [INFO] [1790989735.080613250] [bt_navigator]: Begin navigating from current location (1.28, 2.92) to (0.96, 2.87)
[controller_server-12] [INFO] [1790989735.101075838] [controller_server]: Received a goal, begin computing control effort.
[controller_server-12] [INFO] [1790989735.755581878] [controller_server]: Reached the goal!
[controller_server-12] [INFO] [1790989735.756029958] [controller_server]: Optimizer reset
[bt_navigator-17] [INFO] [1790989735.780815491] [bt_navigator]: Goal succeeded
[waypoint_follower-18] [INFO] [1790989736.433669289] [waypoint_follower]: Succeeded processing waypoint 79, processing waypoint task execution
[waypoint_follower-18] [INFO] [1790989736.433698858] [waypoint_follower]: Arrived at 79'th waypoint, sleeping for 200 milliseconds
[waypoint_follower-18] [INFO] [1790989736.634191179] [waypoint_follower]: Task execution at waypoint 79 succeeded
[waypoint_follower-18] [INFO] [1790989736.634236970] [waypoint_follower]: Handled task execution on waypoint 79, moving to next.
[bt_navigator-17] [INFO] [1790989736.634589881] [bt_navigator]: Begin navigating from current location (1.18, 2.92) to (0.84, 2.87)
[controller_server-12] [INFO] [1790989736.655037099] [controller_server]: Received a goal, begin computing control effort.
[controller_server-12] [INFO] [1790989737.458873972] [controller_server]: Reached the goal!
[controller_server-12] [INFO] [1790989737.459034140] [controller_server]: Optimizer reset
[bt_navigator-17] [INFO] [1790989737.484821253] [bt_navigator]: Goal succeeded
[waypoint_follower-18] [INFO] [1790989738.137938160] [waypoint_follower]: Succeeded processing waypoint 80, processing waypoint task execution
[waypoint_follower-18] [INFO] [1790989738.137967278] [waypoint_follower]: Arrived at 80'th waypoint, sleeping for 200 milliseconds
[waypoint_follower-18] [INFO] [1790989738.338247066] [waypoint_follower]: Task execution at waypoint 80 succeeded
[waypoint_follower-18] [INFO] [1790989738.338281134] [waypoint_follower]: Handled task execution on waypoint 80, moving to next.
[bt_navigator-17] [INFO] [1790989738.338685367] [bt_navigator]: Begin navigating from current location (1.06, 2.92) to (0.69, 2.88)
[controller_server-12] [INFO] [1790989738.359148095] [controller_server]: Received a goal, begin computing control effort.
[controller_server-12] [INFO] [1790989739.263427018] [controller_server]: Reached the goal!
[controller_server-12] [INFO] [1790989739.263711884] [controller_server]: Optimizer reset
[bt_navigator-17] [INFO] [1790989739.288892221] [bt_navigator]: Goal succeeded
[sync_slam_toolbox_node-11] WARNING: Logging before InitGoogleLogging() is written to STDERR
[sync_slam_toolbox_node-11] W20261002 22:08:59.502024 56420 preprocessor.cc:67] Specified options.num_threads: 50 exceeds maximum available from the threading model Ceres was compiled with: 16.  Bounding to maximum number available.
[waypoint_follower-18] [INFO] [1790989739.942355974] [waypoint_follower]: Succeeded processing waypoint 81, processing waypoint task execution
[waypoint_follower-18] [INFO] [1790989739.942387216] [waypoint_follower]: Arrived at 81'th waypoint, sleeping for 200 milliseconds
[waypoint_follower-18] [INFO] [1790989740.141203828] [waypoint_follower]: Task execution at waypoint 81 succeeded
[waypoint_follower-18] [INFO] [1790989740.141242154] [waypoint_follower]: Handled task execution on waypoint 81, moving to next.
[bt_navigator-17] [INFO] [1790989740.141638501] [bt_navigator]: Begin navigating from current location (0.89, 2.92) to (0.54, 2.88)
[controller_server-12] [INFO] [1790989740.162168302] [controller_server]: Received a goal, begin computing control effort.
[sync_slam_toolbox_node-11] W20261002 22:09:01.014835 56420 preprocessor.cc:67] Specified options.num_threads: 50 exceeds maximum available from the threading model Ceres was compiled with: 16.  Bounding to maximum number available.
[controller_server-12] [INFO] [1790989741.016360732] [controller_server]: Reached the goal!
[controller_server-12] [INFO] [1790989741.016565288] [controller_server]: Optimizer reset
[bt_navigator-17] [INFO] [1790989741.041866716] [bt_navigator]: Goal succeeded
[waypoint_follower-18] [INFO] [1790989741.695290375] [waypoint_follower]: Succeeded processing waypoint 82, processing waypoint task execution
[waypoint_follower-18] [INFO] [1790989741.695327799] [waypoint_follower]: Arrived at 82'th waypoint, sleeping for 200 milliseconds
[waypoint_follower-18] [INFO] [1790989741.896241836] [waypoint_follower]: Task execution at waypoint 82 succeeded
[waypoint_follower-18] [INFO] [1790989741.896277166] [waypoint_follower]: Handled task execution on waypoint 82, moving to next.
[bt_navigator-17] [INFO] [1790989741.896673693] [bt_navigator]: Begin navigating from current location (0.77, 2.92) to (0.40, 2.88)
[controller_server-12] [INFO] [1790989741.917185439] [controller_server]: Received a goal, begin computing control effort.
[sync_slam_toolbox_node-11] W20261002 22:09:02.595855 56420 preprocessor.cc:67] Specified options.num_threads: 50 exceeds maximum available from the threading model Ceres was compiled with: 16.  Bounding to maximum number available.
[controller_server-12] [INFO] [1790989742.871276637] [controller_server]: Reached the goal!
[controller_server-12] [INFO] [1790989742.871459420] [controller_server]: Optimizer reset
[bt_navigator-17] [INFO] [1790989742.896908311] [bt_navigator]: Goal succeeded
[waypoint_follower-18] [INFO] [1790989743.550470933] [waypoint_follower]: Succeeded processing waypoint 83, processing waypoint task execution
[waypoint_follower-18] [INFO] [1790989743.550499409] [waypoint_follower]: Arrived at 83'th waypoint, sleeping for 200 milliseconds
[waypoint_follower-18] [INFO] [1790989743.750185946] [waypoint_follower]: Task execution at waypoint 83 succeeded
[waypoint_follower-18] [INFO] [1790989743.750226086] [waypoint_follower]: Handled task execution on waypoint 83, moving to next.
[bt_navigator-17] [INFO] [1790989743.750973160] [bt_navigator]: Begin navigating from current location (0.61, 2.92) to (0.27, 2.90)
[controller_server-12] [INFO] [1790989743.771518912] [controller_server]: Received a goal, begin computing control effort.
[controller_server-12] [INFO] [1790989744.525539026] [controller_server]: Reached the goal!
[controller_server-12] [INFO] [1790989744.525869062] [controller_server]: Optimizer reset
[bt_navigator-17] [INFO] [1790989744.551207853] [bt_navigator]: Goal succeeded
[sync_slam_toolbox_node-11] W20261002 22:09:04.617329 56420 preprocessor.cc:67] Specified options.num_threads: 50 exceeds maximum available from the threading model Ceres was compiled with: 16.  Bounding to maximum number available.
[controller_server-12] [INFO] [1790989745.080895564] [local_costmap.local_costmap]: StaticLayer: Resizing static layer to 521 X 398 at 0.050000 m/pix
[waypoint_follower-18] [INFO] [1790989745.204540566] [waypoint_follower]: Succeeded processing waypoint 84, processing waypoint task execution
[waypoint_follower-18] [INFO] [1790989745.204573130] [waypoint_follower]: Arrived at 84'th waypoint, sleeping for 200 milliseconds
[waypoint_follower-18] [INFO] [1790989745.404325607] [waypoint_follower]: Task execution at waypoint 84 succeeded
[waypoint_follower-18] [INFO] [1790989745.404365837] [waypoint_follower]: Handled task execution on waypoint 84, moving to next.
[bt_navigator-17] [INFO] [1790989745.404765601] [bt_navigator]: Begin navigating from current location (0.48, 2.92) to (0.00, 3.00)
[controller_server-12] [INFO] [1790989745.425231745] [controller_server]: Received a goal, begin computing control effort.
[planner_server-14] [INFO] [1790989745.743608774] [global_costmap.global_costmap]: StaticLayer: Resizing costmap to 521 X 398 at 0.050000 m/pix
[controller_server-12] [INFO] [1790989746.475362443] [controller_server]: Passing new path to controller.
[sync_slam_toolbox_node-11] W20261002 22:09:06.597466 56420 preprocessor.cc:67] Specified options.num_threads: 50 exceeds maximum available from the threading model Ceres was compiled with: 16.  Bounding to maximum number available.
[controller_server-12] [INFO] [1790989746.729334527] [controller_server]: Reached the goal!
[controller_server-12] [INFO] [1790989746.729557960] [controller_server]: Optimizer reset
[bt_navigator-17] [INFO] [1790989746.755019666] [bt_navigator]: Goal succeeded
[waypoint_follower-18] [INFO] [1790989747.409565483] [waypoint_follower]: Succeeded processing waypoint 85, processing waypoint task execution
[waypoint_follower-18] [INFO] [1790989747.409592226] [waypoint_follower]: Arrived at 85'th waypoint, sleeping for 200 milliseconds
[waypoint_follower-18] [INFO] [1790989747.609321506] [waypoint_follower]: Task execution at waypoint 85 succeeded
[waypoint_follower-18] [INFO] [1790989747.609357628] [waypoint_follower]: Handled task execution on waypoint 85, moving to next.
[bt_navigator-17] [INFO] [1790989747.609726600] [bt_navigator]: Begin navigating from current location (0.20, 2.93) to (0.23, 2.90)
[controller_server-12] [INFO] [1790989747.630154770] [controller_server]: Received a goal, begin computing control effort.
[controller_server-12] [INFO] [1790989747.634402515] [controller_server]: Reached the goal!
[controller_server-12] [INFO] [1790989747.634595909] [controller_server]: Optimizer reset
[bt_navigator-17] [INFO] [1790989747.659935642] [bt_navigator]: Goal succeeded
[waypoint_follower-18] [INFO] [1790989748.010560651] [waypoint_follower]: Succeeded processing waypoint 86, processing waypoint task execution
[waypoint_follower-18] [INFO] [1790989748.010590300] [waypoint_follower]: Arrived at 86'th waypoint, sleeping for 200 milliseconds
[waypoint_follower-18] [INFO] [1790989748.209371326] [waypoint_follower]: Task execution at waypoint 86 succeeded
[waypoint_follower-18] [INFO] [1790989748.209405965] [waypoint_follower]: Handled task execution on waypoint 86, moving to next.
[bt_navigator-17] [INFO] [1790989748.209760299] [bt_navigator]: Begin navigating from current location (0.20, 2.93) to (0.24, 2.90)
[controller_server-12] [INFO] [1790989748.230196083] [controller_server]: Received a goal, begin computing control effort.
[controller_server-12] [INFO] [1790989748.234689958] [controller_server]: Reached the goal!
[controller_server-12] [INFO] [1790989748.234874203] [controller_server]: Optimizer reset
[bt_navigator-17] [INFO] [1790989748.259953539] [bt_navigator]: Goal succeeded
[waypoint_follower-18] [INFO] [1790989748.610537586] [waypoint_follower]: Succeeded processing waypoint 87, processing waypoint task execution
[waypoint_follower-18] [INFO] [1790989748.610567315] [waypoint_follower]: Arrived at 87'th waypoint, sleeping for 200 milliseconds
[waypoint_follower-18] [INFO] [1790989748.809313331] [waypoint_follower]: Task execution at waypoint 87 succeeded
[waypoint_follower-18] [INFO] [1790989748.809354443] [waypoint_follower]: Handled task execution on waypoint 87, moving to next.
[bt_navigator-17] [INFO] [1790989748.809723426] [bt_navigator]: Begin navigating from current location (0.20, 2.93) to (0.25, 2.90)
[controller_server-12] [INFO] [1790989748.830150964] [controller_server]: Received a goal, begin computing control effort.
[controller_server-12] [INFO] [1790989749.784606999] [controller_server]: Reached the goal!
[controller_server-12] [INFO] [1790989749.784786525] [controller_server]: Optimizer reset
[bt_navigator-17] [INFO] [1790989749.809940900] [bt_navigator]: Goal succeeded
[waypoint_follower-18] [INFO] [1790989750.463637235] [waypoint_follower]: Succeeded processing waypoint 88, processing waypoint task execution
[waypoint_follower-18] [INFO] [1790989750.463666282] [waypoint_follower]: Arrived at 88'th waypoint, sleeping for 200 milliseconds
[waypoint_follower-18] [INFO] [1790989750.663295281] [waypoint_follower]: Task execution at waypoint 88 succeeded
[waypoint_follower-18] [INFO] [1790989750.663336904] [waypoint_follower]: Handled task execution on waypoint 88, moving to next.
[bt_navigator-17] [INFO] [1790989750.663800445] [bt_navigator]: Begin navigating from current location (0.24, 2.93) to (0.25, 2.90)
[controller_server-12] [INFO] [1790989750.684224385] [controller_server]: Received a goal, begin computing control effort.
[controller_server-12] [INFO] [1790989751.388246491] [controller_server]: Reached the goal!
[controller_server-12] [INFO] [1790989751.388476759] [controller_server]: Optimizer reset
[bt_navigator-17] [INFO] [1790989751.414043131] [bt_navigator]: Goal succeeded
[waypoint_follower-18] [INFO] [1790989752.066976148] [waypoint_follower]: Succeeded processing waypoint 89, processing waypoint task execution
[waypoint_follower-18] [INFO] [1790989752.067011227] [waypoint_follower]: Arrived at 89'th waypoint, sleeping for 200 milliseconds
[waypoint_follower-18] [INFO] [1790989752.265307769] [waypoint_follower]: Task execution at waypoint 89 succeeded
[waypoint_follower-18] [INFO] [1790989752.265348700] [waypoint_follower]: Handled task execution on waypoint 89, moving to next.
[bt_navigator-17] [INFO] [1790989752.265722693] [bt_navigator]: Begin navigating from current location (0.24, 2.93) to (0.25, 2.90)
[controller_server-12] [INFO] [1790989752.286162234] [controller_server]: Received a goal, begin computing control effort.
[controller_server-12] [INFO] [1790989753.040844294] [controller_server]: Reached the goal!
[controller_server-12] [INFO] [1790989753.041144040] [controller_server]: Optimizer reset
[bt_navigator-17] [INFO] [1790989753.065937147] [bt_navigator]: Goal succeeded
[waypoint_follower-18] [INFO] [1790989753.719672583] [waypoint_follower]: Succeeded processing waypoint 90, processing waypoint task execution
[waypoint_follower-18] [INFO] [1790989753.719706740] [waypoint_follower]: Arrived at 90'th waypoint, sleeping for 200 milliseconds
[waypoint_follower-18] [INFO] [1790989753.918341383] [waypoint_follower]: Task execution at waypoint 90 succeeded
[waypoint_follower-18] [INFO] [1790989753.918382214] [waypoint_follower]: Handled task execution on waypoint 90, moving to next.
[bt_navigator-17] [INFO] [1790989753.918774714] [bt_navigator]: Begin navigating from current location (0.24, 2.93) to (0.24, 2.89)
[controller_server-12] [INFO] [1790989753.939244274] [controller_server]: Received a goal, begin computing control effort.
[controller_server-12] [INFO] [1790989754.743558887] [controller_server]: Reached the goal!
[controller_server-12] [INFO] [1790989754.743824244] [controller_server]: Optimizer reset
[bt_navigator-17] [INFO] [1790989754.769023557] [bt_navigator]: Goal succeeded
[waypoint_follower-18] [INFO] [1790989755.422756515] [waypoint_follower]: Succeeded processing waypoint 91, processing waypoint task execution
[waypoint_follower-18] [INFO] [1790989755.422783970] [waypoint_follower]: Arrived at 91'th waypoint, sleeping for 200 milliseconds
[waypoint_follower-18] [INFO] [1790989755.622330352] [waypoint_follower]: Task execution at waypoint 91 succeeded
[waypoint_follower-18] [INFO] [1790989755.622367666] [waypoint_follower]: Handled task execution on waypoint 91, moving to next.
[bt_navigator-17] [INFO] [1790989755.622723924] [bt_navigator]: Begin navigating from current location (0.24, 2.93) to (0.23, 2.88)
[controller_server-12] [INFO] [1790989755.643159928] [controller_server]: Received a goal, begin computing control effort.
[controller_server-12] [INFO] [1790989756.647242107] [controller_server]: Reached the goal!
[controller_server-12] [INFO] [1790989756.647442275] [controller_server]: Optimizer reset
[bt_navigator-17] [INFO] [1790989756.672953748] [bt_navigator]: Goal succeeded
[waypoint_follower-18] [INFO] [1790989757.326531815] [waypoint_follower]: Succeeded processing waypoint 92, processing waypoint task execution
[waypoint_follower-18] [INFO] [1790989757.326567075] [waypoint_follower]: Arrived at 92'th waypoint, sleeping for 200 milliseconds
[waypoint_follower-18] [INFO] [1790989757.527283941] [waypoint_follower]: Task execution at waypoint 92 succeeded
[waypoint_follower-18] [INFO] [1790989757.527326856] [waypoint_follower]: Handled task execution on waypoint 92, moving to next.
[bt_navigator-17] [INFO] [1790989757.527726850] [bt_navigator]: Begin navigating from current location (0.22, 2.92) to (0.21, 2.84)
[controller_server-12] [INFO] [1790989757.548152634] [controller_server]: Received a goal, begin computing control effort.
[controller_server-12] [INFO] [1790989758.402391202] [controller_server]: Reached the goal!
[controller_server-12] [INFO] [1790989758.402625417] [controller_server]: Optimizer reset
[bt_navigator-17] [INFO] [1790989758.427940581] [bt_navigator]: Goal succeeded
[waypoint_follower-18] [INFO] [1790989759.081312856] [waypoint_follower]: Succeeded processing waypoint 93, processing waypoint task execution
[waypoint_follower-18] [INFO] [1790989759.081351974] [waypoint_follower]: Arrived at 93'th waypoint, sleeping for 200 milliseconds
[waypoint_follower-18] [INFO] [1790989759.282359877] [waypoint_follower]: Task execution at waypoint 93 succeeded
[waypoint_follower-18] [INFO] [1790989759.282399415] [waypoint_follower]: Handled task execution on waypoint 93, moving to next.
[bt_navigator-17] [INFO] [1790989759.282828527] [bt_navigator]: Begin navigating from current location (0.20, 2.89) to (0.20, 2.81)
[controller_server-12] [INFO] [1790989759.303291124] [controller_server]: Received a goal, begin computing control effort.
[controller_server-12] [INFO] [1790989759.807063207] [controller_server]: Reached the goal!
[controller_server-12] [INFO] [1790989759.807439203] [controller_server]: Optimizer reset
[sync_slam_toolbox_node-11] W20261002 22:09:19.808386 56420 preprocessor.cc:67] Specified options.num_threads: 50 exceeds maximum available from the threading model Ceres was compiled with: 16.  Bounding to maximum number available.
[bt_navigator-17] [INFO] [1790989759.833060845] [bt_navigator]: Goal succeeded
[controller_server-12] [INFO] [1790989760.080896542] [local_costmap.local_costmap]: StaticLayer: Resizing static layer to 524 X 398 at 0.050000 m/pix
[waypoint_follower-18] [INFO] [1790989760.485473592] [waypoint_follower]: Succeeded processing waypoint 94, processing waypoint task execution
[waypoint_follower-18] [INFO] [1790989760.485504694] [waypoint_follower]: Arrived at 94'th waypoint, sleeping for 200 milliseconds
[waypoint_follower-18] [INFO] [1790989760.686350654] [waypoint_follower]: Task execution at waypoint 94 succeeded
[waypoint_follower-18] [INFO] [1790989760.686513938] [waypoint_follower]: Handled task execution on waypoint 94, moving to next.
[bt_navigator-17] [INFO] [1790989760.686898822] [bt_navigator]: Begin navigating from current location (0.18, 2.88) to (0.19, 2.75)
[controller_server-12] [INFO] [1790989760.707390918] [controller_server]: Received a goal, begin computing control effort.
[planner_server-14] [INFO] [1790989760.743395349] [global_costmap.global_costmap]: StaticLayer: Resizing costmap to 524 X 398 at 0.050000 m/pix
[controller_server-12] [INFO] [1790989761.662129431] [controller_server]: Reached the goal!
[controller_server-12] [INFO] [1790989761.662400029] [controller_server]: Optimizer reset
[bt_navigator-17] [INFO] [1790989761.687144178] [bt_navigator]: Goal succeeded
[waypoint_follower-18] [INFO] [1790989762.341052081] [waypoint_follower]: Succeeded processing waypoint 95, processing waypoint task execution
[waypoint_follower-18] [INFO] [1790989762.341077922] [waypoint_follower]: Arrived at 95'th waypoint, sleeping for 200 milliseconds
[waypoint_follower-18] [INFO] [1790989762.540326068] [waypoint_follower]: Task execution at waypoint 95 succeeded
[waypoint_follower-18] [INFO] [1790989762.540365557] [waypoint_follower]: Handled task execution on waypoint 95, moving to next.
[bt_navigator-17] [INFO] [1790989762.540780972] [bt_navigator]: Begin navigating from current location (0.15, 2.83) to (0.16, 2.66)
[controller_server-12] [INFO] [1790989762.561222476] [controller_server]: Received a goal, begin computing control effort.
[sync_slam_toolbox_node-11] W20261002 22:09:23.199831 56420 preprocessor.cc:67] Specified options.num_threads: 50 exceeds maximum available from the threading model Ceres was compiled with: 16.  Bounding to maximum number available.
[controller_server-12] [INFO] [1790989763.265294869] [controller_server]: Reached the goal!
[controller_server-12] [INFO] [1790989763.265517351] [controller_server]: Optimizer reset
[bt_navigator-17] [INFO] [1790989763.291023052] [bt_navigator]: Goal succeeded
[waypoint_follower-18] [INFO] [1790989763.944343967] [waypoint_follower]: Succeeded processing waypoint 96, processing waypoint task execution
[waypoint_follower-18] [INFO] [1790989763.944380089] [waypoint_follower]: Arrived at 96'th waypoint, sleeping for 200 milliseconds
[controller_server-12] [INFO] [1790989764.080895163] [local_costmap.local_costmap]: StaticLayer: Resizing static layer to 531 X 398 at 0.050000 m/pix
[waypoint_follower-18] [INFO] [1790989764.145370133] [waypoint_follower]: Task execution at waypoint 96 succeeded
[waypoint_follower-18] [INFO] [1790989764.145410282] [waypoint_follower]: Handled task execution on waypoint 96, moving to next.
[bt_navigator-17] [INFO] [1790989764.145786129] [bt_navigator]: Begin navigating from current location (0.13, 2.77) to (0.17, 2.56)
[controller_server-12] [INFO] [1790989764.166268124] [controller_server]: Received a goal, begin computing control effort.
[controller_server-12] [INFO] [1790989764.720634634] [controller_server]: Reached the goal!
[controller_server-12] [INFO] [1790989764.721022594] [controller_server]: Optimizer reset
[planner_server-14] [INFO] [1790989764.743381056] [global_costmap.global_costmap]: StaticLayer: Resizing costmap to 531 X 398 at 0.050000 m/pix
[bt_navigator-17] [INFO] [1790989764.746002812] [bt_navigator]: Goal succeeded
[waypoint_follower-18] [INFO] [1790989765.398782028] [waypoint_follower]: Succeeded processing waypoint 97, processing waypoint task execution
[waypoint_follower-18] [INFO] [1790989765.398809673] [waypoint_follower]: Arrived at 97'th waypoint, sleeping for 200 milliseconds
[waypoint_follower-18] [INFO] [1790989765.597309812] [waypoint_follower]: Task execution at waypoint 97 succeeded
[waypoint_follower-18] [INFO] [1790989765.597350753] [waypoint_follower]: Handled task execution on waypoint 97, moving to next.
[bt_navigator-17] [INFO] [1790989765.598125772] [bt_navigator]: Begin navigating from current location (0.12, 2.72) to (0.18, 2.45)
[controller_server-12] [INFO] [1790989765.618672777] [controller_server]: Received a goal, begin computing control effort.
[sync_slam_toolbox_node-11] W20261002 22:09:26.000581 56420 preprocessor.cc:67] Specified options.num_threads: 50 exceeds maximum available from the threading model Ceres was compiled with: 16.  Bounding to maximum number available.
[controller_server-12] [INFO] [1790989766.122560219] [controller_server]: Reached the goal!
[controller_server-12] [INFO] [1790989766.122969222] [controller_server]: Optimizer reset
[bt_navigator-17] [INFO] [1790989766.148357650] [bt_navigator]: Goal succeeded
[waypoint_follower-18] [INFO] [1790989766.802081509] [waypoint_follower]: Succeeded processing waypoint 98, processing waypoint task execution
[waypoint_follower-18] [INFO] [1790989766.802114665] [waypoint_follower]: Arrived at 98'th waypoint, sleeping for 200 milliseconds
[waypoint_follower-18] [INFO] [1790989767.001325695] [waypoint_follower]: Task execution at waypoint 98 succeeded
[waypoint_follower-18] [INFO] [1790989767.001379592] [waypoint_follower]: Handled task execution on waypoint 98, moving to next.
[bt_navigator-17] [INFO] [1790989767.001773624] [bt_navigator]: Begin navigating from current location (0.11, 2.67) to (0.24, 2.30)
[controller_server-12] [INFO] [1790989767.022264126] [controller_server]: Received a goal, begin computing control effort.
[sync_slam_toolbox_node-11] W20261002 22:09:27.691004 56420 preprocessor.cc:67] Specified options.num_threads: 50 exceeds maximum available from the threading model Ceres was compiled with: 16.  Bounding to maximum number available.
[controller_server-12] [INFO] [1790989768.072401253] [controller_server]: Passing new path to controller.
[controller_server-12] [INFO] [1790989768.080889169] [local_costmap.local_costmap]: StaticLayer: Resizing static layer to 531 X 400 at 0.050000 m/pix
[controller_server-12] [INFO] [1790989768.226081814] [controller_server]: Reached the goal!
[controller_server-12] [INFO] [1790989768.226612077] [controller_server]: Optimizer reset
[bt_navigator-17] [INFO] [1790989768.251978151] [bt_navigator]: Goal succeeded
[planner_server-14] [INFO] [1790989768.743379314] [global_costmap.global_costmap]: StaticLayer: Resizing costmap to 531 X 400 at 0.050000 m/pix
[waypoint_follower-18] [INFO] [1790989768.906162080] [waypoint_follower]: Succeeded processing waypoint 99, processing waypoint task execution
[waypoint_follower-18] [INFO] [1790989768.906194254] [waypoint_follower]: Arrived at 99'th waypoint, sleeping for 200 milliseconds
[waypoint_follower-18] [INFO] [1790989769.104345578] [waypoint_follower]: Task execution at waypoint 99 succeeded
[waypoint_follower-18] [INFO] [1790989769.104385878] [waypoint_follower]: Handled task execution on waypoint 99, moving to next.
[bt_navigator-17] [INFO] [1790989769.104718208] [bt_navigator]: Begin navigating from current location (0.09, 2.48) to (0.22, 2.19)
[controller_server-12] [INFO] [1790989769.125169853] [controller_server]: Received a goal, begin computing control effort.
[sync_slam_toolbox_node-11] W20261002 22:09:29.823978 56420 preprocessor.cc:67] Specified options.num_threads: 50 exceeds maximum available from the threading model Ceres was compiled with: 16.  Bounding to maximum number available.
[controller_server-12] [INFO] [1790989769.929148765] [controller_server]: Reached the goal!
[controller_server-12] [INFO] [1790989769.929398761] [controller_server]: Optimizer reset
[bt_navigator-17] [INFO] [1790989769.954946275] [bt_navigator]: Goal succeeded
[controller_server-12] [INFO] [1790989770.080892438] [local_costmap.local_costmap]: StaticLayer: Resizing static layer to 531 X 402 at 0.050000 m/pix
[waypoint_follower-18] [INFO] [1790989770.558175922] [waypoint_follower]: Succeeded processing waypoint 100, processing waypoint task execution
[waypoint_follower-18] [INFO] [1790989770.558204379] [waypoint_follower]: Arrived at 100'th waypoint, sleeping for 200 milliseconds
[planner_server-14] [INFO] [1790989770.743376547] [global_costmap.global_costmap]: StaticLayer: Resizing costmap to 531 X 402 at 0.050000 m/pix
[waypoint_follower-18] [INFO] [1790989770.757348855] [waypoint_follower]: Task execution at waypoint 100 succeeded
[waypoint_follower-18] [INFO] [1790989770.757390587] [waypoint_follower]: Handled task execution on waypoint 100, moving to next.
[bt_navigator-17] [INFO] [1790989770.757779129] [bt_navigator]: Begin navigating from current location (0.12, 2.40) to (0.23, 2.04)
[controller_server-12] [INFO] [1790989770.778276063] [controller_server]: Received a goal, begin computing control effort.
[controller_server-12] [INFO] [1790989771.782200667] [controller_server]: Reached the goal!
[controller_server-12] [INFO] [1790989771.782408871] [controller_server]: Optimizer reset
[bt_navigator-17] [INFO] [1790989771.807985262] [bt_navigator]: Goal succeeded
[waypoint_follower-18] [INFO] [1790989772.461813609] [waypoint_follower]: Succeeded processing waypoint 101, processing waypoint task execution
[waypoint_follower-18] [INFO] [1790989772.461852386] [waypoint_follower]: Arrived at 101'th waypoint, sleeping for 200 milliseconds
[waypoint_follower-18] [INFO] [1790989772.662290559] [waypoint_follower]: Task execution at waypoint 101 succeeded
[waypoint_follower-18] [INFO] [1790989772.662331751] [waypoint_follower]: Handled task execution on waypoint 101, moving to next.
[bt_navigator-17] [INFO] [1790989772.662735182] [bt_navigator]: Begin navigating from current location (0.12, 2.24) to (0.23, 1.93)
[controller_server-12] [INFO] [1790989772.683208550] [controller_server]: Received a goal, begin computing control effort.
[controller_server-12] [INFO] [1790989773.437134084] [controller_server]: Reached the goal!
[controller_server-12] [INFO] [1790989773.437305504] [controller_server]: Optimizer reset
[bt_navigator-17] [INFO] [1790989773.462950021] [bt_navigator]: Goal succeeded
[waypoint_follower-18] [INFO] [1790989774.116110879] [waypoint_follower]: Succeeded processing waypoint 102, processing waypoint task execution
[waypoint_follower-18] [INFO] [1790989774.116145699] [waypoint_follower]: Arrived at 102'th waypoint, sleeping for 200 milliseconds
[waypoint_follower-18] [INFO] [1790989774.315346624] [waypoint_follower]: Task execution at waypoint 102 succeeded
[waypoint_follower-18] [INFO] [1790989774.315395391] [waypoint_follower]: Handled task execution on waypoint 102, moving to next.
[bt_navigator-17] [INFO] [1790989774.316380357] [bt_navigator]: Begin navigating from current location (0.11, 2.14) to (0.22, 1.77)
[controller_server-12] [INFO] [1790989774.336874355] [controller_server]: Received a goal, begin computing control effort.
[controller_server-12] [INFO] [1790989775.340993175] [controller_server]: Reached the goal!
[controller_server-12] [INFO] [1790989775.341374242] [controller_server]: Optimizer reset
[bt_navigator-17] [INFO] [1790989775.366591339] [bt_navigator]: Goal succeeded
[waypoint_follower-18] [INFO] [1790989776.020621010] [waypoint_follower]: Succeeded processing waypoint 103, processing waypoint task execution
[waypoint_follower-18] [INFO] [1790989776.020649717] [waypoint_follower]: Arrived at 103'th waypoint, sleeping for 200 milliseconds
[waypoint_follower-18] [INFO] [1790989776.220315384] [waypoint_follower]: Task execution at waypoint 103 succeeded
[waypoint_follower-18] [INFO] [1790989776.220356496] [waypoint_follower]: Handled task execution on waypoint 103, moving to next.
[bt_navigator-17] [INFO] [1790989776.220718725] [bt_navigator]: Begin navigating from current location (0.11, 1.98) to (0.21, 1.64)
[controller_server-12] [INFO] [1790989776.241165189] [controller_server]: Received a goal, begin computing control effort.
[controller_server-12] [INFO] [1790989777.145222226] [controller_server]: Reached the goal!
[controller_server-12] [INFO] [1790989777.145437774] [controller_server]: Optimizer reset
[bt_navigator-17] [INFO] [1790989777.170950999] [bt_navigator]: Goal succeeded
[waypoint_follower-18] [INFO] [1790989777.824612556] [waypoint_follower]: Succeeded processing waypoint 104, processing waypoint task execution
[waypoint_follower-18] [INFO] [1790989777.824644259] [waypoint_follower]: Arrived at 104'th waypoint, sleeping for 200 milliseconds
[waypoint_follower-18] [INFO] [1790989778.023306392] [waypoint_follower]: Task execution at waypoint 104 succeeded
[waypoint_follower-18] [INFO] [1790989778.023344799] [waypoint_follower]: Handled task execution on waypoint 104, moving to next.
[bt_navigator-17] [INFO] [1790989778.023715755] [bt_navigator]: Begin navigating from current location (0.09, 1.83) to (0.21, 1.53)
[controller_server-12] [INFO] [1790989778.044145876] [controller_server]: Received a goal, begin computing control effort.
[controller_server-12] [INFO] [1790989778.798337809] [controller_server]: Reached the goal!
[controller_server-12] [INFO] [1790989778.798603707] [controller_server]: Optimizer reset
[bt_navigator-17] [INFO] [1790989778.823940271] [bt_navigator]: Goal succeeded
[waypoint_follower-18] [INFO] [1790989779.477513509] [waypoint_follower]: Succeeded processing waypoint 105, processing waypoint task execution
[waypoint_follower-18] [INFO] [1790989779.477541184] [waypoint_follower]: Arrived at 105'th waypoint, sleeping for 200 milliseconds
[waypoint_follower-18] [INFO] [1790989779.676333385] [waypoint_follower]: Task execution at waypoint 105 succeeded
[waypoint_follower-18] [INFO] [1790989779.676831244] [waypoint_follower]: Handled task execution on waypoint 105, moving to next.
[bt_navigator-17] [INFO] [1790989779.677208663] [bt_navigator]: Begin navigating from current location (0.10, 1.73) to (0.21, 1.36)
[controller_server-12] [INFO] [1790989779.697756599] [controller_server]: Received a goal, begin computing control effort.
[controller_server-12] [INFO] [1790989780.703550631] [controller_server]: Reached the goal!
[controller_server-12] [INFO] [1790989780.703806960] [controller_server]: Optimizer reset
[bt_navigator-17] [INFO] [1790989780.727412777] [bt_navigator]: Goal succeeded
[waypoint_follower-18] [INFO] [1790989781.381152753] [waypoint_follower]: Succeeded processing waypoint 106, processing waypoint task execution
[waypoint_follower-18] [INFO] [1790989781.381181169] [waypoint_follower]: Arrived at 106'th waypoint, sleeping for 200 milliseconds
[waypoint_follower-18] [INFO] [1790989781.581318911] [waypoint_follower]: Task execution at waypoint 106 succeeded
[waypoint_follower-18] [INFO] [1790989781.581356786] [waypoint_follower]: Handled task execution on waypoint 106, moving to next.
[bt_navigator-17] [INFO] [1790989781.581745148] [bt_navigator]: Begin navigating from current location (0.08, 1.56) to (0.21, 1.26)
[controller_server-12] [INFO] [1790989781.602224146] [controller_server]: Received a goal, begin computing control effort.
[controller_server-12] [INFO] [1790989782.356253408] [controller_server]: Reached the goal!
[controller_server-12] [INFO] [1790989782.356454097] [controller_server]: Optimizer reset
[bt_navigator-17] [INFO] [1790989782.382001740] [bt_navigator]: Goal succeeded
[waypoint_follower-18] [INFO] [1790989783.035103205] [waypoint_follower]: Succeeded processing waypoint 107, processing waypoint task execution
[waypoint_follower-18] [INFO] [1790989783.035132253] [waypoint_follower]: Arrived at 107'th waypoint, sleeping for 200 milliseconds
[waypoint_follower-18] [INFO] [1790989783.234282984] [waypoint_follower]: Task execution at waypoint 107 succeeded
[waypoint_follower-18] [INFO] [1790989783.234321851] [waypoint_follower]: Handled task execution on waypoint 107, moving to next.
[bt_navigator-17] [INFO] [1790989783.234751585] [bt_navigator]: Begin navigating from current location (0.08, 1.46) to (0.20, 1.16)
[controller_server-12] [INFO] [1790989783.255196645] [controller_server]: Received a goal, begin computing control effort.
[controller_server-12] [INFO] [1790989784.109258192] [controller_server]: Reached the goal!
[controller_server-12] [INFO] [1790989784.109498659] [controller_server]: Optimizer reset
[bt_navigator-17] [INFO] [1790989784.135014690] [bt_navigator]: Goal succeeded
[waypoint_follower-18] [INFO] [1790989784.738526725] [waypoint_follower]: Succeeded processing waypoint 108, processing waypoint task execution
[waypoint_follower-18] [INFO] [1790989784.738554310] [waypoint_follower]: Arrived at 108'th waypoint, sleeping for 200 milliseconds
[waypoint_follower-18] [INFO] [1790989784.938329370] [waypoint_follower]: Task execution at waypoint 108 succeeded
[waypoint_follower-18] [INFO] [1790989784.938372165] [waypoint_follower]: Handled task execution on waypoint 108, moving to next.
[bt_navigator-17] [INFO] [1790989784.939248926] [bt_navigator]: Begin navigating from current location (0.09, 1.34) to (0.19, 1.05)
[controller_server-12] [INFO] [1790989784.959717283] [controller_server]: Received a goal, begin computing control effort.
[controller_server-12] [INFO] [1790989785.713774464] [controller_server]: Reached the goal!
[controller_server-12] [INFO] [1790989785.714037827] [controller_server]: Optimizer reset
[bt_navigator-17] [INFO] [1790989785.739484279] [bt_navigator]: Goal succeeded
[waypoint_follower-18] [INFO] [1790989786.392551510] [waypoint_follower]: Succeeded processing waypoint 109, processing waypoint task execution
[waypoint_follower-18] [INFO] [1790989786.392578153] [waypoint_follower]: Arrived at 109'th waypoint, sleeping for 200 milliseconds
[waypoint_follower-18] [INFO] [1790989786.591310421] [waypoint_follower]: Task execution at waypoint 109 succeeded
[waypoint_follower-18] [INFO] [1790989786.591348136] [waypoint_follower]: Handled task execution on waypoint 109, moving to next.
[bt_navigator-17] [INFO] [1790989786.591713933] [bt_navigator]: Begin navigating from current location (0.09, 1.24) to (0.18, 0.94)
[controller_server-12] [INFO] [1790989786.612152390] [controller_server]: Received a goal, begin computing control effort.
[controller_server-12] [INFO] [1790989787.366124800] [controller_server]: Reached the goal!
[controller_server-12] [INFO] [1790989787.366401499] [controller_server]: Optimizer reset
[bt_navigator-17] [INFO] [1790989787.391930976] [bt_navigator]: Goal succeeded
[waypoint_follower-18] [INFO] [1790989788.045190085] [waypoint_follower]: Succeeded processing waypoint 110, processing waypoint task execution
[waypoint_follower-18] [INFO] [1790989788.045224894] [waypoint_follower]: Arrived at 110'th waypoint, sleeping for 200 milliseconds
[waypoint_follower-18] [INFO] [1790989788.244344000] [waypoint_follower]: Task execution at waypoint 110 succeeded
[waypoint_follower-18] [INFO] [1790989788.244382326] [waypoint_follower]: Handled task execution on waypoint 110, moving to next.
[bt_navigator-17] [INFO] [1790989788.244741480] [bt_navigator]: Begin navigating from current location (0.08, 1.15) to (0.15, 0.79)
[controller_server-12] [INFO] [1790989788.265153795] [controller_server]: Received a goal, begin computing control effort.
[controller_server-12] [INFO] [1790989789.219062709] [controller_server]: Reached the goal!
[controller_server-12] [INFO] [1790989789.219289099] [controller_server]: Optimizer reset
[bt_navigator-17] [INFO] [1790989789.244957822] [bt_navigator]: Goal succeeded
[waypoint_follower-18] [INFO] [1790989789.898643195] [waypoint_follower]: Succeeded processing waypoint 111, processing waypoint task execution
[waypoint_follower-18] [INFO] [1790989789.898673224] [waypoint_follower]: Arrived at 111'th waypoint, sleeping for 200 milliseconds
[waypoint_follower-18] [INFO] [1790989790.098323684] [waypoint_follower]: Task execution at waypoint 111 succeeded
[waypoint_follower-18] [INFO] [1790989790.098363163] [waypoint_follower]: Handled task execution on waypoint 111, moving to next.
[bt_navigator-17] [INFO] [1790989790.098746013] [bt_navigator]: Begin navigating from current location (0.07, 1.00) to (0.14, 0.64)
[controller_server-12] [INFO] [1790989790.119141936] [controller_server]: Received a goal, begin computing control effort.
[controller_server-12] [INFO] [1790989791.122843916] [controller_server]: Reached the goal!
[controller_server-12] [INFO] [1790989791.123005867] [controller_server]: Optimizer reset
[controller_server-12] [INFO] [1790989791.129303533] [controller_server]: Received a goal, begin computing control effort.
[controller_server-12] [INFO] [1790989791.133075824] [controller_server]: Reached the goal!
[controller_server-12] [INFO] [1790989791.133264509] [controller_server]: Optimizer reset
[bt_navigator-17] [INFO] [1790989791.158969935] [bt_navigator]: Goal succeeded
[waypoint_follower-18] [INFO] [1790989791.802738261] [waypoint_follower]: Succeeded processing waypoint 112, processing waypoint task execution
[waypoint_follower-18] [INFO] [1790989791.802774242] [waypoint_follower]: Arrived at 112'th waypoint, sleeping for 200 milliseconds
[waypoint_follower-18] [INFO] [1790989792.003341722] [waypoint_follower]: Task execution at waypoint 112 succeeded
[waypoint_follower-18] [INFO] [1790989792.003380459] [waypoint_follower]: Handled task execution on waypoint 112, moving to next.
[bt_navigator-17] [INFO] [1790989792.003807467] [bt_navigator]: Begin navigating from current location (0.06, 0.84) to (0.13, 0.53)
[controller_server-12] [INFO] [1790989792.024223520] [controller_server]: Received a goal, begin computing control effort.
[controller_server-12] [INFO] [1790989792.728483188] [controller_server]: Reached the goal!
[controller_server-12] [INFO] [1790989792.728693736] [controller_server]: Optimizer reset
[bt_navigator-17] [INFO] [1790989792.754033696] [bt_navigator]: Goal succeeded
[waypoint_follower-18] [INFO] [1790989793.407139311] [waypoint_follower]: Succeeded processing waypoint 113, processing waypoint task execution
[waypoint_follower-18] [INFO] [1790989793.407167267] [waypoint_follower]: Arrived at 113'th waypoint, sleeping for 200 milliseconds
[waypoint_follower-18] [INFO] [1790989793.605347275] [waypoint_follower]: Task execution at waypoint 113 succeeded
[waypoint_follower-18] [INFO] [1790989793.605385030] [waypoint_follower]: Handled task execution on waypoint 113, moving to next.
[bt_navigator-17] [INFO] [1790989793.605740857] [bt_navigator]: Begin navigating from current location (0.05, 0.75) to (0.11, 0.42)
[controller_server-12] [INFO] [1790989793.626153171] [controller_server]: Received a goal, begin computing control effort.
[controller_server-12] [INFO] [1790989794.430317789] [controller_server]: Reached the goal!
[controller_server-12] [INFO] [1790989794.430646682] [controller_server]: Optimizer reset
[bt_navigator-17] [INFO] [1790989794.455967795] [bt_navigator]: Goal succeeded
[waypoint_follower-18] [INFO] [1790989795.109196422] [waypoint_follower]: Succeeded processing waypoint 114, processing waypoint task execution
[waypoint_follower-18] [INFO] [1790989795.109225980] [waypoint_follower]: Arrived at 114'th waypoint, sleeping for 200 milliseconds
[waypoint_follower-18] [INFO] [1790989795.309331010] [waypoint_follower]: Task execution at waypoint 114 succeeded
[waypoint_follower-18] [INFO] [1790989795.309369787] [waypoint_follower]: Handled task execution on waypoint 114, moving to next.
[bt_navigator-17] [INFO] [1790989795.309822336] [bt_navigator]: Begin navigating from current location (0.03, 0.63) to (0.10, 0.32)
[controller_server-12] [INFO] [1790989795.330321263] [controller_server]: Received a goal, begin computing control effort.
[controller_server-12] [INFO] [1790989796.084712457] [controller_server]: Reached the goal!
[controller_server-12] [INFO] [1790989796.085002062] [controller_server]: Optimizer reset
[bt_navigator-17] [INFO] [1790989796.110057507] [bt_navigator]: Goal succeeded
[waypoint_follower-18] [INFO] [1790989796.763225801] [waypoint_follower]: Succeeded processing waypoint 115, processing waypoint task execution
[waypoint_follower-18] [INFO] [1790989796.763255289] [waypoint_follower]: Arrived at 115'th waypoint, sleeping for 200 milliseconds
[waypoint_follower-18] [INFO] [1790989796.962328780] [waypoint_follower]: Task execution at waypoint 115 succeeded
[waypoint_follower-18] [INFO] [1790989796.962368589] [waypoint_follower]: Handled task execution on waypoint 115, moving to next.
[bt_navigator-17] [INFO] [1790989796.962762612] [bt_navigator]: Begin navigating from current location (0.02, 0.54) to (0.00, 0.00)
[controller_server-12] [INFO] [1790989796.983297610] [controller_server]: Received a goal, begin computing control effort.
[controller_server-12] [INFO] [1790989798.033432358] [controller_server]: Passing new path to controller.
[controller_server-12] [INFO] [1790989798.387327803] [controller_server]: Reached the goal!
[controller_server-12] [INFO] [1790989798.387582288] [controller_server]: Optimizer reset
[bt_navigator-17] [INFO] [1790989798.412971847] [bt_navigator]: Goal succeeded
[waypoint_follower-18] [INFO] [1790989799.067813179] [waypoint_follower]: Succeeded processing waypoint 116, processing waypoint task execution
[waypoint_follower-18] [INFO] [1790989799.067856996] [waypoint_follower]: Arrived at 116'th waypoint, sleeping for 200 milliseconds
[waypoint_follower-18] [INFO] [1790989799.266332247] [waypoint_follower]: Task execution at waypoint 116 succeeded
[waypoint_follower-18] [INFO] [1790989799.266377427] [waypoint_follower]: Handled task execution on waypoint 116, moving to next.
[bt_navigator-17] [INFO] [1790989799.266862350] [bt_navigator]: Begin navigating from current location (0.00, 0.22) to (0.09, 0.20)
[controller_server-12] [INFO] [1790989799.287296027] [controller_server]: Received a goal, begin computing control effort.
[controller_server-12] [INFO] [1790989799.291339005] [controller_server]: Reached the goal!
[controller_server-12] [INFO] [1790989799.291527219] [controller_server]: Optimizer reset
[bt_navigator-17] [INFO] [1790989799.317043449] [bt_navigator]: Goal succeeded
[waypoint_follower-18] [INFO] [1790989799.667727807] [waypoint_follower]: Succeeded processing waypoint 117, processing waypoint task execution
[waypoint_follower-18] [INFO] [1790989799.667758558] [waypoint_follower]: Arrived at 117'th waypoint, sleeping for 200 milliseconds
[waypoint_follower-18] [INFO] [1790989799.866323647] [waypoint_follower]: Task execution at waypoint 117 succeeded
[waypoint_follower-18] [INFO] [1790989799.866367054] [waypoint_follower]: Handled task execution on waypoint 117, moving to next.
[waypoint_follower-18] [INFO] [1790989799.866374178] [waypoint_follower]: Completed all 118 waypoints requested.
