[INFO] [launch]: All log files can be found below /home/eduardo/.ros/log/2026-10-02-22-25-28-451070-eduardo-B550M-AORUS-ELITE-62183
[INFO] [launch]: Default logging verbosity is set to INFO
[INFO] [xacro-1]: process started with pid [62203]
[INFO] [parameter_bridge-2]: process started with pid [62204]
[INFO] [image_bridge-3]: process started with pid [62205]
[INFO] [image_bridge-4]: process started with pid [62206]
[INFO] [create-5]: process started with pid [62207]
[INFO] [gazebo-6]: process started with pid [62208]
[INFO] [robot_state_publisher-7]: process started with pid [62209]
[INFO] [rviz2-8]: process started with pid [62210]
[INFO] [parameter_bridge-9]: process started with pid [62214]
[INFO] [ground_truth_filter-10]: process started with pid [62215]
[robot_state_publisher-7] [WARN] [1790990728.920175849] [kdl_parser]: The root link base_link has an inertia specified in the URDF, but KDL does not support a root link with an inertia.  As a workaround, you can add an extra dummy link to your URDF.
[robot_state_publisher-7] [INFO] [1790990728.920321477] [robot_state_publisher]: Robot initialized
[create-5] [INFO] [1790990728.923801161] [ros_gz_sim]: Requesting list of world names.
[parameter_bridge-9] [INFO] [1790990728.956779102] [bridge_ground_truth]: Creating GZ->ROS Bridge: [/world/warehouse/dynamic_pose/info (gz.msgs.Pose_V) -> /world/warehouse/dynamic_pose/info (tf2_msgs/msg/TFMessage)] (Lazy 0)
[INFO] [xacro-1]: process has finished cleanly [pid 62203]
[rviz2-8] [INFO] [1790990729.167470288] [rviz2]: Stereo is NOT SUPPORTED
[rviz2-8] [INFO] [1790990729.167595827] [rviz2]: OpenGl version: 4.6 (GLSL 4.6)
[rviz2-8] [INFO] [1790990729.184178913] [rviz2]: Stereo is NOT SUPPORTED
[create-5] [INFO] [1790990729.706087191] [ros_gz_sim]: Waiting messages on topic [robot_description].
[create-5] [INFO] [1790990729.717468267] [ros_gz_sim]: Entity creation successful.
[INFO] [create-5]: process has finished cleanly [pid 62207]
[parameter_bridge-2] [INFO] [1790990729.944291789] [bridge_ros_gz]: Creating GZ->ROS Bridge: [/clock (gz.msgs.Clock) -> clock (rosgraph_msgs/msg/Clock)] (Lazy 0)
[parameter_bridge-2] [INFO] [1790990729.945340123] [bridge_ros_gz]: Creating GZ->ROS Bridge: [joint_states (gz.msgs.Model) -> joint_states (sensor_msgs/msg/JointState)] (Lazy 0)
[parameter_bridge-2] [INFO] [1790990729.947696895] [bridge_ros_gz]: Creating GZ->ROS Bridge: [/odom (gz.msgs.Odometry) -> odom (nav_msgs/msg/Odometry)] (Lazy 0)
[parameter_bridge-2] [INFO] [1790990729.949175871] [bridge_ros_gz]: Creating GZ->ROS Bridge: [/tf (gz.msgs.Pose_V) -> tf (tf2_msgs/msg/TFMessage)] (Lazy 0)
[parameter_bridge-2] [INFO] [1790990729.950621481] [bridge_ros_gz]: Creating GZ->ROS Bridge: [/imu (gz.msgs.IMU) -> imu (sensor_msgs/msg/Imu)] (Lazy 0)
[parameter_bridge-2] [INFO] [1790990729.951283240] [bridge_ros_gz]: Creating GZ->ROS Bridge: [/scan (gz.msgs.LaserScan) -> scan (sensor_msgs/msg/LaserScan)] (Lazy 0)
[parameter_bridge-2] [INFO] [1790990729.951884941] [bridge_ros_gz]: Creating ROS->GZ Bridge: [cmd_vel (geometry_msgs/msg/Twist) -> /cmd_vel (gz.msgs.Twist)] (Lazy 0)
[parameter_bridge-2] [INFO] [1790990729.952642750] [bridge_ros_gz]: Creating GZ->ROS Bridge: [/rgbd_camera/camera_info (gz.msgs.CameraInfo) -> /rgbd_camera/camera_info (sensor_msgs/msg/CameraInfo)] (Lazy 0)
[gazebo-6] [1;33mWarning [Utils.cc:132][0m [/sdf/model[@name="turtlebot4"]/link[@name="rplidar_link"]/sensor[@name="rplidar"]/gz_frame_id:<urdf-string>:L0]: XML Element[gz_frame_id], child of element[sensor], not defined in SDF. Copying[gz_frame_id] as children of [sensor].
[INFO] [sync_slam_toolbox_node-11]: process started with pid [62509]
[sync_slam_toolbox_node-11] [INFO] [1790990737.062500711] [slam_toolbox]: Node using stack size 40000000
[sync_slam_toolbox_node-11] [INFO] [1790990737.473742076] [slam_toolbox]: Configuring
[sync_slam_toolbox_node-11] [INFO] [1790990737.479497402] [slam_toolbox]: Using solver plugin solver_plugins::CeresSolver
[sync_slam_toolbox_node-11] [INFO] [1790990737.479660756] [slam_toolbox]: CeresSolver: Using SCHUR_JACOBI preconditioner.
[INFO] [launch.user]: [LifecycleLaunch] Slamtoolbox node is activating.
[sync_slam_toolbox_node-11] [INFO] [1790990737.491633552] [slam_toolbox]: Activating
[sync_slam_toolbox_node-11] [INFO] [1790990737.597666199] [slam_toolbox]: Message Filter dropping message: frame 'rplidar_link' at time 4.701 for reason 'discarding message because the queue is full'
[sync_slam_toolbox_node-11] Registering sensor: [Custom Described Lidar]
[INFO] [controller_server-12]: process started with pid [62538]
[INFO] [smoother_server-13]: process started with pid [62539]
[INFO] [planner_server-14]: process started with pid [62540]
[INFO] [route_server-15]: process started with pid [62541]
[INFO] [behavior_server-16]: process started with pid [62542]
[INFO] [bt_navigator-17]: process started with pid [62543]
[INFO] [waypoint_follower-18]: process started with pid [62544]
[INFO] [velocity_smoother-19]: process started with pid [62545]
[INFO] [collision_monitor-20]: process started with pid [62546]
[INFO] [opennav_docking-21]: process started with pid [62547]
[INFO] [lifecycle_manager-22]: process started with pid [62548]
[behavior_server-16] [INFO] [1790990741.070556808] [behavior_server]: 
[behavior_server-16] 	behavior_server lifecycle node launched. 
[behavior_server-16] 	Waiting on external lifecycle transitions to activate
[behavior_server-16] 	See https://design.ros2.org/articles/node_lifecycle.html for more information.
[lifecycle_manager-22] [INFO] [1790990741.077991778] [lifecycle_manager_navigation]: Creating
[planner_server-14] [INFO] [1790990741.079536865] [planner_server]: 
[planner_server-14] 	planner_server lifecycle node launched. 
[planner_server-14] 	Waiting on external lifecycle transitions to activate
[planner_server-14] 	See https://design.ros2.org/articles/node_lifecycle.html for more information.
[planner_server-14] [INFO] [1790990741.081002875] [planner_server]: Creating
[lifecycle_manager-22] [INFO] [1790990741.082582120] [lifecycle_manager_navigation]: [34m[1mCreating and initializing lifecycle service clients[0m[0m
[waypoint_follower-18] [INFO] [1790990741.085791319] [waypoint_follower]: 
[waypoint_follower-18] 	waypoint_follower lifecycle node launched. 
[waypoint_follower-18] 	Waiting on external lifecycle transitions to activate
[waypoint_follower-18] 	See https://design.ros2.org/articles/node_lifecycle.html for more information.
[bt_navigator-17] [INFO] [1790990741.086753322] [bt_navigator]: 
[bt_navigator-17] 	bt_navigator lifecycle node launched. 
[bt_navigator-17] 	Waiting on external lifecycle transitions to activate
[bt_navigator-17] 	See https://design.ros2.org/articles/node_lifecycle.html for more information.
[waypoint_follower-18] [INFO] [1790990741.087811045] [waypoint_follower]: Creating
[bt_navigator-17] [INFO] [1790990741.088309721] [bt_navigator]: Creating
[opennav_docking-21] [INFO] [1790990741.089458494] [docking_server]: 
[opennav_docking-21] 	docking_server lifecycle node launched. 
[opennav_docking-21] 	Waiting on external lifecycle transitions to activate
[opennav_docking-21] 	See https://design.ros2.org/articles/node_lifecycle.html for more information.
[opennav_docking-21] [INFO] [1790990741.089546639] [docking_server]: Creating docking_server
[velocity_smoother-19] [INFO] [1790990741.092547435] [velocity_smoother]: 
[velocity_smoother-19] 	velocity_smoother lifecycle node launched. 
[velocity_smoother-19] 	Waiting on external lifecycle transitions to activate
[velocity_smoother-19] 	See https://design.ros2.org/articles/node_lifecycle.html for more information.
[controller_server-12] [INFO] [1790990741.092907277] [controller_server]: 
[controller_server-12] 	controller_server lifecycle node launched. 
[controller_server-12] 	Waiting on external lifecycle transitions to activate
[controller_server-12] 	See https://design.ros2.org/articles/node_lifecycle.html for more information.
[planner_server-14] [INFO] [1790990741.094767498] [global_costmap.global_costmap]: 
[planner_server-14] 	global_costmap lifecycle node launched. 
[planner_server-14] 	Waiting on external lifecycle transitions to activate
[planner_server-14] 	See https://design.ros2.org/articles/node_lifecycle.html for more information.
[route_server-15] [INFO] [1790990741.095063423] [route_server]: 
[route_server-15] 	route_server lifecycle node launched. 
[route_server-15] 	Waiting on external lifecycle transitions to activate
[route_server-15] 	See https://design.ros2.org/articles/node_lifecycle.html for more information.
[planner_server-14] [INFO] [1790990741.095164954] [global_costmap.global_costmap]: Creating Costmap
[controller_server-12] [INFO] [1790990741.096959515] [controller_server]: Creating controller server
[smoother_server-13] [INFO] [1790990741.097545153] [smoother_server]: 
[smoother_server-13] 	smoother_server lifecycle node launched. 
[smoother_server-13] 	Waiting on external lifecycle transitions to activate
[smoother_server-13] 	See https://design.ros2.org/articles/node_lifecycle.html for more information.
[smoother_server-13] [INFO] [1790990741.098877680] [smoother_server]: Creating smoother server
[collision_monitor-20] [INFO] [1790990741.104368904] [collision_monitor]: 
[collision_monitor-20] 	collision_monitor lifecycle node launched. 
[collision_monitor-20] 	Waiting on external lifecycle transitions to activate
[collision_monitor-20] 	See https://design.ros2.org/articles/node_lifecycle.html for more information.
[controller_server-12] [INFO] [1790990741.108958223] [local_costmap.local_costmap]: 
[controller_server-12] 	local_costmap lifecycle node launched. 
[controller_server-12] 	Waiting on external lifecycle transitions to activate
[controller_server-12] 	See https://design.ros2.org/articles/node_lifecycle.html for more information.
[controller_server-12] [INFO] [1790990741.109315610] [local_costmap.local_costmap]: Creating Costmap
[lifecycle_manager-22] [INFO] [1790990742.225584566] [lifecycle_manager_navigation]: [34m[1mStarting managed nodes bringup...[0m[0m
[lifecycle_manager-22] [INFO] [1790990742.225624696] [lifecycle_manager_navigation]: [34m[1mConfiguring controller_server[0m[0m
[controller_server-12] [INFO] [1790990742.225870081] [controller_server]: Configuring controller interface
[controller_server-12] [INFO] [1790990742.225890462] [controller_server]: getting progress checker plugins..
[controller_server-12] [INFO] [1790990742.226053875] [controller_server]: getting goal checker plugins..
[controller_server-12] [INFO] [1790990742.226161608] [controller_server]: Controller frequency set to 20.0000Hz
[controller_server-12] [INFO] [1790990742.226200505] [local_costmap.local_costmap]: Configuring
[controller_server-12] [INFO] [1790990742.232292308] [local_costmap.local_costmap]: Using plugin "static_layer"
[controller_server-12] [INFO] [1790990742.235018641] [local_costmap.local_costmap]: Subscribing to the map topic (/map) with transient local durability
[controller_server-12] [INFO] [1790990742.236175731] [local_costmap.local_costmap]: Initialized plugin "static_layer"
[controller_server-12] [INFO] [1790990742.236186532] [local_costmap.local_costmap]: Using plugin "voxel_layer"
[controller_server-12] [INFO] [1790990742.236635871] [local_costmap.local_costmap]: Subscribed to Topics: scan
[controller_server-12] [INFO] [1790990742.244951212] [local_costmap.local_costmap]: Initialized plugin "voxel_layer"
[controller_server-12] [INFO] [1790990742.244968427] [local_costmap.local_costmap]: Using plugin "inflation_layer"
[controller_server-12] [INFO] [1790990742.245476121] [local_costmap.local_costmap]: Initialized plugin "inflation_layer"
[controller_server-12] [INFO] [1790990742.257051653] [local_costmap.local_costmap]: StaticLayer: Resizing static layer to 436 X 301 at 0.050000 m/pix
[controller_server-12] [INFO] [1790990742.257139587] [controller_server]: Created progress_checker : progress_checker of type nav2_controller::SimpleProgressChecker
[controller_server-12] [INFO] [1790990742.257405423] [controller_server]: Controller Server has progress_checker  progress checkers available.
[controller_server-12] [INFO] [1790990742.257764373] [controller_server]: Created goal checker : general_goal_checker of type nav2_controller::SimpleGoalChecker
[controller_server-12] [INFO] [1790990742.258116119] [controller_server]: Controller Server has general_goal_checker  goal checkers available.
[controller_server-12] [INFO] [1790990742.259123872] [controller_server]: Created controller : FollowPath of type nav2_mppi_controller::MPPIController
[controller_server-12] [INFO] [1790990742.260730602] [controller_server]: Controller period is equal to model dt. Control sequence shifting is ON
[controller_server-12] [INFO] [1790990742.261891618] [controller_server]: ConstraintCritic instantiated with 1 power and 4.000000 weight.
[controller_server-12] [INFO] [1790990742.261911157] [controller_server]: Critic loaded : mppi::critics::ConstraintCritic
[controller_server-12] [INFO] [1790990742.262739817] [controller_server]: InflationCostCritic instantiated with 1 power and 300.000000 / 0.015000 weights. Critic will collision check based on footprint cost.
[controller_server-12] [INFO] [1790990742.262760458] [controller_server]: Critic loaded : mppi::critics::CostCritic
[controller_server-12] [INFO] [1790990742.263039610] [controller_server]: GoalCritic instantiated with 1 power and 5.000000 weight.
[controller_server-12] [INFO] [1790990742.263053347] [controller_server]: Critic loaded : mppi::critics::GoalCritic
[controller_server-12] [INFO] [1790990742.263434210] [controller_server]: GoalAngleCritic instantiated with 1 power, 3.000000 weight, 0.500000 angular threshold and symmetric_yaw_tolerance disabled
[controller_server-12] [INFO] [1790990742.263450282] [controller_server]: Critic loaded : mppi::critics::GoalAngleCritic
[controller_server-12] [INFO] [1790990742.264068836] [controller_server]: ReferenceTrajectoryCritic instantiated with 1 power and 14.000000 weight
[controller_server-12] [INFO] [1790990742.264085769] [controller_server]: Critic loaded : mppi::critics::PathAlignCritic
[controller_server-12] [INFO] [1790990742.264483146] [controller_server]: Critic loaded : mppi::critics::PathFollowCritic
[controller_server-12] [INFO] [1790990742.265036310] [controller_server]: PathAngleCritic instantiated with 1 power and 2.000000 weight. Mode set to: Forward Preference
[controller_server-12] [INFO] [1790990742.265068243] [controller_server]: Critic loaded : mppi::critics::PathAngleCritic
[controller_server-12] [INFO] [1790990742.265357947] [controller_server]: PreferForwardCritic instantiated with 1 power and 5.000000 weight.
[controller_server-12] [INFO] [1790990742.265371343] [controller_server]: Critic loaded : mppi::critics::PreferForwardCritic
[controller_server-12] [INFO] [1790990742.267671163] [controller_server]: Optimizer reset
[controller_server-12] [INFO] [1790990742.270621761] [MPPIController]: Configured MPPI Controller: FollowPath
[controller_server-12] [INFO] [1790990742.270633724] [controller_server]: Controller Server has FollowPath  controllers available.
[lifecycle_manager-22] [INFO] [1790990742.276354633] [lifecycle_manager_navigation]: [34m[1mConfiguring smoother_server[0m[0m
[smoother_server-13] [INFO] [1790990742.276566071] [smoother_server]: Configuring smoother server
[smoother_server-13] [INFO] [1790990742.286614742] [smoother_server]: Created smoother : simple_smoother of type nav2_smoother::SimpleSmoother
[smoother_server-13] [INFO] [1790990742.287048160] [smoother_server]: Smoother Server has simple_smoother  smoothers available.
[lifecycle_manager-22] [INFO] [1790990742.291711807] [lifecycle_manager_navigation]: [34m[1mConfiguring planner_server[0m[0m
[planner_server-14] [INFO] [1790990742.291879398] [planner_server]: Configuring
[planner_server-14] [INFO] [1790990742.291908295] [global_costmap.global_costmap]: Configuring
[planner_server-14] [INFO] [1790990742.297554015] [global_costmap.global_costmap]: Using plugin "static_layer"
[planner_server-14] [INFO] [1790990742.300325649] [global_costmap.global_costmap]: Subscribing to the map topic (/map) with transient local durability
[planner_server-14] [INFO] [1790990742.301742883] [global_costmap.global_costmap]: Initialized plugin "static_layer"
[planner_server-14] [INFO] [1790990742.301759826] [global_costmap.global_costmap]: Using plugin "obstacle_layer"
[planner_server-14] [INFO] [1790990742.302355405] [global_costmap.global_costmap]: Subscribed to Topics: scan
[planner_server-14] [INFO] [1790990742.305785340] [global_costmap.global_costmap]: Initialized plugin "obstacle_layer"
[planner_server-14] [INFO] [1790990742.305800561] [global_costmap.global_costmap]: Using plugin "inflation_layer"
[planner_server-14] [INFO] [1790990742.306278616] [global_costmap.global_costmap]: Initialized plugin "inflation_layer"
[planner_server-14] [INFO] [1790990742.321431987] [global_costmap.global_costmap]: StaticLayer: Resizing costmap to 436 X 301 at 0.050000 m/pix
[planner_server-14] [INFO] [1790990742.321605841] [planner_server]: Created global planner plugin GridBased of type nav2_navfn_planner::NavfnPlanner
[planner_server-14] [INFO] [1790990742.321623666] [planner_server]: Configuring plugin GridBased of type NavfnPlanner
[planner_server-14] [INFO] [1790990742.322212421] [planner_server]: Planner Server has GridBased  planners available.
[lifecycle_manager-22] [INFO] [1790990742.329251197] [lifecycle_manager_navigation]: [34m[1mConfiguring route_server[0m[0m
[route_server-15] [INFO] [1790990742.507349628] [route_server]: Configuring
[route_server-15] [INFO] [1790990742.528470705] [route_server]: Created GraphFileLoader GeoJsonGraphFileLoader of type nav2_route::GeoJsonGraphFileLoader
[route_server-15] [INFO] [1790990742.528494893] [route_server]: Configuring geojson graph file loader
[route_server-15] [INFO] [1790990742.528500734] [route_server]: No graph file provided to load yet.
[route_server-15] [INFO] [1790990742.530364672] [route_server]: Created edge cost function plugin DistanceScorer of type nav2_route::DistanceScorer
[route_server-15] [INFO] [1790990742.530378960] [route_server]: Configuring distance scorer.
[route_server-15] [INFO] [1790990742.530554297] [route_server]: Created edge cost function plugin DynamicEdgesScorer of type nav2_route::DynamicEdgesScorer
[route_server-15] [INFO] [1790990742.530566441] [route_server]: Configuring adjust edges scorer.
[route_server-15] [INFO] [1790990742.532899347] [route_server]: Created route operation AdjustSpeedLimit of type nav2_route::AdjustSpeedLimit
[route_server-15] [INFO] [1790990742.532913926] [route_server]: Configuring Adjust speed limit operation.
[route_server-15] [INFO] [1790990742.533583721] [route_server]: Created route operation ReroutingService of type nav2_route::ReroutingService
[route_server-15] [INFO] [1790990742.533598480] [route_server]: Configuring Rerouting service operation.
[lifecycle_manager-22] [INFO] [1790990742.535968870] [lifecycle_manager_navigation]: [34m[1mConfiguring behavior_server[0m[0m
[behavior_server-16] [INFO] [1790990742.536158214] [behavior_server]: Configuring
[behavior_server-16] [INFO] [1790990742.540493181] [behavior_server]: Creating behavior plugin spin of type nav2_behaviors::Spin
[behavior_server-16] [INFO] [1790990742.541335367] [behavior_server]: Creating behavior plugin backup of type nav2_behaviors::BackUp
[behavior_server-16] [INFO] [1790990742.541947147] [behavior_server]: Creating behavior plugin drive_on_heading of type nav2_behaviors::DriveOnHeading
[behavior_server-16] [INFO] [1790990742.542571422] [behavior_server]: Creating behavior plugin assisted_teleop of type nav2_behaviors::AssistedTeleop
[behavior_server-16] [INFO] [1790990742.543850353] [behavior_server]: Creating behavior plugin wait of type nav2_behaviors::Wait
[behavior_server-16] [INFO] [1790990742.549853570] [behavior_server]: Configuring spin
[behavior_server-16] [INFO] [1790990742.554310137] [behavior_server]: Configuring backup
[behavior_server-16] [INFO] [1790990742.557368057] [behavior_server]: Configuring drive_on_heading
[behavior_server-16] [INFO] [1790990742.560587316] [behavior_server]: Configuring assisted_teleop
[behavior_server-16] [INFO] [1790990742.565286413] [behavior_server]: Configuring wait
[lifecycle_manager-22] [INFO] [1790990742.568690849] [lifecycle_manager_navigation]: [34m[1mConfiguring velocity_smoother[0m[0m
[velocity_smoother-19] [INFO] [1790990742.568879973] [velocity_smoother]: Configuring velocity smoother
[lifecycle_manager-22] [INFO] [1790990742.572462341] [lifecycle_manager_navigation]: [34m[1mConfiguring collision_monitor[0m[0m
[collision_monitor-20] [INFO] [1790990742.572638800] [collision_monitor]: Configuring
[collision_monitor-20] [INFO] [1790990742.577215514] [collision_monitor]: [scan]: Creating Scan
[collision_monitor-20] [INFO] [1790990742.578990226] [collision_monitor]: [FootprintApproach]: Creating Polygon
[collision_monitor-20] [INFO] [1790990742.579206764] [collision_monitor]: [FootprintApproach]: Polygon points are not defined. Using dynamic subscription instead.
[collision_monitor-20] [INFO] [1790990742.579980315] [collision_monitor]: [FootprintApproach]: Making footprint subscriber on local_costmap/published_footprint topic
[lifecycle_manager-22] [INFO] [1790990742.588307239] [lifecycle_manager_navigation]: [34m[1mConfiguring bt_navigator[0m[0m
[bt_navigator-17] [INFO] [1790990742.588515581] [bt_navigator]: Configuring
[bt_navigator-17] [INFO] [1790990742.594115120] [bt_navigator]: Creating navigator id navigate_to_pose of type nav2_bt_navigator::NavigateToPoseNavigator
[bt_navigator-17] [INFO] [1790990742.647177862] [bt_navigator]: Creating navigator id navigate_through_poses of type nav2_bt_navigator::NavigateThroughPosesNavigator
[lifecycle_manager-22] [INFO] [1790990742.662426070] [lifecycle_manager_navigation]: [34m[1mConfiguring waypoint_follower[0m[0m
[waypoint_follower-18] [INFO] [1790990742.662611026] [waypoint_follower]: Configuring
[waypoint_follower-18] [INFO] [1790990742.678198475] [waypoint_follower]: Created waypoint_task_executor : wait_at_waypoint of type nav2_waypoint_follower::WaitAtWaypoint
[lifecycle_manager-22] [INFO] [1790990742.678808672] [lifecycle_manager_navigation]: [34m[1mConfiguring docking_server[0m[0m
[opennav_docking-21] [INFO] [1790990742.679021804] [docking_server]: Configuring docking_server
[opennav_docking-21] [INFO] [1790990742.679052445] [docking_server]: Controller frequency set to 50.0000Hz
[opennav_docking-21] [INFO] [1790990742.697200049] [docking_server]: Created charging dock plugin simple_charging_dock of type opennav_docking::SimpleChargingDock
[opennav_docking-21] [WARN] [1790990742.700766365] [docking_server]: Dock database filepath nor dock parameters set. Docking actions can only be executed specifying the dock pose via the action request. Or update the dock database via the reload_database service.
[opennav_docking-21] [INFO] [1790990742.700788920] [docking_server]: Docking Server has 1 dock types and 0 dock instances available.
[lifecycle_manager-22] [INFO] [1790990742.701986920] [lifecycle_manager_navigation]: [34m[1mActivating controller_server[0m[0m
[controller_server-12] [INFO] [1790990742.702177948] [controller_server]: Activating
[controller_server-12] [INFO] [1790990742.702252014] [local_costmap.local_costmap]: Activating
[controller_server-12] [INFO] [1790990742.702263427] [local_costmap.local_costmap]: Checking transform
[controller_server-12] [INFO] [1790990742.702392172] [local_costmap.local_costmap]: start
[controller_server-12] [WARN] [1790990742.953317167] [controller_server]: Parameter controller_server.verbose not found
[controller_server-12] [INFO] [1790990742.955582128] [controller_server]: Optimizer reset
[controller_server-12] [INFO] [1790990742.955755571] [MPPIController]: Activated MPPI Controller: FollowPath
[controller_server-12] [INFO] [1790990742.955781923] [controller_server]: Creating bond (controller_server) to lifecycle manager.
[lifecycle_manager-22] [INFO] [1790990743.060560925] [lifecycle_manager_navigation]: Server controller_server connected with bond.
[lifecycle_manager-22] [INFO] [1790990743.060594391] [lifecycle_manager_navigation]: [34m[1mActivating smoother_server[0m[0m
[smoother_server-13] [INFO] [1790990743.060855859] [smoother_server]: Activating
[smoother_server-13] [INFO] [1790990743.060883954] [smoother_server]: Creating bond (smoother_server) to lifecycle manager.
[lifecycle_manager-22] [INFO] [1790990743.164489695] [lifecycle_manager_navigation]: Server smoother_server connected with bond.
[lifecycle_manager-22] [INFO] [1790990743.164524384] [lifecycle_manager_navigation]: [34m[1mActivating planner_server[0m[0m
[planner_server-14] [INFO] [1790990743.164783707] [planner_server]: Activating
[planner_server-14] [INFO] [1790990743.164819899] [global_costmap.global_costmap]: Activating
[planner_server-14] [INFO] [1790990743.164833816] [global_costmap.global_costmap]: Checking transform
[planner_server-14] [INFO] [1790990743.164967791] [global_costmap.global_costmap]: start
[planner_server-14] [INFO] [1790990744.215967796] [planner_server]: Activating plugin GridBased of type NavfnPlanner
[planner_server-14] [INFO] [1790990744.217342957] [planner_server]: Creating bond (planner_server) to lifecycle manager.
[lifecycle_manager-22] [INFO] [1790990744.320815886] [lifecycle_manager_navigation]: Server planner_server connected with bond.
[lifecycle_manager-22] [INFO] [1790990744.320851477] [lifecycle_manager_navigation]: [34m[1mActivating route_server[0m[0m
[route_server-15] [INFO] [1790990744.321136340] [route_server]: Activating
[route_server-15] [INFO] [1790990744.321274083] [route_server]: Creating bond (route_server) to lifecycle manager.
[lifecycle_manager-22] [INFO] [1790990744.425381748] [lifecycle_manager_navigation]: Server route_server connected with bond.
[lifecycle_manager-22] [INFO] [1790990744.425419232] [lifecycle_manager_navigation]: [34m[1mActivating behavior_server[0m[0m
[behavior_server-16] [INFO] [1790990744.425716289] [behavior_server]: Activating
[behavior_server-16] [INFO] [1790990744.425738594] [behavior_server]: Activating spin
[behavior_server-16] [INFO] [1790990744.425749054] [behavior_server]: Activating backup
[behavior_server-16] [INFO] [1790990744.425756379] [behavior_server]: Activating drive_on_heading
[behavior_server-16] [INFO] [1790990744.425764014] [behavior_server]: Activating assisted_teleop
[behavior_server-16] [INFO] [1790990744.425770827] [behavior_server]: Activating wait
[behavior_server-16] [INFO] [1790990744.425781799] [behavior_server]: Creating bond (behavior_server) to lifecycle manager.
[lifecycle_manager-22] [INFO] [1790990744.529745199] [lifecycle_manager_navigation]: Server behavior_server connected with bond.
[lifecycle_manager-22] [INFO] [1790990744.529778875] [lifecycle_manager_navigation]: [34m[1mActivating velocity_smoother[0m[0m
[velocity_smoother-19] [INFO] [1790990744.530067496] [velocity_smoother]: Activating
[velocity_smoother-19] [INFO] [1790990744.530125832] [velocity_smoother]: Creating bond (velocity_smoother) to lifecycle manager.
[lifecycle_manager-22] [INFO] [1790990744.634544001] [lifecycle_manager_navigation]: Server velocity_smoother connected with bond.
[lifecycle_manager-22] [INFO] [1790990744.634579000] [lifecycle_manager_navigation]: [34m[1mActivating collision_monitor[0m[0m
[collision_monitor-20] [INFO] [1790990744.634845067] [collision_monitor]: Activating
[collision_monitor-20] [INFO] [1790990744.634875938] [collision_monitor]: Creating bond (collision_monitor) to lifecycle manager.
[lifecycle_manager-22] [INFO] [1790990744.739223127] [lifecycle_manager_navigation]: Server collision_monitor connected with bond.
[lifecycle_manager-22] [INFO] [1790990744.739257264] [lifecycle_manager_navigation]: [34m[1mActivating bt_navigator[0m[0m
[bt_navigator-17] [INFO] [1790990744.739525435] [bt_navigator]: Activating
[bt_navigator-17] [INFO] [1790990744.781977766] [bt_navigator]: Creating bond (bt_navigator) to lifecycle manager.
[lifecycle_manager-22] [INFO] [1790990744.886100681] [lifecycle_manager_navigation]: Server bt_navigator connected with bond.
[lifecycle_manager-22] [INFO] [1790990744.886151051] [lifecycle_manager_navigation]: [34m[1mActivating waypoint_follower[0m[0m
[waypoint_follower-18] [INFO] [1790990744.886449572] [waypoint_follower]: Activating
[waypoint_follower-18] [INFO] [1790990744.886482377] [waypoint_follower]: Creating bond (waypoint_follower) to lifecycle manager.
[lifecycle_manager-22] [INFO] [1790990744.991155500] [lifecycle_manager_navigation]: Server waypoint_follower connected with bond.
[lifecycle_manager-22] [INFO] [1790990744.991207232] [lifecycle_manager_navigation]: [34m[1mActivating docking_server[0m[0m
[opennav_docking-21] [INFO] [1790990744.991527506] [docking_server]: Activating docking_server
[opennav_docking-21] [INFO] [1790990744.998234305] [docking_server]: Creating bond (docking_server) to lifecycle manager.
[lifecycle_manager-22] [INFO] [1790990745.103874614] [lifecycle_manager_navigation]: Server docking_server connected with bond.
[lifecycle_manager-22] [INFO] [1790990745.103911176] [lifecycle_manager_navigation]: [34m[1mManaged nodes are active[0m[0m
[lifecycle_manager-22] [INFO] [1790990745.103921366] [lifecycle_manager_navigation]: [34m[1mCreating bond timer...[0m[0m
[waypoint_follower-18] [INFO] [1790990757.113030111] [waypoint_follower]: Received follow waypoint request with 118 waypoints.
[bt_navigator-17] [INFO] [1790990757.113607193] [bt_navigator]: Begin navigating from current location (0.00, -0.00) to (0.00, -0.00)
[controller_server-12] [INFO] [1790990757.134330997] [controller_server]: Received a goal, begin computing control effort.
[controller_server-12] [WARN] [1790990757.134370084] [controller_server]: No goal checker was specified in parameter 'current_goal_checker'. Server will use only plugin loaded general_goal_checker . This warning will appear once.
[controller_server-12] [WARN] [1790990757.134385455] [controller_server]: No progress checker was specified in parameter 'current_progress_checker'. Server will use only plugin loaded progress_checker . This warning will appear once.
[controller_server-12] [INFO] [1790990757.140422149] [controller_server]: Reached the goal!
[controller_server-12] [INFO] [1790990757.141981685] [controller_server]: Optimizer reset
[bt_navigator-17] [INFO] [1790990757.163851927] [bt_navigator]: Goal succeeded
[parameter_bridge-2] [INFO] [1790990757.211020185] [bridge_ros_gz]: Passing message from ROS geometry_msgs/msg/Twist to Gazebo gz.msgs.Twist (showing msg only once per type)
[waypoint_follower-18] [INFO] [1790990757.513189539] [waypoint_follower]: Succeeded processing waypoint 0, processing waypoint task execution
[waypoint_follower-18] [INFO] [1790990757.513227224] [waypoint_follower]: Arrived at 0'th waypoint, sleeping for 200 milliseconds
[waypoint_follower-18] [INFO] [1790990757.711530718] [waypoint_follower]: Task execution at waypoint 0 succeeded
[waypoint_follower-18] [INFO] [1790990757.711575266] [waypoint_follower]: Handled task execution on waypoint 0, moving to next.
[bt_navigator-17] [INFO] [1790990757.712067500] [bt_navigator]: Begin navigating from current location (0.00, -0.00) to (0.13, -0.00)
[controller_server-12] [INFO] [1790990757.732612541] [controller_server]: Received a goal, begin computing control effort.
[controller_server-12] [INFO] [1790990757.737610560] [controller_server]: Reached the goal!
[controller_server-12] [INFO] [1790990757.737839593] [controller_server]: Optimizer reset
[bt_navigator-17] [INFO] [1790990757.762259881] [bt_navigator]: Goal succeeded
[waypoint_follower-18] [INFO] [1790990758.112843790] [waypoint_follower]: Succeeded processing waypoint 1, processing waypoint task execution
[waypoint_follower-18] [INFO] [1790990758.112875813] [waypoint_follower]: Arrived at 1'th waypoint, sleeping for 200 milliseconds
[waypoint_follower-18] [INFO] [1790990758.311574392] [waypoint_follower]: Task execution at waypoint 1 succeeded
[waypoint_follower-18] [INFO] [1790990758.311615152] [waypoint_follower]: Handled task execution on waypoint 1, moving to next.
[bt_navigator-17] [INFO] [1790990758.312024342] [bt_navigator]: Begin navigating from current location (0.00, -0.00) to (0.25, -0.00)
[controller_server-12] [INFO] [1790990758.332513242] [controller_server]: Received a goal, begin computing control effort.
[controller_server-12] [INFO] [1790990758.435979912] [controller_server]: Reached the goal!
[controller_server-12] [INFO] [1790990758.436442377] [controller_server]: Optimizer reset
[bt_navigator-17] [INFO] [1790990758.462223819] [bt_navigator]: Goal succeeded
[waypoint_follower-18] [INFO] [1790990759.113838386] [waypoint_follower]: Succeeded processing waypoint 2, processing waypoint task execution
[waypoint_follower-18] [INFO] [1790990759.113875359] [waypoint_follower]: Arrived at 2'th waypoint, sleeping for 200 milliseconds
[waypoint_follower-18] [INFO] [1790990759.313547285] [waypoint_follower]: Task execution at waypoint 2 succeeded
[waypoint_follower-18] [INFO] [1790990759.313583386] [waypoint_follower]: Handled task execution on waypoint 2, moving to next.
[bt_navigator-17] [INFO] [1790990759.313984320] [bt_navigator]: Begin navigating from current location (0.01, -0.00) to (0.36, -0.00)
[controller_server-12] [INFO] [1790990759.334431266] [controller_server]: Received a goal, begin computing control effort.
[controller_server-12] [INFO] [1790990760.187766309] [controller_server]: Reached the goal!
[controller_server-12] [INFO] [1790990760.188263743] [controller_server]: Optimizer reset
[bt_navigator-17] [INFO] [1790990760.214189030] [bt_navigator]: Goal succeeded
[controller_server-12] [INFO] [1790990760.502517938] [local_costmap.local_costmap]: StaticLayer: Resizing static layer to 438 X 301 at 0.050000 m/pix
[waypoint_follower-18] [INFO] [1790990760.867590764] [waypoint_follower]: Succeeded processing waypoint 3, processing waypoint task execution
[waypoint_follower-18] [INFO] [1790990760.867621084] [waypoint_follower]: Arrived at 3'th waypoint, sleeping for 200 milliseconds
[waypoint_follower-18] [INFO] [1790990761.068973187] [waypoint_follower]: Task execution at waypoint 3 succeeded
[waypoint_follower-18] [INFO] [1790990761.069010511] [waypoint_follower]: Handled task execution on waypoint 3, moving to next.
[bt_navigator-17] [INFO] [1790990761.069344622] [bt_navigator]: Begin navigating from current location (0.13, -0.00) to (0.49, -0.01)
[controller_server-12] [INFO] [1790990761.089814915] [controller_server]: Received a goal, begin computing control effort.
[planner_server-14] [INFO] [1790990761.165110448] [global_costmap.global_costmap]: StaticLayer: Resizing costmap to 438 X 301 at 0.050000 m/pix
[controller_server-12] [INFO] [1790990761.943351811] [controller_server]: Reached the goal!
[controller_server-12] [INFO] [1790990761.943843294] [controller_server]: Optimizer reset
[bt_navigator-17] [INFO] [1790990761.969535430] [bt_navigator]: Goal succeeded
[controller_server-12] [INFO] [1790990762.502527346] [local_costmap.local_costmap]: StaticLayer: Resizing static layer to 444 X 301 at 0.050000 m/pix
[waypoint_follower-18] [INFO] [1790990762.623082022] [waypoint_follower]: Succeeded processing waypoint 4, processing waypoint task execution
[waypoint_follower-18] [INFO] [1790990762.623117493] [waypoint_follower]: Arrived at 4'th waypoint, sleeping for 200 milliseconds
[waypoint_follower-18] [INFO] [1790990762.823514058] [waypoint_follower]: Task execution at waypoint 4 succeeded
[waypoint_follower-18] [INFO] [1790990762.823557104] [waypoint_follower]: Handled task execution on waypoint 4, moving to next.
[bt_navigator-17] [INFO] [1790990762.823970582] [bt_navigator]: Begin navigating from current location (0.31, 0.01) to (0.60, -0.01)
[controller_server-12] [INFO] [1790990762.844453340] [controller_server]: Received a goal, begin computing control effort.
[planner_server-14] [INFO] [1790990763.165109549] [global_costmap.global_costmap]: StaticLayer: Resizing costmap to 444 X 301 at 0.050000 m/pix
[controller_server-12] [INFO] [1790990763.297340450] [controller_server]: Reached the goal!
[controller_server-12] [INFO] [1790990763.297887833] [controller_server]: Optimizer reset
[bt_navigator-17] [INFO] [1790990763.324193533] [bt_navigator]: Goal succeeded
[waypoint_follower-18] [INFO] [1790990763.976549616] [waypoint_follower]: Succeeded processing waypoint 5, processing waypoint task execution
[waypoint_follower-18] [INFO] [1790990763.976584195] [waypoint_follower]: Arrived at 5'th waypoint, sleeping for 200 milliseconds
[waypoint_follower-18] [INFO] [1790990764.176508029] [waypoint_follower]: Task execution at waypoint 5 succeeded
[waypoint_follower-18] [INFO] [1790990764.176544701] [waypoint_follower]: Handled task execution on waypoint 5, moving to next.
[bt_navigator-17] [INFO] [1790990764.176860636] [bt_navigator]: Begin navigating from current location (0.36, 0.01) to (0.75, -0.01)
[controller_server-12] [INFO] [1790990764.197315580] [controller_server]: Received a goal, begin computing control effort.
[controller_server-12] [INFO] [1790990765.100710875] [controller_server]: Reached the goal!
[controller_server-12] [INFO] [1790990765.101366352] [controller_server]: Optimizer reset
[bt_navigator-17] [INFO] [1790990765.127016886] [bt_navigator]: Goal succeeded
[waypoint_follower-18] [INFO] [1790990765.780969401] [waypoint_follower]: Succeeded processing waypoint 6, processing waypoint task execution
[waypoint_follower-18] [INFO] [1790990765.781001244] [waypoint_follower]: Arrived at 6'th waypoint, sleeping for 200 milliseconds
[waypoint_follower-18] [INFO] [1790990765.979507545] [waypoint_follower]: Task execution at waypoint 6 succeeded
[waypoint_follower-18] [INFO] [1790990765.979546222] [waypoint_follower]: Handled task execution on waypoint 6, moving to next.
[bt_navigator-17] [INFO] [1790990765.979890994] [bt_navigator]: Begin navigating from current location (0.53, 0.00) to (0.86, -0.01)
[controller_server-12] [INFO] [1790990766.000352861] [controller_server]: Received a goal, begin computing control effort.
[controller_server-12] [INFO] [1790990766.705105831] [controller_server]: Reached the goal!
[controller_server-12] [INFO] [1790990766.705496674] [controller_server]: Optimizer reset
[bt_navigator-17] [INFO] [1790990766.730110748] [bt_navigator]: Goal succeeded
[waypoint_follower-18] [INFO] [1790990767.383220164] [waypoint_follower]: Succeeded processing waypoint 7, processing waypoint task execution
[waypoint_follower-18] [INFO] [1790990767.383253640] [waypoint_follower]: Arrived at 7'th waypoint, sleeping for 200 milliseconds
[waypoint_follower-18] [INFO] [1790990767.581560460] [waypoint_follower]: Task execution at waypoint 7 succeeded
[waypoint_follower-18] [INFO] [1790990767.581596882] [waypoint_follower]: Handled task execution on waypoint 7, moving to next.
[bt_navigator-17] [INFO] [1790990767.581968928] [bt_navigator]: Begin navigating from current location (0.64, 0.00) to (0.96, -0.01)
[controller_server-12] [INFO] [1790990767.602484202] [controller_server]: Received a goal, begin computing control effort.
[controller_server-12] [INFO] [1790990768.306432879] [controller_server]: Reached the goal!
[controller_server-12] [INFO] [1790990768.306695148] [controller_server]: Optimizer reset
[bt_navigator-17] [INFO] [1790990768.332163543] [bt_navigator]: Goal succeeded
[controller_server-12] [INFO] [1790990768.502537373] [local_costmap.local_costmap]: StaticLayer: Resizing static layer to 452 X 309 at 0.050000 m/pix
[waypoint_follower-18] [INFO] [1790990768.985221255] [waypoint_follower]: Succeeded processing waypoint 8, processing waypoint task execution
[waypoint_follower-18] [INFO] [1790990768.985253148] [waypoint_follower]: Arrived at 8'th waypoint, sleeping for 200 milliseconds
[planner_server-14] [INFO] [1790990769.165102961] [global_costmap.global_costmap]: StaticLayer: Resizing costmap to 452 X 309 at 0.050000 m/pix
[waypoint_follower-18] [INFO] [1790990769.183519181] [waypoint_follower]: Task execution at waypoint 8 succeeded
[waypoint_follower-18] [INFO] [1790990769.183551265] [waypoint_follower]: Handled task execution on waypoint 8, moving to next.
[bt_navigator-17] [INFO] [1790990769.183936267] [bt_navigator]: Begin navigating from current location (0.75, 0.00) to (1.11, -0.01)
[controller_server-12] [INFO] [1790990769.204495918] [controller_server]: Received a goal, begin computing control effort.
[controller_server-12] [INFO] [1790990770.058700240] [controller_server]: Reached the goal!
[controller_server-12] [INFO] [1790990770.058967529] [controller_server]: Optimizer reset
[bt_navigator-17] [INFO] [1790990770.084145850] [bt_navigator]: Goal succeeded
[controller_server-12] [INFO] [1790990770.502518617] [local_costmap.local_costmap]: StaticLayer: Resizing static layer to 456 X 324 at 0.050000 m/pix
[waypoint_follower-18] [INFO] [1790990770.737472467] [waypoint_follower]: Succeeded processing waypoint 9, processing waypoint task execution
[waypoint_follower-18] [INFO] [1790990770.737512116] [waypoint_follower]: Arrived at 9'th waypoint, sleeping for 200 milliseconds
[waypoint_follower-18] [INFO] [1790990770.935573485] [waypoint_follower]: Task execution at waypoint 9 succeeded
[waypoint_follower-18] [INFO] [1790990770.935606741] [waypoint_follower]: Handled task execution on waypoint 9, moving to next.
[bt_navigator-17] [INFO] [1790990770.935982314] [bt_navigator]: Begin navigating from current location (0.90, -0.01) to (1.22, -0.01)
[controller_server-12] [INFO] [1790990770.956447429] [controller_server]: Received a goal, begin computing control effort.
[planner_server-14] [INFO] [1790990771.165109457] [global_costmap.global_costmap]: StaticLayer: Resizing costmap to 456 X 324 at 0.050000 m/pix
[controller_server-12] [INFO] [1790990771.609502074] [controller_server]: Reached the goal!
[controller_server-12] [INFO] [1790990771.609692000] [controller_server]: Optimizer reset
[bt_navigator-17] [INFO] [1790990771.636181104] [bt_navigator]: Goal succeeded
[waypoint_follower-18] [INFO] [1790990772.288973643] [waypoint_follower]: Succeeded processing waypoint 10, processing waypoint task execution
[waypoint_follower-18] [INFO] [1790990772.289006238] [waypoint_follower]: Arrived at 10'th waypoint, sleeping for 200 milliseconds
[waypoint_follower-18] [INFO] [1790990772.489527108] [waypoint_follower]: Task execution at waypoint 10 succeeded
[waypoint_follower-18] [INFO] [1790990772.489563249] [waypoint_follower]: Handled task execution on waypoint 10, moving to next.
[bt_navigator-17] [INFO] [1790990772.489913863] [bt_navigator]: Begin navigating from current location (1.00, -0.01) to (1.34, -0.01)
[controller_server-12] [INFO] [1790990772.510421182] [controller_server]: Received a goal, begin computing control effort.
[controller_server-12] [INFO] [1790990773.263697769] [controller_server]: Reached the goal!
[controller_server-12] [INFO] [1790990773.264461290] [controller_server]: Optimizer reset
[bt_navigator-17] [INFO] [1790990773.290107127] [bt_navigator]: Goal succeeded
[controller_server-12] [INFO] [1790990773.502524309] [local_costmap.local_costmap]: StaticLayer: Resizing static layer to 461 X 361 at 0.050000 m/pix
[waypoint_follower-18] [INFO] [1790990773.943233616] [waypoint_follower]: Succeeded processing waypoint 11, processing waypoint task execution
[waypoint_follower-18] [INFO] [1790990773.943262393] [waypoint_follower]: Arrived at 11'th waypoint, sleeping for 200 milliseconds
[waypoint_follower-18] [INFO] [1790990774.142542591] [waypoint_follower]: Task execution at waypoint 11 succeeded
[waypoint_follower-18] [INFO] [1790990774.142586889] [waypoint_follower]: Handled task execution on waypoint 11, moving to next.
[bt_navigator-17] [INFO] [1790990774.142958625] [bt_navigator]: Begin navigating from current location (1.12, 0.00) to (1.49, -0.01)
[controller_server-12] [INFO] [1790990774.163471325] [controller_server]: Received a goal, begin computing control effort.
[planner_server-14] [INFO] [1790990774.165099116] [global_costmap.global_costmap]: StaticLayer: Resizing costmap to 461 X 361 at 0.050000 m/pix
[controller_server-12] [INFO] [1790990774.966801508] [controller_server]: Reached the goal!
[controller_server-12] [INFO] [1790990774.967478087] [controller_server]: Optimizer reset
[bt_navigator-17] [INFO] [1790990774.993149715] [bt_navigator]: Goal succeeded
[controller_server-12] [INFO] [1790990775.502521097] [local_costmap.local_costmap]: StaticLayer: Resizing static layer to 463 X 380 at 0.050000 m/pix
[waypoint_follower-18] [INFO] [1790990775.646395532] [waypoint_follower]: Succeeded processing waypoint 12, processing waypoint task execution
[waypoint_follower-18] [INFO] [1790990775.646434619] [waypoint_follower]: Arrived at 12'th waypoint, sleeping for 200 milliseconds
[waypoint_follower-18] [INFO] [1790990775.846543520] [waypoint_follower]: Task execution at waypoint 12 succeeded
[waypoint_follower-18] [INFO] [1790990775.846578078] [waypoint_follower]: Handled task execution on waypoint 12, moving to next.
[bt_navigator-17] [INFO] [1790990775.846974633] [bt_navigator]: Begin navigating from current location (1.24, -0.01) to (1.59, -0.01)
[controller_server-12] [INFO] [1790990775.867453777] [controller_server]: Received a goal, begin computing control effort.
[planner_server-14] [INFO] [1790990776.165112398] [global_costmap.global_costmap]: StaticLayer: Resizing costmap to 463 X 380 at 0.050000 m/pix
[controller_server-12] [INFO] [1790990776.621020051] [controller_server]: Reached the goal!
[controller_server-12] [INFO] [1790990776.621214646] [controller_server]: Optimizer reset
[bt_navigator-17] [INFO] [1790990776.647177070] [bt_navigator]: Goal succeeded
[waypoint_follower-18] [INFO] [1790990777.300176609] [waypoint_follower]: Succeeded processing waypoint 13, processing waypoint task execution
[waypoint_follower-18] [INFO] [1790990777.300206558] [waypoint_follower]: Arrived at 13'th waypoint, sleeping for 200 milliseconds
[waypoint_follower-18] [INFO] [1790990777.499513526] [waypoint_follower]: Task execution at waypoint 13 succeeded
[waypoint_follower-18] [INFO] [1790990777.499553284] [waypoint_follower]: Handled task execution on waypoint 13, moving to next.
[bt_navigator-17] [INFO] [1790990777.499855452] [bt_navigator]: Begin navigating from current location (1.36, -0.01) to (1.74, -0.02)
[controller_server-12] [INFO] [1790990777.520314877] [controller_server]: Received a goal, begin computing control effort.
[controller_server-12] [INFO] [1790990778.374296635] [controller_server]: Reached the goal!
[controller_server-12] [INFO] [1790990778.374510338] [controller_server]: Optimizer reset
[bt_navigator-17] [INFO] [1790990778.400031770] [bt_navigator]: Goal succeeded
[controller_server-12] [INFO] [1790990778.502518712] [local_costmap.local_costmap]: StaticLayer: Resizing static layer to 464 X 386 at 0.050000 m/pix
[waypoint_follower-18] [INFO] [1790990779.053784850] [waypoint_follower]: Succeeded processing waypoint 14, processing waypoint task execution
[waypoint_follower-18] [INFO] [1790990779.053820841] [waypoint_follower]: Arrived at 14'th waypoint, sleeping for 200 milliseconds
[planner_server-14] [INFO] [1790990779.165106995] [global_costmap.global_costmap]: StaticLayer: Resizing costmap to 464 X 386 at 0.050000 m/pix
[waypoint_follower-18] [INFO] [1790990779.254518624] [waypoint_follower]: Task execution at waypoint 14 succeeded
[waypoint_follower-18] [INFO] [1790990779.254560697] [waypoint_follower]: Handled task execution on waypoint 14, moving to next.
[bt_navigator-17] [INFO] [1790990779.254948114] [bt_navigator]: Begin navigating from current location (1.52, -0.00) to (1.84, -0.02)
[controller_server-12] [INFO] [1790990779.275394644] [controller_server]: Received a goal, begin computing control effort.
[controller_server-12] [INFO] [1790990779.502524321] [local_costmap.local_costmap]: StaticLayer: Resizing static layer to 469 X 386 at 0.050000 m/pix
[controller_server-12] [INFO] [1790990779.878717928] [controller_server]: Reached the goal!
[controller_server-12] [INFO] [1790990779.878870640] [controller_server]: Optimizer reset
[bt_navigator-17] [INFO] [1790990779.905178578] [bt_navigator]: Goal succeeded
[planner_server-14] [INFO] [1790990780.165109204] [global_costmap.global_costmap]: StaticLayer: Resizing costmap to 469 X 386 at 0.050000 m/pix
[waypoint_follower-18] [INFO] [1790990780.558110433] [waypoint_follower]: Succeeded processing waypoint 15, processing waypoint task execution
[waypoint_follower-18] [INFO] [1790990780.558153819] [waypoint_follower]: Arrived at 15'th waypoint, sleeping for 200 milliseconds
[waypoint_follower-18] [INFO] [1790990780.757524058] [waypoint_follower]: Task execution at waypoint 15 succeeded
[waypoint_follower-18] [INFO] [1790990780.757557013] [waypoint_follower]: Handled task execution on waypoint 15, moving to next.
[bt_navigator-17] [INFO] [1790990780.757954209] [bt_navigator]: Begin navigating from current location (1.62, -0.01) to (1.99, -0.02)
[controller_server-12] [INFO] [1790990780.778430097] [controller_server]: Received a goal, begin computing control effort.
[controller_server-12] [INFO] [1790990781.731898338] [controller_server]: Reached the goal!
[controller_server-12] [INFO] [1790990781.732095287] [controller_server]: Optimizer reset
[bt_navigator-17] [INFO] [1790990781.758164304] [bt_navigator]: Goal succeeded
[waypoint_follower-18] [INFO] [1790990782.411874940] [waypoint_follower]: Succeeded processing waypoint 16, processing waypoint task execution
[waypoint_follower-18] [INFO] [1790990782.411907274] [waypoint_follower]: Arrived at 16'th waypoint, sleeping for 200 milliseconds
[controller_server-12] [INFO] [1790990782.502522567] [local_costmap.local_costmap]: StaticLayer: Resizing static layer to 470 X 388 at 0.050000 m/pix
[waypoint_follower-18] [INFO] [1790990782.611513263] [waypoint_follower]: Task execution at waypoint 16 succeeded
[waypoint_follower-18] [INFO] [1790990782.611547040] [waypoint_follower]: Handled task execution on waypoint 16, moving to next.
[bt_navigator-17] [INFO] [1790990782.611929386] [bt_navigator]: Begin navigating from current location (1.78, -0.01) to (2.16, -0.01)
[controller_server-12] [INFO] [1790990782.632445825] [controller_server]: Received a goal, begin computing control effort.
[planner_server-14] [INFO] [1790990783.165104423] [global_costmap.global_costmap]: StaticLayer: Resizing costmap to 470 X 388 at 0.050000 m/pix
[controller_server-12] [INFO] [1790990783.502578844] [local_costmap.local_costmap]: StaticLayer: Resizing static layer to 472 X 388 at 0.050000 m/pix
[controller_server-12] [INFO] [1790990783.585654287] [controller_server]: Reached the goal!
[controller_server-12] [INFO] [1790990783.586048457] [controller_server]: Optimizer reset
[bt_navigator-17] [INFO] [1790990783.612139688] [bt_navigator]: Goal succeeded
[planner_server-14] [INFO] [1790990784.165107740] [global_costmap.global_costmap]: StaticLayer: Resizing costmap to 472 X 388 at 0.050000 m/pix
[waypoint_follower-18] [INFO] [1790990784.265974141] [waypoint_follower]: Succeeded processing waypoint 17, processing waypoint task execution
[waypoint_follower-18] [INFO] [1790990784.266007216] [waypoint_follower]: Arrived at 17'th waypoint, sleeping for 200 milliseconds
[waypoint_follower-18] [INFO] [1790990784.465568169] [waypoint_follower]: Task execution at waypoint 17 succeeded
[waypoint_follower-18] [INFO] [1790990784.465604070] [waypoint_follower]: Handled task execution on waypoint 17, moving to next.
[bt_navigator-17] [INFO] [1790990784.466345106] [bt_navigator]: Begin navigating from current location (1.96, -0.01) to (2.26, -0.01)
[controller_server-12] [INFO] [1790990784.487263190] [controller_server]: Received a goal, begin computing control effort.
[controller_server-12] [INFO] [1790990785.090478439] [controller_server]: Reached the goal!
[controller_server-12] [INFO] [1790990785.091093045] [controller_server]: Optimizer reset
[bt_navigator-17] [INFO] [1790990785.116629088] [bt_navigator]: Goal succeeded
[waypoint_follower-18] [INFO] [1790990785.769038500] [waypoint_follower]: Succeeded processing waypoint 18, processing waypoint task execution
[waypoint_follower-18] [INFO] [1790990785.769071505] [waypoint_follower]: Arrived at 18'th waypoint, sleeping for 200 milliseconds
[waypoint_follower-18] [INFO] [1790990785.968544045] [waypoint_follower]: Task execution at waypoint 18 succeeded
[waypoint_follower-18] [INFO] [1790990785.968598583] [waypoint_follower]: Handled task execution on waypoint 18, moving to next.
[bt_navigator-17] [INFO] [1790990785.968986530] [bt_navigator]: Begin navigating from current location (2.04, -0.01) to (2.43, -0.01)
[controller_server-12] [INFO] [1790990785.989498962] [controller_server]: Received a goal, begin computing control effort.
[controller_server-12] [INFO] [1790990786.992876893] [controller_server]: Reached the goal!
[controller_server-12] [INFO] [1790990786.993271363] [controller_server]: Optimizer reset
[bt_navigator-17] [INFO] [1790990787.019194662] [bt_navigator]: Goal succeeded
[controller_server-12] [INFO] [1790990787.502520549] [local_costmap.local_costmap]: StaticLayer: Resizing static layer to 478 X 389 at 0.050000 m/pix
[waypoint_follower-18] [INFO] [1790990787.672973155] [waypoint_follower]: Succeeded processing waypoint 19, processing waypoint task execution
[waypoint_follower-18] [INFO] [1790990787.673001962] [waypoint_follower]: Arrived at 19'th waypoint, sleeping for 200 milliseconds
[waypoint_follower-18] [INFO] [1790990787.873542449] [waypoint_follower]: Task execution at waypoint 19 succeeded
[waypoint_follower-18] [INFO] [1790990787.873581717] [waypoint_follower]: Handled task execution on waypoint 19, moving to next.
[bt_navigator-17] [INFO] [1790990787.873971839] [bt_navigator]: Begin navigating from current location (2.24, -0.01) to (2.55, -0.01)
[controller_server-12] [INFO] [1790990787.894444993] [controller_server]: Received a goal, begin computing control effort.
[planner_server-14] [INFO] [1790990788.165111883] [global_costmap.global_costmap]: StaticLayer: Resizing costmap to 478 X 389 at 0.050000 m/pix
[controller_server-12] [INFO] [1790990788.498695901] [controller_server]: Reached the goal!
[controller_server-12] [INFO] [1790990788.499087526] [controller_server]: Optimizer reset
[bt_navigator-17] [INFO] [1790990788.524190742] [bt_navigator]: Goal succeeded
[waypoint_follower-18] [INFO] [1790990789.177027800] [waypoint_follower]: Succeeded processing waypoint 20, processing waypoint task execution
[waypoint_follower-18] [INFO] [1790990789.177056787] [waypoint_follower]: Arrived at 20'th waypoint, sleeping for 200 milliseconds
[waypoint_follower-18] [INFO] [1790990789.376571037] [waypoint_follower]: Task execution at waypoint 20 succeeded
[waypoint_follower-18] [INFO] [1790990789.376606356] [waypoint_follower]: Handled task execution on waypoint 20, moving to next.
[bt_navigator-17] [INFO] [1790990789.377006839] [bt_navigator]: Begin navigating from current location (2.33, -0.01) to (2.69, -0.01)
[controller_server-12] [INFO] [1790990789.397501526] [controller_server]: Received a goal, begin computing control effort.
[controller_server-12] [INFO] [1790990790.250964059] [controller_server]: Reached the goal!
[controller_server-12] [INFO] [1790990790.251245906] [controller_server]: Optimizer reset
[bt_navigator-17] [INFO] [1790990790.277241970] [bt_navigator]: Goal succeeded
[controller_server-12] [INFO] [1790990790.502524024] [local_costmap.local_costmap]: StaticLayer: Resizing static layer to 484 X 390 at 0.050000 m/pix
[waypoint_follower-18] [INFO] [1790990790.930766127] [waypoint_follower]: Succeeded processing waypoint 21, processing waypoint task execution
[waypoint_follower-18] [INFO] [1790990790.930795014] [waypoint_follower]: Arrived at 21'th waypoint, sleeping for 200 milliseconds
[waypoint_follower-18] [INFO] [1790990791.129305160] [waypoint_follower]: Task execution at waypoint 21 succeeded
[waypoint_follower-18] [INFO] [1790990791.129340700] [waypoint_follower]: Handled task execution on waypoint 21, moving to next.
[bt_navigator-17] [INFO] [1790990791.129719760] [bt_navigator]: Begin navigating from current location (2.48, -0.01) to (3.00, 0.00)
[controller_server-12] [INFO] [1790990791.150173026] [controller_server]: Received a goal, begin computing control effort.
[planner_server-14] [INFO] [1790990791.165109735] [global_costmap.global_costmap]: StaticLayer: Resizing costmap to 484 X 390 at 0.050000 m/pix
[controller_server-12] [INFO] [1790990792.200296520] [controller_server]: Passing new path to controller.
[controller_server-12] [INFO] [1790990792.458344669] [controller_server]: Reached the goal!
[controller_server-12] [INFO] [1790990792.459338366] [controller_server]: Optimizer reset
[bt_navigator-17] [INFO] [1790990792.479962079] [bt_navigator]: Goal succeeded
[controller_server-12] [INFO] [1790990792.502515901] [local_costmap.local_costmap]: StaticLayer: Resizing static layer to 490 X 390 at 0.050000 m/pix
[waypoint_follower-18] [INFO] [1790990793.134699269] [waypoint_follower]: Succeeded processing waypoint 22, processing waypoint task execution
[waypoint_follower-18] [INFO] [1790990793.134739348] [waypoint_follower]: Arrived at 22'th waypoint, sleeping for 200 milliseconds
[planner_server-14] [INFO] [1790990793.165109149] [global_costmap.global_costmap]: StaticLayer: Resizing costmap to 490 X 390 at 0.050000 m/pix
[waypoint_follower-18] [INFO] [1790990793.334274998] [waypoint_follower]: Task execution at waypoint 22 succeeded
[waypoint_follower-18] [INFO] [1790990793.334313414] [waypoint_follower]: Handled task execution on waypoint 22, moving to next.
[bt_navigator-17] [INFO] [1790990793.334681532] [bt_navigator]: Begin navigating from current location (2.77, -0.01) to (2.75, -0.01)
[controller_server-12] [INFO] [1790990793.355180729] [controller_server]: Received a goal, begin computing control effort.
[controller_server-12] [INFO] [1790990793.358533985] [controller_server]: Reached the goal!
[controller_server-12] [INFO] [1790990793.358770232] [controller_server]: Optimizer reset
[bt_navigator-17] [INFO] [1790990793.384880784] [bt_navigator]: Goal succeeded
[controller_server-12] [INFO] [1790990793.502516066] [local_costmap.local_costmap]: StaticLayer: Resizing static layer to 493 X 392 at 0.050000 m/pix
[waypoint_follower-18] [INFO] [1790990793.735495669] [waypoint_follower]: Succeeded processing waypoint 23, processing waypoint task execution
[waypoint_follower-18] [INFO] [1790990793.735526670] [waypoint_follower]: Arrived at 23'th waypoint, sleeping for 200 milliseconds
[waypoint_follower-18] [INFO] [1790990793.934307055] [waypoint_follower]: Task execution at waypoint 23 succeeded
[waypoint_follower-18] [INFO] [1790990793.934340351] [waypoint_follower]: Handled task execution on waypoint 23, moving to next.
[bt_navigator-17] [INFO] [1790990793.934718779] [bt_navigator]: Begin navigating from current location (2.77, -0.01) to (2.74, -0.01)
[controller_server-12] [INFO] [1790990793.955212185] [controller_server]: Received a goal, begin computing control effort.
[controller_server-12] [INFO] [1790990793.958562274] [controller_server]: Reached the goal!
[controller_server-12] [INFO] [1790990793.958737511] [controller_server]: Optimizer reset
[bt_navigator-17] [INFO] [1790990793.984933922] [bt_navigator]: Goal succeeded
[planner_server-14] [INFO] [1790990794.165108999] [global_costmap.global_costmap]: StaticLayer: Resizing costmap to 493 X 392 at 0.050000 m/pix
[waypoint_follower-18] [INFO] [1790990794.335516467] [waypoint_follower]: Succeeded processing waypoint 24, processing waypoint task execution
[waypoint_follower-18] [INFO] [1790990794.335550143] [waypoint_follower]: Arrived at 24'th waypoint, sleeping for 200 milliseconds
[waypoint_follower-18] [INFO] [1790990794.534295059] [waypoint_follower]: Task execution at waypoint 24 succeeded
[waypoint_follower-18] [INFO] [1790990794.534329027] [waypoint_follower]: Handled task execution on waypoint 24, moving to next.
[bt_navigator-17] [INFO] [1790990794.534866190] [bt_navigator]: Begin navigating from current location (2.77, -0.01) to (2.74, -0.01)
[controller_server-12] [INFO] [1790990794.555409253] [controller_server]: Received a goal, begin computing control effort.
[controller_server-12] [INFO] [1790990795.309408792] [controller_server]: Reached the goal!
[controller_server-12] [INFO] [1790990795.309803423] [controller_server]: Optimizer reset
[bt_navigator-17] [INFO] [1790990795.335115625] [bt_navigator]: Goal succeeded
[waypoint_follower-18] [INFO] [1790990795.988037349] [waypoint_follower]: Succeeded processing waypoint 25, processing waypoint task execution
[waypoint_follower-18] [INFO] [1790990795.988065926] [waypoint_follower]: Arrived at 25'th waypoint, sleeping for 200 milliseconds
[waypoint_follower-18] [INFO] [1790990796.187287900] [waypoint_follower]: Task execution at waypoint 25 succeeded
[waypoint_follower-18] [INFO] [1790990796.187321326] [waypoint_follower]: Handled task execution on waypoint 25, moving to next.
[bt_navigator-17] [INFO] [1790990796.187702780] [bt_navigator]: Begin navigating from current location (2.76, -0.01) to (2.75, -0.01)
[controller_server-12] [INFO] [1790990796.208180415] [controller_server]: Received a goal, begin computing control effort.
[controller_server-12] [INFO] [1790990796.861585692] [controller_server]: Reached the goal!
[controller_server-12] [INFO] [1790990796.861797070] [controller_server]: Optimizer reset
[bt_navigator-17] [INFO] [1790990796.887886290] [bt_navigator]: Goal succeeded
[waypoint_follower-18] [INFO] [1790990797.540699680] [waypoint_follower]: Succeeded processing waypoint 26, processing waypoint task execution
[waypoint_follower-18] [INFO] [1790990797.540736423] [waypoint_follower]: Arrived at 26'th waypoint, sleeping for 200 milliseconds
[waypoint_follower-18] [INFO] [1790990797.741287359] [waypoint_follower]: Task execution at waypoint 26 succeeded
[waypoint_follower-18] [INFO] [1790990797.741326195] [waypoint_follower]: Handled task execution on waypoint 26, moving to next.
[bt_navigator-17] [INFO] [1790990797.742036812] [bt_navigator]: Begin navigating from current location (2.75, -0.01) to (2.76, -0.00)
[controller_server-12] [INFO] [1790990797.762529857] [controller_server]: Received a goal, begin computing control effort.
[controller_server-12] [INFO] [1790990798.766144753] [controller_server]: Reached the goal!
[controller_server-12] [INFO] [1790990798.766324418] [controller_server]: Optimizer reset
[bt_navigator-17] [INFO] [1790990798.792247880] [bt_navigator]: Goal succeeded
[waypoint_follower-18] [INFO] [1790990799.445611089] [waypoint_follower]: Succeeded processing waypoint 27, processing waypoint task execution
[waypoint_follower-18] [INFO] [1790990799.445645768] [waypoint_follower]: Arrived at 27'th waypoint, sleeping for 200 milliseconds
[waypoint_follower-18] [INFO] [1790990799.646305973] [waypoint_follower]: Task execution at waypoint 27 succeeded
[waypoint_follower-18] [INFO] [1790990799.646354860] [waypoint_follower]: Handled task execution on waypoint 27, moving to next.
[bt_navigator-17] [INFO] [1790990799.646748509] [bt_navigator]: Begin navigating from current location (2.76, -0.01) to (2.77, 0.00)
[controller_server-12] [INFO] [1790990799.667230914] [controller_server]: Received a goal, begin computing control effort.
[controller_server-12] [INFO] [1790990800.470901846] [controller_server]: Reached the goal!
[controller_server-12] [INFO] [1790990800.471077845] [controller_server]: Optimizer reset
[bt_navigator-17] [INFO] [1790990800.496976118] [bt_navigator]: Goal succeeded
[waypoint_follower-18] [INFO] [1790990801.150044933] [waypoint_follower]: Succeeded processing waypoint 28, processing waypoint task execution
[waypoint_follower-18] [INFO] [1790990801.150073760] [waypoint_follower]: Arrived at 28'th waypoint, sleeping for 200 milliseconds
[waypoint_follower-18] [INFO] [1790990801.350275081] [waypoint_follower]: Task execution at waypoint 28 succeeded
[waypoint_follower-18] [INFO] [1790990801.350315130] [waypoint_follower]: Handled task execution on waypoint 28, moving to next.
[bt_navigator-17] [INFO] [1790990801.350714781] [bt_navigator]: Begin navigating from current location (2.76, -0.00) to (2.77, 0.01)
[controller_server-12] [INFO] [1790990801.371138860] [controller_server]: Received a goal, begin computing control effort.
[controller_server-12] [INFO] [1790990802.025045148] [controller_server]: Reached the goal!
[controller_server-12] [INFO] [1790990802.025288018] [controller_server]: Optimizer reset
[bt_navigator-17] [INFO] [1790990802.050943782] [bt_navigator]: Goal succeeded
[waypoint_follower-18] [INFO] [1790990802.703770077] [waypoint_follower]: Succeeded processing waypoint 29, processing waypoint task execution
[waypoint_follower-18] [INFO] [1790990802.703799686] [waypoint_follower]: Arrived at 29'th waypoint, sleeping for 200 milliseconds
[waypoint_follower-18] [INFO] [1790990802.904303647] [waypoint_follower]: Task execution at waypoint 29 succeeded
[waypoint_follower-18] [INFO] [1790990802.904341742] [waypoint_follower]: Handled task execution on waypoint 29, moving to next.
[bt_navigator-17] [INFO] [1790990802.904713769] [bt_navigator]: Begin navigating from current location (2.77, 0.00) to (2.79, 0.04)
[controller_server-12] [INFO] [1790990802.925196244] [controller_server]: Received a goal, begin computing control effort.
[controller_server-12] [INFO] [1790990803.929489628] [controller_server]: Reached the goal!
[controller_server-12] [INFO] [1790990803.929712229] [controller_server]: Optimizer reset
[bt_navigator-17] [INFO] [1790990803.954911398] [bt_navigator]: Goal succeeded
[waypoint_follower-18] [INFO] [1790990804.608860357] [waypoint_follower]: Succeeded processing waypoint 30, processing waypoint task execution
[waypoint_follower-18] [INFO] [1790990804.608888282] [waypoint_follower]: Arrived at 30'th waypoint, sleeping for 200 milliseconds
[waypoint_follower-18] [INFO] [1790990804.809315555] [waypoint_follower]: Task execution at waypoint 30 succeeded
[waypoint_follower-18] [INFO] [1790990804.809358721] [waypoint_follower]: Handled task execution on waypoint 30, moving to next.
[bt_navigator-17] [INFO] [1790990804.809792209] [bt_navigator]: Begin navigating from current location (2.79, 0.02) to (2.80, 0.08)
[controller_server-12] [INFO] [1790990804.830328651] [controller_server]: Received a goal, begin computing control effort.
[controller_server-12] [INFO] [1790990805.583565038] [controller_server]: Reached the goal!
[controller_server-12] [INFO] [1790990805.583748311] [controller_server]: Optimizer reset
[bt_navigator-17] [INFO] [1790990805.610025715] [bt_navigator]: Goal succeeded
[waypoint_follower-18] [INFO] [1790990806.263240599] [waypoint_follower]: Succeeded processing waypoint 31, processing waypoint task execution
[waypoint_follower-18] [INFO] [1790990806.263268925] [waypoint_follower]: Arrived at 31'th waypoint, sleeping for 200 milliseconds
[waypoint_follower-18] [INFO] [1790990806.462290189] [waypoint_follower]: Task execution at waypoint 31 succeeded
[waypoint_follower-18] [INFO] [1790990806.462328425] [waypoint_follower]: Handled task execution on waypoint 31, moving to next.
[bt_navigator-17] [INFO] [1790990806.462708096] [bt_navigator]: Begin navigating from current location (2.81, 0.04) to (2.81, 0.17)
[controller_server-12] [INFO] [1790990806.483202626] [controller_server]: Received a goal, begin computing control effort.
[controller_server-12] [INFO] [1790990807.287167949] [controller_server]: Reached the goal!
[controller_server-12] [INFO] [1790990807.287430298] [controller_server]: Optimizer reset
[bt_navigator-17] [INFO] [1790990807.312929894] [bt_navigator]: Goal succeeded
[waypoint_follower-18] [INFO] [1790990807.966331166] [waypoint_follower]: Succeeded processing waypoint 32, processing waypoint task execution
[waypoint_follower-18] [INFO] [1790990807.966360133] [waypoint_follower]: Arrived at 32'th waypoint, sleeping for 200 milliseconds
[waypoint_follower-18] [INFO] [1790990808.166360327] [waypoint_follower]: Task execution at waypoint 32 succeeded
[waypoint_follower-18] [INFO] [1790990808.166394054] [waypoint_follower]: Handled task execution on waypoint 32, moving to next.
[bt_navigator-17] [INFO] [1790990808.166803995] [bt_navigator]: Begin navigating from current location (2.83, 0.09) to (2.84, 0.27)
[controller_server-12] [INFO] [1790990808.187249789] [controller_server]: Received a goal, begin computing control effort.
[controller_server-12] [INFO] [1790990808.991003986] [controller_server]: Reached the goal!
[controller_server-12] [INFO] [1790990808.991260273] [controller_server]: Optimizer reset
[bt_navigator-17] [INFO] [1790990809.017017910] [bt_navigator]: Goal succeeded
[controller_server-12] [INFO] [1790990809.502512623] [local_costmap.local_costmap]: StaticLayer: Resizing static layer to 500 X 392 at 0.050000 m/pix
[waypoint_follower-18] [INFO] [1790990809.670248966] [waypoint_follower]: Succeeded processing waypoint 33, processing waypoint task execution
[waypoint_follower-18] [INFO] [1790990809.670277693] [waypoint_follower]: Arrived at 33'th waypoint, sleeping for 200 milliseconds
[waypoint_follower-18] [INFO] [1790990809.870301025] [waypoint_follower]: Task execution at waypoint 33 succeeded
[waypoint_follower-18] [INFO] [1790990809.870341014] [waypoint_follower]: Handled task execution on waypoint 33, moving to next.
[bt_navigator-17] [INFO] [1790990809.870736186] [bt_navigator]: Begin navigating from current location (2.86, 0.15) to (2.84, 0.37)
[controller_server-12] [INFO] [1790990809.891144326] [controller_server]: Received a goal, begin computing control effort.
[planner_server-14] [INFO] [1790990810.165107543] [global_costmap.global_costmap]: StaticLayer: Resizing costmap to 500 X 392 at 0.050000 m/pix
[controller_server-12] [INFO] [1790990810.345430157] [controller_server]: Reached the goal!
[controller_server-12] [INFO] [1790990810.345668719] [controller_server]: Optimizer reset
[bt_navigator-17] [INFO] [1790990810.370919272] [bt_navigator]: Goal succeeded
[waypoint_follower-18] [INFO] [1790990811.023532331] [waypoint_follower]: Succeeded processing waypoint 34, processing waypoint task execution
[waypoint_follower-18] [INFO] [1790990811.023567200] [waypoint_follower]: Arrived at 34'th waypoint, sleeping for 200 milliseconds
[waypoint_follower-18] [INFO] [1790990811.223285252] [waypoint_follower]: Task execution at waypoint 34 succeeded
[waypoint_follower-18] [INFO] [1790990811.223323147] [waypoint_follower]: Handled task execution on waypoint 34, moving to next.
[bt_navigator-17] [INFO] [1790990811.223691696] [bt_navigator]: Begin navigating from current location (2.87, 0.18) to (2.82, 0.52)
[controller_server-12] [INFO] [1790990811.244144965] [controller_server]: Received a goal, begin computing control effort.
[controller_server-12] [INFO] [1790990812.049231731] [controller_server]: Reached the goal!
[controller_server-12] [INFO] [1790990812.049667403] [controller_server]: Optimizer reset
[bt_navigator-17] [INFO] [1790990812.073883079] [bt_navigator]: Goal succeeded
[waypoint_follower-18] [INFO] [1790990812.727177848] [waypoint_follower]: Succeeded processing waypoint 35, processing waypoint task execution
[waypoint_follower-18] [INFO] [1790990812.727212006] [waypoint_follower]: Arrived at 35'th waypoint, sleeping for 200 milliseconds
[waypoint_follower-18] [INFO] [1790990812.927767016] [waypoint_follower]: Task execution at waypoint 35 succeeded
[waypoint_follower-18] [INFO] [1790990812.927807987] [waypoint_follower]: Handled task execution on waypoint 35, moving to next.
[bt_navigator-17] [INFO] [1790990812.928194983] [bt_navigator]: Begin navigating from current location (2.88, 0.31) to (2.83, 0.63)
[controller_server-12] [INFO] [1790990812.948695816] [controller_server]: Received a goal, begin computing control effort.
[controller_server-12] [INFO] [1790990813.702818551] [controller_server]: Reached the goal!
[controller_server-12] [INFO] [1790990813.703212060] [controller_server]: Optimizer reset
[bt_navigator-17] [INFO] [1790990813.728417645] [bt_navigator]: Goal succeeded
[waypoint_follower-18] [INFO] [1790990814.381718164] [waypoint_follower]: Succeeded processing waypoint 36, processing waypoint task execution
[waypoint_follower-18] [INFO] [1790990814.381751751] [waypoint_follower]: Arrived at 36'th waypoint, sleeping for 200 milliseconds
[waypoint_follower-18] [INFO] [1790990814.580296696] [waypoint_follower]: Task execution at waypoint 36 succeeded
[waypoint_follower-18] [INFO] [1790990814.580336765] [waypoint_follower]: Handled task execution on waypoint 36, moving to next.
[bt_navigator-17] [INFO] [1790990814.580755965] [bt_navigator]: Begin navigating from current location (2.89, 0.42) to (2.84, 0.74)
[controller_server-12] [INFO] [1790990814.601302098] [controller_server]: Received a goal, begin computing control effort.
[controller_server-12] [INFO] [1790990815.305476378] [controller_server]: Reached the goal!
[controller_server-12] [INFO] [1790990815.306221823] [controller_server]: Optimizer reset
[bt_navigator-17] [INFO] [1790990815.330983319] [bt_navigator]: Goal succeeded
[waypoint_follower-18] [INFO] [1790990815.983905028] [waypoint_follower]: Succeeded processing waypoint 37, processing waypoint task execution
[waypoint_follower-18] [INFO] [1790990815.983946299] [waypoint_follower]: Arrived at 37'th waypoint, sleeping for 200 milliseconds
[waypoint_follower-18] [INFO] [1790990816.182301732] [waypoint_follower]: Task execution at waypoint 37 succeeded
[waypoint_follower-18] [INFO] [1790990816.182338956] [waypoint_follower]: Handled task execution on waypoint 37, moving to next.
[bt_navigator-17] [INFO] [1790990816.182716583] [bt_navigator]: Begin navigating from current location (2.89, 0.53) to (2.84, 0.85)
[controller_server-12] [INFO] [1790990816.203176797] [controller_server]: Received a goal, begin computing control effort.
[controller_server-12] [INFO] [1790990816.907695198] [controller_server]: Reached the goal!
[controller_server-12] [INFO] [1790990816.908189666] [controller_server]: Optimizer reset
[bt_navigator-17] [INFO] [1790990816.932904931] [bt_navigator]: Goal succeeded
[waypoint_follower-18] [INFO] [1790990817.585917199] [waypoint_follower]: Succeeded processing waypoint 38, processing waypoint task execution
[waypoint_follower-18] [INFO] [1790990817.585952920] [waypoint_follower]: Arrived at 38'th waypoint, sleeping for 200 milliseconds
[waypoint_follower-18] [INFO] [1790990817.784275279] [waypoint_follower]: Task execution at waypoint 38 succeeded
[waypoint_follower-18] [INFO] [1790990817.784312934] [waypoint_follower]: Handled task execution on waypoint 38, moving to next.
[bt_navigator-17] [INFO] [1790990817.785042979] [bt_navigator]: Begin navigating from current location (2.89, 0.63) to (2.83, 0.98)
[controller_server-12] [INFO] [1790990817.805571428] [controller_server]: Received a goal, begin computing control effort.
[controller_server-12] [INFO] [1790990818.611138410] [controller_server]: Reached the goal!
[controller_server-12] [INFO] [1790990818.611382723] [controller_server]: Optimizer reset
[bt_navigator-17] [INFO] [1790990818.635247686] [bt_navigator]: Goal succeeded
[waypoint_follower-18] [INFO] [1790990819.288490478] [waypoint_follower]: Succeeded processing waypoint 39, processing waypoint task execution
[waypoint_follower-18] [INFO] [1790990819.288521269] [waypoint_follower]: Arrived at 39'th waypoint, sleeping for 200 milliseconds
[waypoint_follower-18] [INFO] [1790990819.488288792] [waypoint_follower]: Task execution at waypoint 39 succeeded
[waypoint_follower-18] [INFO] [1790990819.488329683] [waypoint_follower]: Handled task execution on waypoint 39, moving to next.
[bt_navigator-17] [INFO] [1790990819.488719595] [bt_navigator]: Begin navigating from current location (2.89, 0.76) to (2.81, 1.10)
[controller_server-12] [INFO] [1790990819.509225860] [controller_server]: Received a goal, begin computing control effort.
[controller_server-12] [INFO] [1790990820.313288496] [controller_server]: Reached the goal!
[controller_server-12] [INFO] [1790990820.313502169] [controller_server]: Optimizer reset
[bt_navigator-17] [INFO] [1790990820.338935686] [bt_navigator]: Goal succeeded
[waypoint_follower-18] [INFO] [1790990820.992086676] [waypoint_follower]: Succeeded processing waypoint 40, processing waypoint task execution
[waypoint_follower-18] [INFO] [1790990820.992114741] [waypoint_follower]: Arrived at 40'th waypoint, sleeping for 200 milliseconds
[waypoint_follower-18] [INFO] [1790990821.192756638] [waypoint_follower]: Task execution at waypoint 40 succeeded
[waypoint_follower-18] [INFO] [1790990821.192789714] [waypoint_follower]: Handled task execution on waypoint 40, moving to next.
[bt_navigator-17] [INFO] [1790990821.193158784] [bt_navigator]: Begin navigating from current location (2.89, 0.89) to (2.81, 1.20)
[controller_server-12] [INFO] [1790990821.213688727] [controller_server]: Received a goal, begin computing control effort.
[controller_server-12] [INFO] [1790990821.917805091] [controller_server]: Reached the goal!
[controller_server-12] [INFO] [1790990821.918017241] [controller_server]: Optimizer reset
[bt_navigator-17] [INFO] [1790990821.943422343] [bt_navigator]: Goal succeeded
[waypoint_follower-18] [INFO] [1790990822.546209022] [waypoint_follower]: Succeeded processing waypoint 41, processing waypoint task execution
[waypoint_follower-18] [INFO] [1790990822.546238992] [waypoint_follower]: Arrived at 41'th waypoint, sleeping for 200 milliseconds
[waypoint_follower-18] [INFO] [1790990822.746281785] [waypoint_follower]: Task execution at waypoint 41 succeeded
[waypoint_follower-18] [INFO] [1790990822.746324639] [waypoint_follower]: Handled task execution on waypoint 41, moving to next.
[bt_navigator-17] [INFO] [1790990822.746704381] [bt_navigator]: Begin navigating from current location (2.89, 0.99) to (2.83, 1.35)
[controller_server-12] [INFO] [1790990822.767159536] [controller_server]: Received a goal, begin computing control effort.
[controller_server-12] [INFO] [1790990823.621247374] [controller_server]: Reached the goal!
[controller_server-12] [INFO] [1790990823.622802191] [controller_server]: Optimizer reset
[bt_navigator-17] [INFO] [1790990823.646888503] [bt_navigator]: Goal succeeded
[controller_server-12] [INFO] [1790990823.702516883] [local_costmap.local_costmap]: StaticLayer: Resizing static layer to 504 X 392 at 0.050000 m/pix
[planner_server-14] [INFO] [1790990824.165107894] [global_costmap.global_costmap]: StaticLayer: Resizing costmap to 504 X 392 at 0.050000 m/pix
[waypoint_follower-18] [INFO] [1790990824.300201202] [waypoint_follower]: Succeeded processing waypoint 42, processing waypoint task execution
[waypoint_follower-18] [INFO] [1790990824.300245169] [waypoint_follower]: Arrived at 42'th waypoint, sleeping for 200 milliseconds
[waypoint_follower-18] [INFO] [1790990824.498322375] [waypoint_follower]: Task execution at waypoint 42 succeeded
[waypoint_follower-18] [INFO] [1790990824.498362654] [waypoint_follower]: Handled task execution on waypoint 42, moving to next.
[bt_navigator-17] [INFO] [1790990824.498752295] [bt_navigator]: Begin navigating from current location (2.88, 1.13) to (2.82, 1.52)
[controller_server-12] [INFO] [1790990824.519175297] [controller_server]: Received a goal, begin computing control effort.
[controller_server-12] [INFO] [1790990825.473930681] [controller_server]: Reached the goal!
[controller_server-12] [INFO] [1790990825.474152880] [controller_server]: Optimizer reset
[bt_navigator-17] [INFO] [1790990825.498950239] [bt_navigator]: Goal succeeded
[waypoint_follower-18] [INFO] [1790990826.152567270] [waypoint_follower]: Succeeded processing waypoint 43, processing waypoint task execution
[waypoint_follower-18] [INFO] [1790990826.152597250] [waypoint_follower]: Arrived at 43'th waypoint, sleeping for 200 milliseconds
[waypoint_follower-18] [INFO] [1790990826.352295848] [waypoint_follower]: Task execution at waypoint 43 succeeded
[waypoint_follower-18] [INFO] [1790990826.352335406] [waypoint_follower]: Handled task execution on waypoint 43, moving to next.
[bt_navigator-17] [INFO] [1790990826.352730979] [bt_navigator]: Begin navigating from current location (2.85, 1.31) to (2.81, 1.68)
[controller_server-12] [INFO] [1790990826.373151135] [controller_server]: Received a goal, begin computing control effort.
[controller_server-12] [INFO] [1790990826.702513808] [local_costmap.local_costmap]: StaticLayer: Resizing static layer to 504 X 393 at 0.050000 m/pix
[planner_server-14] [INFO] [1790990827.165101865] [global_costmap.global_costmap]: StaticLayer: Resizing costmap to 504 X 393 at 0.050000 m/pix
[controller_server-12] [INFO] [1790990827.228412412] [controller_server]: Reached the goal!
[controller_server-12] [INFO] [1790990827.228657837] [controller_server]: Optimizer reset
[bt_navigator-17] [INFO] [1790990827.252957141] [bt_navigator]: Goal succeeded
[waypoint_follower-18] [INFO] [1790990827.906275641] [waypoint_follower]: Succeeded processing waypoint 44, processing waypoint task execution
[waypoint_follower-18] [INFO] [1790990827.906328024] [waypoint_follower]: Arrived at 44'th waypoint, sleeping for 200 milliseconds
[waypoint_follower-18] [INFO] [1790990828.104305759] [waypoint_follower]: Task execution at waypoint 44 succeeded
[waypoint_follower-18] [INFO] [1790990828.104344817] [waypoint_follower]: Handled task execution on waypoint 44, moving to next.
[bt_navigator-17] [INFO] [1790990828.104712374] [bt_navigator]: Begin navigating from current location (2.86, 1.46) to (2.82, 1.80)
[controller_server-12] [INFO] [1790990828.125169023] [controller_server]: Received a goal, begin computing control effort.
[controller_server-12] [INFO] [1790990828.929174183] [controller_server]: Reached the goal!
[controller_server-12] [INFO] [1790990828.929444618] [controller_server]: Optimizer reset
[bt_navigator-17] [INFO] [1790990828.954913467] [bt_navigator]: Goal succeeded
[waypoint_follower-18] [INFO] [1790990829.608410561] [waypoint_follower]: Succeeded processing waypoint 45, processing waypoint task execution
[waypoint_follower-18] [INFO] [1790990829.608451752] [waypoint_follower]: Arrived at 45'th waypoint, sleeping for 200 milliseconds
[waypoint_follower-18] [INFO] [1790990829.808656507] [waypoint_follower]: Task execution at waypoint 45 succeeded
[waypoint_follower-18] [INFO] [1790990829.808701116] [waypoint_follower]: Handled task execution on waypoint 45, moving to next.
[bt_navigator-17] [INFO] [1790990829.809128792] [bt_navigator]: Begin navigating from current location (2.86, 1.59) to (2.82, 1.92)
[controller_server-12] [INFO] [1790990829.829619870] [controller_server]: Received a goal, begin computing control effort.
[controller_server-12] [INFO] [1790990830.584633976] [controller_server]: Reached the goal!
[controller_server-12] [INFO] [1790990830.584908339] [controller_server]: Optimizer reset
[bt_navigator-17] [INFO] [1790990830.609396868] [bt_navigator]: Goal succeeded
[waypoint_follower-18] [INFO] [1790990831.262468157] [waypoint_follower]: Succeeded processing waypoint 46, processing waypoint task execution
[waypoint_follower-18] [INFO] [1790990831.262499940] [waypoint_follower]: Arrived at 46'th waypoint, sleeping for 200 milliseconds
[waypoint_follower-18] [INFO] [1790990831.461257504] [waypoint_follower]: Task execution at waypoint 46 succeeded
[waypoint_follower-18] [INFO] [1790990831.461297703] [waypoint_follower]: Handled task execution on waypoint 46, moving to next.
[bt_navigator-17] [INFO] [1790990831.461682455] [bt_navigator]: Begin navigating from current location (2.87, 1.70) to (2.84, 2.04)
[controller_server-12] [INFO] [1790990831.482138092] [controller_server]: Received a goal, begin computing control effort.
[controller_server-12] [INFO] [1790990832.286116882] [controller_server]: Reached the goal!
[controller_server-12] [INFO] [1790990832.286360324] [controller_server]: Optimizer reset
[bt_navigator-17] [INFO] [1790990832.311904032] [bt_navigator]: Goal succeeded
[waypoint_follower-18] [INFO] [1790990832.965215816] [waypoint_follower]: Succeeded processing waypoint 47, processing waypoint task execution
[waypoint_follower-18] [INFO] [1790990832.965243921] [waypoint_follower]: Arrived at 47'th waypoint, sleeping for 200 milliseconds
[waypoint_follower-18] [INFO] [1790990833.165310990] [waypoint_follower]: Task execution at waypoint 47 succeeded
[waypoint_follower-18] [INFO] [1790990833.165352683] [waypoint_follower]: Handled task execution on waypoint 47, moving to next.
[bt_navigator-17] [INFO] [1790990833.165737114] [bt_navigator]: Begin navigating from current location (2.87, 1.83) to (2.84, 2.16)
[controller_server-12] [INFO] [1790990833.186146169] [controller_server]: Received a goal, begin computing control effort.
[controller_server-12] [INFO] [1790990833.939834932] [controller_server]: Reached the goal!
[controller_server-12] [INFO] [1790990833.940229223] [controller_server]: Optimizer reset
[bt_navigator-17] [INFO] [1790990833.965944991] [bt_navigator]: Goal succeeded
[waypoint_follower-18] [INFO] [1790990834.619089053] [waypoint_follower]: Succeeded processing waypoint 48, processing waypoint task execution
[waypoint_follower-18] [INFO] [1790990834.619118321] [waypoint_follower]: Arrived at 48'th waypoint, sleeping for 200 milliseconds
[waypoint_follower-18] [INFO] [1790990834.818324799] [waypoint_follower]: Task execution at waypoint 48 succeeded
[waypoint_follower-18] [INFO] [1790990834.818360660] [waypoint_follower]: Handled task execution on waypoint 48, moving to next.
[bt_navigator-17] [INFO] [1790990834.818768106] [bt_navigator]: Begin navigating from current location (2.88, 1.95) to (2.84, 2.29)
[controller_server-12] [INFO] [1790990834.839294243] [controller_server]: Received a goal, begin computing control effort.
[controller_server-12] [INFO] [1790990835.644884686] [controller_server]: Reached the goal!
[controller_server-12] [INFO] [1790990835.645138028] [controller_server]: Optimizer reset
[bt_navigator-17] [INFO] [1790990835.668979738] [bt_navigator]: Goal succeeded
[waypoint_follower-18] [INFO] [1790990836.322385286] [waypoint_follower]: Succeeded processing waypoint 49, processing waypoint task execution
[waypoint_follower-18] [INFO] [1790990836.322417820] [waypoint_follower]: Arrived at 49'th waypoint, sleeping for 200 milliseconds
[waypoint_follower-18] [INFO] [1790990836.522284638] [waypoint_follower]: Task execution at waypoint 49 succeeded
[waypoint_follower-18] [INFO] [1790990836.522328274] [waypoint_follower]: Handled task execution on waypoint 49, moving to next.
[bt_navigator-17] [INFO] [1790990836.522731142] [bt_navigator]: Begin navigating from current location (2.89, 2.07) to (2.86, 2.44)
[controller_server-12] [INFO] [1790990836.543165527] [controller_server]: Received a goal, begin computing control effort.
[controller_server-12] [INFO] [1790990837.447033293] [controller_server]: Reached the goal!
[controller_server-12] [INFO] [1790990837.447401813] [controller_server]: Optimizer reset
[bt_navigator-17] [INFO] [1790990837.472920783] [bt_navigator]: Goal succeeded
[waypoint_follower-18] [INFO] [1790990838.126494994] [waypoint_follower]: Succeeded processing waypoint 50, processing waypoint task execution
[waypoint_follower-18] [INFO] [1790990838.126523380] [waypoint_follower]: Arrived at 50'th waypoint, sleeping for 200 milliseconds
[waypoint_follower-18] [INFO] [1790990838.325302658] [waypoint_follower]: Task execution at waypoint 50 succeeded
[waypoint_follower-18] [INFO] [1790990838.325352517] [waypoint_follower]: Handled task execution on waypoint 50, moving to next.
[bt_navigator-17] [INFO] [1790990838.325748601] [bt_navigator]: Begin navigating from current location (2.91, 2.22) to (2.89, 2.56)
[controller_server-12] [INFO] [1790990838.346157317] [controller_server]: Received a goal, begin computing control effort.
[controller_server-12] [INFO] [1790990839.099983023] [controller_server]: Reached the goal!
[controller_server-12] [INFO] [1790990839.100192397] [controller_server]: Optimizer reset
[bt_navigator-17] [INFO] [1790990839.125981692] [bt_navigator]: Goal succeeded
[controller_server-12] [INFO] [1790990839.702518801] [local_costmap.local_costmap]: StaticLayer: Resizing static layer to 507 X 393 at 0.050000 m/pix
[waypoint_follower-18] [INFO] [1790990839.779120551] [waypoint_follower]: Succeeded processing waypoint 51, processing waypoint task execution
[waypoint_follower-18] [INFO] [1790990839.779161512] [waypoint_follower]: Arrived at 51'th waypoint, sleeping for 200 milliseconds
[waypoint_follower-18] [INFO] [1790990839.978291817] [waypoint_follower]: Task execution at waypoint 51 succeeded
[waypoint_follower-18] [INFO] [1790990839.978329602] [waypoint_follower]: Handled task execution on waypoint 51, moving to next.
[bt_navigator-17] [INFO] [1790990839.978709945] [bt_navigator]: Begin navigating from current location (2.91, 2.33) to (2.89, 2.66)
[controller_server-12] [INFO] [1790990839.999136446] [controller_server]: Received a goal, begin computing control effort.
[planner_server-14] [INFO] [1790990840.165079423] [global_costmap.global_costmap]: StaticLayer: Resizing costmap to 507 X 393 at 0.050000 m/pix
[controller_server-12] [INFO] [1790990840.703439551] [controller_server]: Reached the goal!
[controller_server-12] [INFO] [1790990840.703629888] [controller_server]: Optimizer reset
[bt_navigator-17] [INFO] [1790990840.728968181] [bt_navigator]: Goal succeeded
[waypoint_follower-18] [INFO] [1790990841.381971189] [waypoint_follower]: Succeeded processing waypoint 52, processing waypoint task execution
[waypoint_follower-18] [INFO] [1790990841.382007441] [waypoint_follower]: Arrived at 52'th waypoint, sleeping for 200 milliseconds
[waypoint_follower-18] [INFO] [1790990841.580307456] [waypoint_follower]: Task execution at waypoint 52 succeeded
[waypoint_follower-18] [INFO] [1790990841.580353828] [waypoint_follower]: Handled task execution on waypoint 52, moving to next.
[bt_navigator-17] [INFO] [1790990841.580716095] [bt_navigator]: Begin navigating from current location (2.92, 2.43) to (3.00, 3.00)
[controller_server-12] [INFO] [1790990841.601169499] [controller_server]: Received a goal, begin computing control effort.
[controller_server-12] [INFO] [1790990842.651297413] [controller_server]: Passing new path to controller.
[controller_server-12] [INFO] [1790990842.705033817] [local_costmap.local_costmap]: StaticLayer: Resizing static layer to 513 X 393 at 0.050000 m/pix
[controller_server-12] [INFO] [1790990843.155077796] [controller_server]: Reached the goal!
[controller_server-12] [INFO] [1790990843.155314745] [controller_server]: Optimizer reset
[planner_server-14] [INFO] [1790990843.165121686] [global_costmap.global_costmap]: StaticLayer: Resizing costmap to 513 X 393 at 0.050000 m/pix
[bt_navigator-17] [INFO] [1790990843.180919305] [bt_navigator]: Goal succeeded
[controller_server-12] [INFO] [1790990843.702513661] [local_costmap.local_costmap]: StaticLayer: Resizing static layer to 517 X 393 at 0.050000 m/pix
[waypoint_follower-18] [INFO] [1790990843.835974208] [waypoint_follower]: Succeeded processing waypoint 53, processing waypoint task execution
[waypoint_follower-18] [INFO] [1790990843.836004788] [waypoint_follower]: Arrived at 53'th waypoint, sleeping for 200 milliseconds
[waypoint_follower-18] [INFO] [1790990844.034290398] [waypoint_follower]: Task execution at waypoint 53 succeeded
[waypoint_follower-18] [INFO] [1790990844.034330888] [waypoint_follower]: Handled task execution on waypoint 53, moving to next.
[bt_navigator-17] [INFO] [1790990844.034747463] [bt_navigator]: Begin navigating from current location (2.95, 2.79) to (2.91, 2.80)
[controller_server-12] [INFO] [1790990844.055234113] [controller_server]: Received a goal, begin computing control effort.
[controller_server-12] [INFO] [1790990844.059446952] [controller_server]: Reached the goal!
[controller_server-12] [INFO] [1790990844.059658621] [controller_server]: Optimizer reset
[bt_navigator-17] [INFO] [1790990844.084954882] [bt_navigator]: Goal succeeded
[planner_server-14] [INFO] [1790990844.165104938] [global_costmap.global_costmap]: StaticLayer: Resizing costmap to 517 X 393 at 0.050000 m/pix
[waypoint_follower-18] [INFO] [1790990844.435525581] [waypoint_follower]: Succeeded processing waypoint 54, processing waypoint task execution
[waypoint_follower-18] [INFO] [1790990844.435553717] [waypoint_follower]: Arrived at 54'th waypoint, sleeping for 200 milliseconds
[waypoint_follower-18] [INFO] [1790990844.634304298] [waypoint_follower]: Task execution at waypoint 54 succeeded
[waypoint_follower-18] [INFO] [1790990844.634341282] [waypoint_follower]: Handled task execution on waypoint 54, moving to next.
[bt_navigator-17] [INFO] [1790990844.634735051] [bt_navigator]: Begin navigating from current location (2.95, 2.79) to (2.90, 2.74)
[controller_server-12] [INFO] [1790990844.655228425] [controller_server]: Received a goal, begin computing control effort.
[controller_server-12] [INFO] [1790990844.659712280] [controller_server]: Reached the goal!
[controller_server-12] [INFO] [1790990844.659898920] [controller_server]: Optimizer reset
[bt_navigator-17] [INFO] [1790990844.684943703] [bt_navigator]: Goal succeeded
[waypoint_follower-18] [INFO] [1790990845.035573690] [waypoint_follower]: Succeeded processing waypoint 55, processing waypoint task execution
[waypoint_follower-18] [INFO] [1790990845.035607838] [waypoint_follower]: Arrived at 55'th waypoint, sleeping for 200 milliseconds
[waypoint_follower-18] [INFO] [1790990845.234298462] [waypoint_follower]: Task execution at waypoint 55 succeeded
[waypoint_follower-18] [INFO] [1790990845.234329895] [waypoint_follower]: Handled task execution on waypoint 55, moving to next.
[bt_navigator-17] [INFO] [1790990845.234861757] [bt_navigator]: Begin navigating from current location (2.95, 2.79) to (2.90, 2.73)
[controller_server-12] [INFO] [1790990845.255327958] [controller_server]: Received a goal, begin computing control effort.
[controller_server-12] [INFO] [1790990845.259790020] [controller_server]: Reached the goal!
[controller_server-12] [INFO] [1790990845.260265070] [controller_server]: Optimizer reset
[bt_navigator-17] [INFO] [1790990845.285022344] [bt_navigator]: Goal succeeded
[waypoint_follower-18] [INFO] [1790990845.635460004] [waypoint_follower]: Succeeded processing waypoint 56, processing waypoint task execution
[waypoint_follower-18] [INFO] [1790990845.635488470] [waypoint_follower]: Arrived at 56'th waypoint, sleeping for 200 milliseconds
[waypoint_follower-18] [INFO] [1790990845.834540890] [waypoint_follower]: Task execution at waypoint 56 succeeded
[waypoint_follower-18] [INFO] [1790990845.834574216] [waypoint_follower]: Handled task execution on waypoint 56, moving to next.
[bt_navigator-17] [INFO] [1790990845.835042263] [bt_navigator]: Begin navigating from current location (2.95, 2.79) to (2.90, 2.73)
[controller_server-12] [INFO] [1790990845.855527922] [controller_server]: Received a goal, begin computing control effort.
[controller_server-12] [INFO] [1790990846.611130291] [controller_server]: Reached the goal!
[controller_server-12] [INFO] [1790990846.611467389] [controller_server]: Optimizer reset
[bt_navigator-17] [INFO] [1790990846.635319141] [bt_navigator]: Goal succeeded
[waypoint_follower-18] [INFO] [1790990847.288337951] [waypoint_follower]: Succeeded processing waypoint 57, processing waypoint task execution
[waypoint_follower-18] [INFO] [1790990847.288367940] [waypoint_follower]: Arrived at 57'th waypoint, sleeping for 200 milliseconds
[waypoint_follower-18] [INFO] [1790990847.487295928] [waypoint_follower]: Task execution at waypoint 57 succeeded
[waypoint_follower-18] [INFO] [1790990847.487342390] [waypoint_follower]: Handled task execution on waypoint 57, moving to next.
[bt_navigator-17] [INFO] [1790990847.487699326] [bt_navigator]: Begin navigating from current location (2.95, 2.76) to (2.89, 2.74)
[controller_server-12] [INFO] [1790990847.508172421] [controller_server]: Received a goal, begin computing control effort.
[controller_server-12] [INFO] [1790990848.412606037] [controller_server]: Reached the goal!
[controller_server-12] [INFO] [1790990848.413242637] [controller_server]: Optimizer reset
[bt_navigator-17] [INFO] [1790990848.437904012] [bt_navigator]: Goal succeeded
[waypoint_follower-18] [INFO] [1790990849.091371229] [waypoint_follower]: Succeeded processing waypoint 58, processing waypoint task execution
[waypoint_follower-18] [INFO] [1790990849.091398783] [waypoint_follower]: Arrived at 58'th waypoint, sleeping for 200 milliseconds
[waypoint_follower-18] [INFO] [1790990849.290344409] [waypoint_follower]: Task execution at waypoint 58 succeeded
[waypoint_follower-18] [INFO] [1790990849.290382805] [waypoint_follower]: Handled task execution on waypoint 58, moving to next.
[bt_navigator-17] [INFO] [1790990849.290741505] [bt_navigator]: Begin navigating from current location (2.95, 2.74) to (2.89, 2.75)
[controller_server-12] [INFO] [1790990849.311219048] [controller_server]: Received a goal, begin computing control effort.
[controller_server-12] [INFO] [1790990850.166280469] [controller_server]: Reached the goal!
[controller_server-12] [INFO] [1790990850.166536015] [controller_server]: Optimizer reset
[bt_navigator-17] [INFO] [1790990850.190949028] [bt_navigator]: Goal succeeded
[waypoint_follower-18] [INFO] [1790990850.844320295] [waypoint_follower]: Succeeded processing waypoint 59, processing waypoint task execution
[waypoint_follower-18] [INFO] [1790990850.844356276] [waypoint_follower]: Arrived at 59'th waypoint, sleeping for 200 milliseconds
[waypoint_follower-18] [INFO] [1790990851.045271563] [waypoint_follower]: Task execution at waypoint 59 succeeded
[waypoint_follower-18] [INFO] [1790990851.045303797] [waypoint_follower]: Handled task execution on waypoint 59, moving to next.
[bt_navigator-17] [INFO] [1790990851.045655523] [bt_navigator]: Begin navigating from current location (2.95, 2.75) to (2.88, 2.75)
[controller_server-12] [INFO] [1790990851.066082055] [controller_server]: Received a goal, begin computing control effort.
[controller_server-12] [INFO] [1790990851.821474060] [controller_server]: Reached the goal!
[controller_server-12] [INFO] [1790990851.821709196] [controller_server]: Optimizer reset
[bt_navigator-17] [INFO] [1790990851.845841063] [bt_navigator]: Goal succeeded
[waypoint_follower-18] [INFO] [1790990852.498893598] [waypoint_follower]: Succeeded processing waypoint 60, processing waypoint task execution
[waypoint_follower-18] [INFO] [1790990852.498929208] [waypoint_follower]: Arrived at 60'th waypoint, sleeping for 200 milliseconds
[waypoint_follower-18] [INFO] [1790990852.698316182] [waypoint_follower]: Task execution at waypoint 60 succeeded
[waypoint_follower-18] [INFO] [1790990852.698347655] [waypoint_follower]: Handled task execution on waypoint 60, moving to next.
[bt_navigator-17] [INFO] [1790990852.698714340] [bt_navigator]: Begin navigating from current location (2.94, 2.76) to (2.87, 2.76)
[controller_server-12] [INFO] [1790990852.719200101] [controller_server]: Received a goal, begin computing control effort.
[controller_server-12] [INFO] [1790990853.373760415] [controller_server]: Reached the goal!
[controller_server-12] [INFO] [1790990853.374355392] [controller_server]: Optimizer reset
[bt_navigator-17] [INFO] [1790990853.398906991] [bt_navigator]: Goal succeeded
[waypoint_follower-18] [INFO] [1790990854.051826259] [waypoint_follower]: Succeeded processing waypoint 61, processing waypoint task execution
[waypoint_follower-18] [INFO] [1790990854.051866799] [waypoint_follower]: Arrived at 61'th waypoint, sleeping for 200 milliseconds
[waypoint_follower-18] [INFO] [1790990854.252309636] [waypoint_follower]: Task execution at waypoint 61 succeeded
[waypoint_follower-18] [INFO] [1790990854.252348142] [waypoint_follower]: Handled task execution on waypoint 61, moving to next.
[bt_navigator-17] [INFO] [1790990854.252768364] [bt_navigator]: Begin navigating from current location (2.94, 2.77) to (2.86, 2.77)
[controller_server-12] [INFO] [1790990854.273224696] [controller_server]: Received a goal, begin computing control effort.
[controller_server-12] [INFO] [1790990854.927859936] [controller_server]: Reached the goal!
[controller_server-12] [INFO] [1790990854.928072938] [controller_server]: Optimizer reset
[bt_navigator-17] [INFO] [1790990854.952985420] [bt_navigator]: Goal succeeded
[waypoint_follower-18] [INFO] [1790990855.605956992] [waypoint_follower]: Succeeded processing waypoint 62, processing waypoint task execution
[waypoint_follower-18] [INFO] [1790990855.605988734] [waypoint_follower]: Arrived at 62'th waypoint, sleeping for 200 milliseconds
[waypoint_follower-18] [INFO] [1790990855.806314481] [waypoint_follower]: Task execution at waypoint 62 succeeded
[waypoint_follower-18] [INFO] [1790990855.806349921] [waypoint_follower]: Handled task execution on waypoint 62, moving to next.
[bt_navigator-17] [INFO] [1790990855.806942394] [bt_navigator]: Begin navigating from current location (2.92, 2.79) to (2.81, 2.80)
[controller_server-12] [INFO] [1790990855.827464827] [controller_server]: Received a goal, begin computing control effort.
[controller_server-12] [INFO] [1790990856.877605887] [controller_server]: Passing new path to controller.
[controller_server-12] [INFO] [1790990856.981886427] [controller_server]: Reached the goal!
[controller_server-12] [INFO] [1790990856.982344965] [controller_server]: Optimizer reset
[bt_navigator-17] [INFO] [1790990857.007174564] [bt_navigator]: Goal succeeded
[waypoint_follower-18] [INFO] [1790990857.661800190] [waypoint_follower]: Succeeded processing waypoint 63, processing waypoint task execution
[waypoint_follower-18] [INFO] [1790990857.661830791] [waypoint_follower]: Arrived at 63'th waypoint, sleeping for 200 milliseconds
[waypoint_follower-18] [INFO] [1790990857.861282781] [waypoint_follower]: Task execution at waypoint 63 succeeded
[waypoint_follower-18] [INFO] [1790990857.861334464] [waypoint_follower]: Handled task execution on waypoint 63, moving to next.
[bt_navigator-17] [INFO] [1790990857.861698604] [bt_navigator]: Begin navigating from current location (2.88, 2.82) to (2.77, 2.81)
[controller_server-12] [INFO] [1790990857.882153645] [controller_server]: Received a goal, begin computing control effort.
[controller_server-12] [INFO] [1790990858.337301552] [controller_server]: Reached the goal!
[controller_server-12] [INFO] [1790990858.337553270] [controller_server]: Optimizer reset
[bt_navigator-17] [INFO] [1790990858.361918481] [bt_navigator]: Goal succeeded
[waypoint_follower-18] [INFO] [1790990859.014363395] [waypoint_follower]: Succeeded processing waypoint 64, processing waypoint task execution
[waypoint_follower-18] [INFO] [1790990859.014390459] [waypoint_follower]: Arrived at 64'th waypoint, sleeping for 200 milliseconds
[waypoint_follower-18] [INFO] [1790990859.214645923] [waypoint_follower]: Task execution at waypoint 64 succeeded
[waypoint_follower-18] [INFO] [1790990859.214681824] [waypoint_follower]: Handled task execution on waypoint 64, moving to next.
[bt_navigator-17] [INFO] [1790990859.215134961] [bt_navigator]: Begin navigating from current location (2.87, 2.83) to (2.66, 2.84)
[controller_server-12] [INFO] [1790990859.235620241] [controller_server]: Received a goal, begin computing control effort.
[controller_server-12] [INFO] [1790990860.139884155] [controller_server]: Reached the goal!
[controller_server-12] [INFO] [1790990860.141176474] [controller_server]: Optimizer reset
[bt_navigator-17] [INFO] [1790990860.165397589] [bt_navigator]: Goal succeeded
[waypoint_follower-18] [INFO] [1790990860.818903715] [waypoint_follower]: Succeeded processing waypoint 65, processing waypoint task execution
[waypoint_follower-18] [INFO] [1790990860.818940698] [waypoint_follower]: Arrived at 65'th waypoint, sleeping for 200 milliseconds
[waypoint_follower-18] [INFO] [1790990861.017288357] [waypoint_follower]: Task execution at waypoint 65 succeeded
[waypoint_follower-18] [INFO] [1790990861.017325631] [waypoint_follower]: Handled task execution on waypoint 65, moving to next.
[bt_navigator-17] [INFO] [1790990861.017767646] [bt_navigator]: Begin navigating from current location (2.80, 2.87) to (2.57, 2.85)
[controller_server-12] [INFO] [1790990861.038249009] [controller_server]: Received a goal, begin computing control effort.
[controller_server-12] [INFO] [1790990861.642885261] [controller_server]: Reached the goal!
[controller_server-12] [INFO] [1790990861.643154334] [controller_server]: Optimizer reset
[bt_navigator-17] [INFO] [1790990861.667973994] [bt_navigator]: Goal succeeded
[waypoint_follower-18] [INFO] [1790990862.320738870] [waypoint_follower]: Succeeded processing waypoint 66, processing waypoint task execution
[waypoint_follower-18] [INFO] [1790990862.320768057] [waypoint_follower]: Arrived at 66'th waypoint, sleeping for 200 milliseconds
[waypoint_follower-18] [INFO] [1790990862.520327158] [waypoint_follower]: Task execution at waypoint 66 succeeded
[waypoint_follower-18] [INFO] [1790990862.520365594] [waypoint_follower]: Handled task execution on waypoint 66, moving to next.
[bt_navigator-17] [INFO] [1790990862.520767860] [bt_navigator]: Begin navigating from current location (2.75, 2.88) to (2.45, 2.85)
[controller_server-12] [INFO] [1790990862.541274814] [controller_server]: Received a goal, begin computing control effort.
[controller_server-12] [INFO] [1790990863.095380255] [controller_server]: Reached the goal!
[controller_server-12] [INFO] [1790990863.095573778] [controller_server]: Optimizer reset
[bt_navigator-17] [INFO] [1790990863.121047794] [bt_navigator]: Goal succeeded
[waypoint_follower-18] [INFO] [1790990863.773640587] [waypoint_follower]: Succeeded processing waypoint 67, processing waypoint task execution
[waypoint_follower-18] [INFO] [1790990863.773671148] [waypoint_follower]: Arrived at 67'th waypoint, sleeping for 200 milliseconds
[waypoint_follower-18] [INFO] [1790990863.972253005] [waypoint_follower]: Task execution at waypoint 67 succeeded
[waypoint_follower-18] [INFO] [1790990863.972291181] [waypoint_follower]: Handled task execution on waypoint 67, moving to next.
[bt_navigator-17] [INFO] [1790990863.972680992] [bt_navigator]: Begin navigating from current location (2.67, 2.90) to (2.32, 2.85)
[controller_server-12] [INFO] [1790990863.993144180] [controller_server]: Received a goal, begin computing control effort.
[controller_server-12] [INFO] [1790990864.896856907] [controller_server]: Reached the goal!
[controller_server-12] [INFO] [1790990864.897091762] [controller_server]: Optimizer reset
[bt_navigator-17] [INFO] [1790990864.922909990] [bt_navigator]: Goal succeeded
[waypoint_follower-18] [INFO] [1790990865.576639643] [waypoint_follower]: Succeeded processing waypoint 68, processing waypoint task execution
[waypoint_follower-18] [INFO] [1790990865.576669963] [waypoint_follower]: Arrived at 68'th waypoint, sleeping for 200 milliseconds
[waypoint_follower-18] [INFO] [1790990865.775270750] [waypoint_follower]: Task execution at waypoint 68 succeeded
[waypoint_follower-18] [INFO] [1790990865.775309437] [waypoint_follower]: Handled task execution on waypoint 68, moving to next.
[bt_navigator-17] [INFO] [1790990865.775694008] [bt_navigator]: Begin navigating from current location (2.53, 2.91) to (2.22, 2.85)
[controller_server-12] [INFO] [1790990865.796185552] [controller_server]: Received a goal, begin computing control effort.
[controller_server-12] [INFO] [1790990866.450025217] [controller_server]: Reached the goal!
[controller_server-12] [INFO] [1790990866.450227848] [controller_server]: Optimizer reset
[bt_navigator-17] [INFO] [1790990866.475893554] [bt_navigator]: Goal succeeded
[waypoint_follower-18] [INFO] [1790990867.128836146] [waypoint_follower]: Succeeded processing waypoint 69, processing waypoint task execution
[waypoint_follower-18] [INFO] [1790990867.128866015] [waypoint_follower]: Arrived at 69'th waypoint, sleeping for 200 milliseconds
[waypoint_follower-18] [INFO] [1790990867.329269855] [waypoint_follower]: Task execution at waypoint 69 succeeded
[waypoint_follower-18] [INFO] [1790990867.329325004] [waypoint_follower]: Handled task execution on waypoint 69, moving to next.
[bt_navigator-17] [INFO] [1790990867.329912798] [bt_navigator]: Begin navigating from current location (2.44, 2.91) to (2.12, 2.86)
[controller_server-12] [INFO] [1790990867.350422909] [controller_server]: Received a goal, begin computing control effort.
[controller_server-12] [INFO] [1790990868.103731344] [controller_server]: Reached the goal!
[controller_server-12] [INFO] [1790990868.104016749] [controller_server]: Optimizer reset
[bt_navigator-17] [INFO] [1790990868.130149571] [bt_navigator]: Goal succeeded
[waypoint_follower-18] [INFO] [1790990868.783084195] [waypoint_follower]: Succeeded processing waypoint 70, processing waypoint task execution
[waypoint_follower-18] [INFO] [1790990868.783114525] [waypoint_follower]: Arrived at 70'th waypoint, sleeping for 200 milliseconds
[waypoint_follower-18] [INFO] [1790990868.982276309] [waypoint_follower]: Task execution at waypoint 70 succeeded
[waypoint_follower-18] [INFO] [1790990868.982312170] [waypoint_follower]: Handled task execution on waypoint 70, moving to next.
[bt_navigator-17] [INFO] [1790990868.982708284] [bt_navigator]: Begin navigating from current location (2.31, 2.92) to (2.01, 2.86)
[controller_server-12] [INFO] [1790990869.003189758] [controller_server]: Received a goal, begin computing control effort.
[controller_server-12] [INFO] [1790990869.607432449] [controller_server]: Reached the goal!
[controller_server-12] [INFO] [1790990869.607807932] [controller_server]: Optimizer reset
[bt_navigator-17] [INFO] [1790990869.632912528] [bt_navigator]: Goal succeeded
[waypoint_follower-18] [INFO] [1790990870.285718766] [waypoint_follower]: Succeeded processing waypoint 71, processing waypoint task execution
[waypoint_follower-18] [INFO] [1790990870.285752362] [waypoint_follower]: Arrived at 71'th waypoint, sleeping for 200 milliseconds
[waypoint_follower-18] [INFO] [1790990870.485272959] [waypoint_follower]: Task execution at waypoint 71 succeeded
[waypoint_follower-18] [INFO] [1790990870.485314892] [waypoint_follower]: Handled task execution on waypoint 71, moving to next.
[bt_navigator-17] [INFO] [1790990870.485664183] [bt_navigator]: Begin navigating from current location (2.23, 2.92) to (1.90, 2.86)
[controller_server-12] [INFO] [1790990870.506140418] [controller_server]: Received a goal, begin computing control effort.
[controller_server-12] [INFO] [1790990871.260165761] [controller_server]: Reached the goal!
[controller_server-12] [INFO] [1790990871.260397620] [controller_server]: Optimizer reset
[bt_navigator-17] [INFO] [1790990871.285851348] [bt_navigator]: Goal succeeded
[waypoint_follower-18] [INFO] [1790990871.939081142] [waypoint_follower]: Succeeded processing waypoint 72, processing waypoint task execution
[waypoint_follower-18] [INFO] [1790990871.939114257] [waypoint_follower]: Arrived at 72'th waypoint, sleeping for 200 milliseconds
[waypoint_follower-18] [INFO] [1790990872.138322057] [waypoint_follower]: Task execution at waypoint 72 succeeded
[waypoint_follower-18] [INFO] [1790990872.138360052] [waypoint_follower]: Handled task execution on waypoint 72, moving to next.
[bt_navigator-17] [INFO] [1790990872.138726718] [bt_navigator]: Begin navigating from current location (2.11, 2.93) to (1.75, 2.87)
[controller_server-12] [INFO] [1790990872.159147543] [controller_server]: Received a goal, begin computing control effort.
[controller_server-12] [INFO] [1790990873.063428762] [controller_server]: Reached the goal!
[controller_server-12] [INFO] [1790990873.063647345] [controller_server]: Optimizer reset
[bt_navigator-17] [INFO] [1790990873.088911748] [bt_navigator]: Goal succeeded
[waypoint_follower-18] [INFO] [1790990873.742465173] [waypoint_follower]: Succeeded processing waypoint 73, processing waypoint task execution
[waypoint_follower-18] [INFO] [1790990873.742494721] [waypoint_follower]: Arrived at 73'th waypoint, sleeping for 200 milliseconds
[waypoint_follower-18] [INFO] [1790990873.941295087] [waypoint_follower]: Task execution at waypoint 73 succeeded
[waypoint_follower-18] [INFO] [1790990873.941334565] [waypoint_follower]: Handled task execution on waypoint 73, moving to next.
[bt_navigator-17] [INFO] [1790990873.941684598] [bt_navigator]: Begin navigating from current location (1.96, 2.92) to (1.56, 2.87)
[controller_server-12] [INFO] [1790990873.962201713] [controller_server]: Received a goal, begin computing control effort.
[controller_server-12] [INFO] [1790990874.966248011] [controller_server]: Reached the goal!
[controller_server-12] [INFO] [1790990874.966909320] [controller_server]: Optimizer reset
[bt_navigator-17] [INFO] [1790990874.991878319] [bt_navigator]: Goal succeeded
[waypoint_follower-18] [INFO] [1790990875.645596109] [waypoint_follower]: Succeeded processing waypoint 74, processing waypoint task execution
[waypoint_follower-18] [INFO] [1790990875.645627411] [waypoint_follower]: Arrived at 74'th waypoint, sleeping for 200 milliseconds
[waypoint_follower-18] [INFO] [1790990875.846278874] [waypoint_follower]: Task execution at waypoint 74 succeeded
[waypoint_follower-18] [INFO] [1790990875.846319023] [waypoint_follower]: Handled task execution on waypoint 74, moving to next.
[bt_navigator-17] [INFO] [1790990875.846741610] [bt_navigator]: Begin navigating from current location (1.79, 2.93) to (1.41, 2.87)
[controller_server-12] [INFO] [1790990875.867155532] [controller_server]: Received a goal, begin computing control effort.
[controller_server-12] [INFO] [1790990876.771347530] [controller_server]: Reached the goal!
[controller_server-12] [INFO] [1790990876.771542536] [controller_server]: Optimizer reset
[bt_navigator-17] [INFO] [1790990876.796945384] [bt_navigator]: Goal succeeded
[waypoint_follower-18] [INFO] [1790990877.450236477] [waypoint_follower]: Succeeded processing waypoint 75, processing waypoint task execution
[waypoint_follower-18] [INFO] [1790990877.450266056] [waypoint_follower]: Arrived at 75'th waypoint, sleeping for 200 milliseconds
[waypoint_follower-18] [INFO] [1790990877.649299689] [waypoint_follower]: Task execution at waypoint 75 succeeded
[waypoint_follower-18] [INFO] [1790990877.649337063] [waypoint_follower]: Handled task execution on waypoint 75, moving to next.
[bt_navigator-17] [INFO] [1790990877.649750061] [bt_navigator]: Begin navigating from current location (1.63, 2.93) to (1.27, 2.87)
[controller_server-12] [INFO] [1790990877.670135306] [controller_server]: Received a goal, begin computing control effort.
[controller_server-12] [INFO] [1790990878.524105094] [controller_server]: Reached the goal!
[controller_server-12] [INFO] [1790990878.524943244] [controller_server]: Optimizer reset
[bt_navigator-17] [INFO] [1790990878.549991490] [bt_navigator]: Goal succeeded
[waypoint_follower-18] [INFO] [1790990879.203155961] [waypoint_follower]: Succeeded processing waypoint 76, processing waypoint task execution
[waypoint_follower-18] [INFO] [1790990879.203192093] [waypoint_follower]: Arrived at 76'th waypoint, sleeping for 200 milliseconds
[waypoint_follower-18] [INFO] [1790990879.401295648] [waypoint_follower]: Task execution at waypoint 76 succeeded
[waypoint_follower-18] [INFO] [1790990879.401329244] [waypoint_follower]: Handled task execution on waypoint 76, moving to next.
[bt_navigator-17] [INFO] [1790990879.401718986] [bt_navigator]: Begin navigating from current location (1.50, 2.92) to (1.17, 2.87)
[controller_server-12] [INFO] [1790990879.422213207] [controller_server]: Received a goal, begin computing control effort.
[controller_server-12] [INFO] [1790990880.126231344] [controller_server]: Reached the goal!
[controller_server-12] [INFO] [1790990880.126387574] [controller_server]: Optimizer reset
[bt_navigator-17] [INFO] [1790990880.151919208] [bt_navigator]: Goal succeeded
[waypoint_follower-18] [INFO] [1790990880.804886616] [waypoint_follower]: Succeeded processing waypoint 77, processing waypoint task execution
[waypoint_follower-18] [INFO] [1790990880.804915584] [waypoint_follower]: Arrived at 77'th waypoint, sleeping for 200 milliseconds
[waypoint_follower-18] [INFO] [1790990881.003305227] [waypoint_follower]: Task execution at waypoint 77 succeeded
[waypoint_follower-18] [INFO] [1790990881.003337300] [waypoint_follower]: Handled task execution on waypoint 77, moving to next.
[bt_navigator-17] [INFO] [1790990881.003753153] [bt_navigator]: Begin navigating from current location (1.38, 2.91) to (1.06, 2.87)
[controller_server-12] [INFO] [1790990881.024290751] [controller_server]: Received a goal, begin computing control effort.
[controller_server-12] [INFO] [1790990881.628392397] [controller_server]: Reached the goal!
[controller_server-12] [INFO] [1790990881.628588896] [controller_server]: Optimizer reset
[bt_navigator-17] [INFO] [1790990881.653961465] [bt_navigator]: Goal succeeded
[waypoint_follower-18] [INFO] [1790990882.306960685] [waypoint_follower]: Succeeded processing waypoint 78, processing waypoint task execution
[waypoint_follower-18] [INFO] [1790990882.306992798] [waypoint_follower]: Arrived at 78'th waypoint, sleeping for 200 milliseconds
[waypoint_follower-18] [INFO] [1790990882.506339108] [waypoint_follower]: Task execution at waypoint 78 succeeded
[waypoint_follower-18] [INFO] [1790990882.506384457] [waypoint_follower]: Handled task execution on waypoint 78, moving to next.
[bt_navigator-17] [INFO] [1790990882.506875540] [bt_navigator]: Begin navigating from current location (1.29, 2.91) to (0.96, 2.87)
[controller_server-12] [INFO] [1790990882.527318210] [controller_server]: Received a goal, begin computing control effort.
[controller_server-12] [INFO] [1790990883.331941800] [controller_server]: Reached the goal!
[controller_server-12] [INFO] [1790990883.332739569] [controller_server]: Optimizer reset
[bt_navigator-17] [INFO] [1790990883.357042251] [bt_navigator]: Goal succeeded
[waypoint_follower-18] [INFO] [1790990884.010558972] [waypoint_follower]: Succeeded processing waypoint 79, processing waypoint task execution
[waypoint_follower-18] [INFO] [1790990884.010589613] [waypoint_follower]: Arrived at 79'th waypoint, sleeping for 200 milliseconds
[waypoint_follower-18] [INFO] [1790990884.210320206] [waypoint_follower]: Task execution at waypoint 79 succeeded
[waypoint_follower-18] [INFO] [1790990884.210362780] [waypoint_follower]: Handled task execution on waypoint 79, moving to next.
[bt_navigator-17] [INFO] [1790990884.210781048] [bt_navigator]: Begin navigating from current location (1.17, 2.92) to (0.84, 2.87)
[controller_server-12] [INFO] [1790990884.231276012] [controller_server]: Received a goal, begin computing control effort.
[controller_server-12] [INFO] [1790990884.985350020] [controller_server]: Reached the goal!
[controller_server-12] [INFO] [1790990884.985715112] [controller_server]: Optimizer reset
[bt_navigator-17] [INFO] [1790990885.011064707] [bt_navigator]: Goal succeeded
[waypoint_follower-18] [INFO] [1790990885.664400389] [waypoint_follower]: Succeeded processing waypoint 80, processing waypoint task execution
[waypoint_follower-18] [INFO] [1790990885.664429717] [waypoint_follower]: Arrived at 80'th waypoint, sleeping for 200 milliseconds
[waypoint_follower-18] [INFO] [1790990885.863321021] [waypoint_follower]: Task execution at waypoint 80 succeeded
[waypoint_follower-18] [INFO] [1790990885.863357292] [waypoint_follower]: Handled task execution on waypoint 80, moving to next.
[bt_navigator-17] [INFO] [1790990885.863742375] [bt_navigator]: Begin navigating from current location (1.06, 2.92) to (0.69, 2.88)
[controller_server-12] [INFO] [1790990885.884203061] [controller_server]: Received a goal, begin computing control effort.
[controller_server-12] [INFO] [1790990886.838262079] [controller_server]: Reached the goal!
[controller_server-12] [INFO] [1790990886.838461854] [controller_server]: Optimizer reset
[bt_navigator-17] [INFO] [1790990886.863956516] [bt_navigator]: Goal succeeded
[waypoint_follower-18] [INFO] [1790990887.517969609] [waypoint_follower]: Succeeded processing waypoint 81, processing waypoint task execution
[waypoint_follower-18] [INFO] [1790990887.518001261] [waypoint_follower]: Arrived at 81'th waypoint, sleeping for 200 milliseconds
[waypoint_follower-18] [INFO] [1790990887.717834783] [waypoint_follower]: Task execution at waypoint 81 succeeded
[waypoint_follower-18] [INFO] [1790990887.717871676] [waypoint_follower]: Handled task execution on waypoint 81, moving to next.
[bt_navigator-17] [INFO] [1790990887.718241297] [bt_navigator]: Begin navigating from current location (0.90, 2.92) to (0.54, 2.88)
[controller_server-12] [INFO] [1790990887.738695811] [controller_server]: Received a goal, begin computing control effort.
[controller_server-12] [INFO] [1790990888.592839870] [controller_server]: Reached the goal!
[controller_server-12] [INFO] [1790990888.593030998] [controller_server]: Optimizer reset
[bt_navigator-17] [INFO] [1790990888.618463547] [bt_navigator]: Goal succeeded
[sync_slam_toolbox_node-11] WARNING: Logging before InitGoogleLogging() is written to STDERR
[sync_slam_toolbox_node-11] W20261002 22:28:08.750308 62529 preprocessor.cc:67] Specified options.num_threads: 50 exceeds maximum available from the threading model Ceres was compiled with: 16.  Bounding to maximum number available.
[waypoint_follower-18] [INFO] [1790990889.271977680] [waypoint_follower]: Succeeded processing waypoint 82, processing waypoint task execution
[waypoint_follower-18] [INFO] [1790990889.272008360] [waypoint_follower]: Arrived at 82'th waypoint, sleeping for 200 milliseconds
[waypoint_follower-18] [INFO] [1790990889.472145255] [waypoint_follower]: Task execution at waypoint 82 succeeded
[waypoint_follower-18] [INFO] [1790990889.472181387] [waypoint_follower]: Handled task execution on waypoint 82, moving to next.
[bt_navigator-17] [INFO] [1790990889.472592611] [bt_navigator]: Begin navigating from current location (0.75, 2.93) to (0.40, 2.88)
[controller_server-12] [INFO] [1790990889.493053879] [controller_server]: Received a goal, begin computing control effort.
[controller_server-12] [INFO] [1790990889.702507017] [local_costmap.local_costmap]: StaticLayer: Resizing static layer to 517 X 393 at 0.050000 m/pix
[planner_server-14] [INFO] [1790990890.165121235] [global_costmap.global_costmap]: StaticLayer: Resizing costmap to 517 X 393 at 0.050000 m/pix
[sync_slam_toolbox_node-11] W20261002 22:28:10.343147 62529 preprocessor.cc:67] Specified options.num_threads: 50 exceeds maximum available from the threading model Ceres was compiled with: 16.  Bounding to maximum number available.
[controller_server-12] [INFO] [1790990890.397002186] [controller_server]: Reached the goal!
[controller_server-12] [INFO] [1790990890.397196712] [controller_server]: Optimizer reset
[bt_navigator-17] [INFO] [1790990890.422802093] [bt_navigator]: Goal succeeded
[waypoint_follower-18] [INFO] [1790990891.076430149] [waypoint_follower]: Succeeded processing waypoint 83, processing waypoint task execution
[waypoint_follower-18] [INFO] [1790990891.076464638] [waypoint_follower]: Arrived at 83'th waypoint, sleeping for 200 milliseconds
[waypoint_follower-18] [INFO] [1790990891.275235091] [waypoint_follower]: Task execution at waypoint 83 succeeded
[waypoint_follower-18] [INFO] [1790990891.275268557] [waypoint_follower]: Handled task execution on waypoint 83, moving to next.
[bt_navigator-17] [INFO] [1790990891.275669050] [bt_navigator]: Begin navigating from current location (0.61, 2.93) to (0.27, 2.90)
[controller_server-12] [INFO] [1790990891.296148634] [controller_server]: Received a goal, begin computing control effort.
[controller_server-12] [INFO] [1790990892.050398359] [controller_server]: Reached the goal!
[controller_server-12] [INFO] [1790990892.050641801] [controller_server]: Optimizer reset
[bt_navigator-17] [INFO] [1790990892.075889695] [bt_navigator]: Goal succeeded
[waypoint_follower-18] [INFO] [1790990892.729059393] [waypoint_follower]: Succeeded processing waypoint 84, processing waypoint task execution
[waypoint_follower-18] [INFO] [1790990892.729092458] [waypoint_follower]: Arrived at 84'th waypoint, sleeping for 200 milliseconds
[waypoint_follower-18] [INFO] [1790990892.928151264] [waypoint_follower]: Task execution at waypoint 84 succeeded
[waypoint_follower-18] [INFO] [1790990892.928186002] [waypoint_follower]: Handled task execution on waypoint 84, moving to next.
[bt_navigator-17] [INFO] [1790990892.928560093] [bt_navigator]: Begin navigating from current location (0.48, 2.93) to (0.00, 3.00)
[controller_server-12] [INFO] [1790990892.949036611] [controller_server]: Received a goal, begin computing control effort.
[sync_slam_toolbox_node-11] W20261002 22:28:13.365327 62529 preprocessor.cc:67] Specified options.num_threads: 50 exceeds maximum available from the threading model Ceres was compiled with: 16.  Bounding to maximum number available.
[controller_server-12] [INFO] [1790990893.703004188] [local_costmap.local_costmap]: StaticLayer: Resizing static layer to 517 X 399 at 0.050000 m/pix
[sync_slam_toolbox_node-11] W20261002 22:28:13.869719 62529 preprocessor.cc:67] Specified options.num_threads: 50 exceeds maximum available from the threading model Ceres was compiled with: 16.  Bounding to maximum number available.
[controller_server-12] [INFO] [1790990893.999176756] [controller_server]: Passing new path to controller.
[planner_server-14] [INFO] [1790990894.165101456] [global_costmap.global_costmap]: StaticLayer: Resizing costmap to 517 X 399 at 0.050000 m/pix
[controller_server-12] [INFO] [1790990894.203044424] [controller_server]: Reached the goal!
[controller_server-12] [INFO] [1790990894.203304058] [controller_server]: Optimizer reset
[bt_navigator-17] [INFO] [1790990894.228780546] [bt_navigator]: Goal succeeded
[sync_slam_toolbox_node-11] W20261002 22:28:14.366478 62529 preprocessor.cc:67] Specified options.num_threads: 50 exceeds maximum available from the threading model Ceres was compiled with: 16.  Bounding to maximum number available.
[waypoint_follower-18] [INFO] [1790990894.883319844] [waypoint_follower]: Succeeded processing waypoint 85, processing waypoint task execution
[waypoint_follower-18] [INFO] [1790990894.883349062] [waypoint_follower]: Arrived at 85'th waypoint, sleeping for 200 milliseconds
[waypoint_follower-18] [INFO] [1790990895.082191703] [waypoint_follower]: Task execution at waypoint 85 succeeded
[waypoint_follower-18] [INFO] [1790990895.082232243] [waypoint_follower]: Handled task execution on waypoint 85, moving to next.
[bt_navigator-17] [INFO] [1790990895.082662355] [bt_navigator]: Begin navigating from current location (0.22, 2.94) to (0.23, 2.90)
[controller_server-12] [INFO] [1790990895.103168773] [controller_server]: Received a goal, begin computing control effort.
[controller_server-12] [INFO] [1790990895.107529426] [controller_server]: Reached the goal!
[controller_server-12] [INFO] [1790990895.108094174] [controller_server]: Optimizer reset
[bt_navigator-17] [INFO] [1790990895.132879863] [bt_navigator]: Goal succeeded
[waypoint_follower-18] [INFO] [1790990895.483442695] [waypoint_follower]: Succeeded processing waypoint 86, processing waypoint task execution
[waypoint_follower-18] [INFO] [1790990895.483474088] [waypoint_follower]: Arrived at 86'th waypoint, sleeping for 200 milliseconds
[waypoint_follower-18] [INFO] [1790990895.682147604] [waypoint_follower]: Task execution at waypoint 86 succeeded
[waypoint_follower-18] [INFO] [1790990895.682185610] [waypoint_follower]: Handled task execution on waypoint 86, moving to next.
[bt_navigator-17] [INFO] [1790990895.682543739] [bt_navigator]: Begin navigating from current location (0.22, 2.94) to (0.24, 2.90)
[controller_server-12] [INFO] [1790990895.703003765] [controller_server]: Received a goal, begin computing control effort.
[controller_server-12] [INFO] [1790990895.708118581] [controller_server]: Reached the goal!
[controller_server-12] [INFO] [1790990895.708286163] [controller_server]: Optimizer reset
[bt_navigator-17] [INFO] [1790990895.732775356] [bt_navigator]: Goal succeeded
[waypoint_follower-18] [INFO] [1790990896.083351584] [waypoint_follower]: Succeeded processing waypoint 87, processing waypoint task execution
[waypoint_follower-18] [INFO] [1790990896.083379620] [waypoint_follower]: Arrived at 87'th waypoint, sleeping for 200 milliseconds
[waypoint_follower-18] [INFO] [1790990896.282174709] [waypoint_follower]: Task execution at waypoint 87 succeeded
[waypoint_follower-18] [INFO] [1790990896.282208075] [waypoint_follower]: Handled task execution on waypoint 87, moving to next.
[bt_navigator-17] [INFO] [1790990896.282568378] [bt_navigator]: Begin navigating from current location (0.22, 2.94) to (0.25, 2.90)
[controller_server-12] [INFO] [1790990896.303025379] [controller_server]: Received a goal, begin computing control effort.
[controller_server-12] [INFO] [1790990897.306946225] [controller_server]: Reached the goal!
[controller_server-12] [INFO] [1790990897.307134307] [controller_server]: Optimizer reset
[bt_navigator-17] [INFO] [1790990897.332835280] [bt_navigator]: Goal succeeded
[waypoint_follower-18] [INFO] [1790990897.986613817] [waypoint_follower]: Succeeded processing waypoint 88, processing waypoint task execution
[waypoint_follower-18] [INFO] [1790990897.986644427] [waypoint_follower]: Arrived at 88'th waypoint, sleeping for 200 milliseconds
[waypoint_follower-18] [INFO] [1790990898.187424349] [waypoint_follower]: Task execution at waypoint 88 succeeded
[waypoint_follower-18] [INFO] [1790990898.187457725] [waypoint_follower]: Handled task execution on waypoint 88, moving to next.
[bt_navigator-17] [INFO] [1790990898.187806976] [bt_navigator]: Begin navigating from current location (0.25, 2.94) to (0.25, 2.90)
[controller_server-12] [INFO] [1790990898.208251131] [controller_server]: Received a goal, begin computing control effort.
[controller_server-12] [INFO] [1790990898.863131805] [controller_server]: Reached the goal!
[controller_server-12] [INFO] [1790990898.863361660] [controller_server]: Optimizer reset
[bt_navigator-17] [INFO] [1790990898.888004999] [bt_navigator]: Goal succeeded
[waypoint_follower-18] [INFO] [1790990899.540971176] [waypoint_follower]: Succeeded processing waypoint 89, processing waypoint task execution
[waypoint_follower-18] [INFO] [1790990899.540999973] [waypoint_follower]: Arrived at 89'th waypoint, sleeping for 200 milliseconds
[waypoint_follower-18] [INFO] [1790990899.741197563] [waypoint_follower]: Task execution at waypoint 89 succeeded
[waypoint_follower-18] [INFO] [1790990899.741236139] [waypoint_follower]: Handled task execution on waypoint 89, moving to next.
[bt_navigator-17] [INFO] [1790990899.741645390] [bt_navigator]: Begin navigating from current location (0.24, 2.94) to (0.25, 2.90)
[controller_server-12] [INFO] [1790990899.762151638] [controller_server]: Received a goal, begin computing control effort.
[controller_server-12] [INFO] [1790990900.515617699] [controller_server]: Reached the goal!
[controller_server-12] [INFO] [1790990900.515972882] [controller_server]: Optimizer reset
[bt_navigator-17] [INFO] [1790990900.541847188] [bt_navigator]: Goal succeeded
[waypoint_follower-18] [INFO] [1790990901.194872640] [waypoint_follower]: Succeeded processing waypoint 90, processing waypoint task execution
[waypoint_follower-18] [INFO] [1790990901.194901898] [waypoint_follower]: Arrived at 90'th waypoint, sleeping for 200 milliseconds
[waypoint_follower-18] [INFO] [1790990901.394146794] [waypoint_follower]: Task execution at waypoint 90 succeeded
[waypoint_follower-18] [INFO] [1790990901.394181233] [waypoint_follower]: Handled task execution on waypoint 90, moving to next.
[bt_navigator-17] [INFO] [1790990901.394658578] [bt_navigator]: Begin navigating from current location (0.24, 2.94) to (0.24, 2.89)
[controller_server-12] [INFO] [1790990901.415133825] [controller_server]: Received a goal, begin computing control effort.
[controller_server-12] [INFO] [1790990902.269283528] [controller_server]: Reached the goal!
[controller_server-12] [INFO] [1790990902.269504346] [controller_server]: Optimizer reset
[bt_navigator-17] [INFO] [1790990902.294856037] [bt_navigator]: Goal succeeded
[waypoint_follower-18] [INFO] [1790990902.948041855] [waypoint_follower]: Succeeded processing waypoint 91, processing waypoint task execution
[waypoint_follower-18] [INFO] [1790990902.948079118] [waypoint_follower]: Arrived at 91'th waypoint, sleeping for 200 milliseconds
[waypoint_follower-18] [INFO] [1790990903.146196535] [waypoint_follower]: Task execution at waypoint 91 succeeded
[waypoint_follower-18] [INFO] [1790990903.146231214] [waypoint_follower]: Handled task execution on waypoint 91, moving to next.
[bt_navigator-17] [INFO] [1790990903.146620264] [bt_navigator]: Begin navigating from current location (0.23, 2.94) to (0.23, 2.88)
[controller_server-12] [INFO] [1790990903.167093297] [controller_server]: Received a goal, begin computing control effort.
[controller_server-12] [INFO] [1790990904.121842522] [controller_server]: Reached the goal!
[controller_server-12] [INFO] [1790990904.122103559] [controller_server]: Optimizer reset
[bt_navigator-17] [INFO] [1790990904.146823080] [bt_navigator]: Goal succeeded
[waypoint_follower-18] [INFO] [1790990904.800217730] [waypoint_follower]: Succeeded processing waypoint 92, processing waypoint task execution
[waypoint_follower-18] [INFO] [1790990904.800252028] [waypoint_follower]: Arrived at 92'th waypoint, sleeping for 200 milliseconds
[waypoint_follower-18] [INFO] [1790990905.000155342] [waypoint_follower]: Task execution at waypoint 92 succeeded
[waypoint_follower-18] [INFO] [1790990905.000189640] [waypoint_follower]: Handled task execution on waypoint 92, moving to next.
[bt_navigator-17] [INFO] [1790990905.000559572] [bt_navigator]: Begin navigating from current location (0.22, 2.92) to (0.21, 2.84)
[controller_server-12] [INFO] [1790990905.021119798] [controller_server]: Received a goal, begin computing control effort.
[controller_server-12] [INFO] [1790990905.926329506] [controller_server]: Reached the goal!
[controller_server-12] [INFO] [1790990905.926564521] [controller_server]: Optimizer reset
[bt_navigator-17] [INFO] [1790990905.950763591] [bt_navigator]: Goal succeeded
[waypoint_follower-18] [INFO] [1790990906.604353347] [waypoint_follower]: Succeeded processing waypoint 93, processing waypoint task execution
[waypoint_follower-18] [INFO] [1790990906.604382184] [waypoint_follower]: Arrived at 93'th waypoint, sleeping for 200 milliseconds
[waypoint_follower-18] [INFO] [1790990906.803171967] [waypoint_follower]: Task execution at waypoint 93 succeeded
[waypoint_follower-18] [INFO] [1790990906.803206655] [waypoint_follower]: Handled task execution on waypoint 93, moving to next.
[bt_navigator-17] [INFO] [1790990906.803574754] [bt_navigator]: Begin navigating from current location (0.20, 2.90) to (0.20, 2.81)
[controller_server-12] [INFO] [1790990906.824140642] [controller_server]: Received a goal, begin computing control effort.
[controller_server-12] [INFO] [1790990907.377929730] [controller_server]: Reached the goal!
[controller_server-12] [INFO] [1790990907.378445161] [controller_server]: Optimizer reset
[bt_navigator-17] [INFO] [1790990907.403823065] [bt_navigator]: Goal succeeded
[waypoint_follower-18] [INFO] [1790990908.056357958] [waypoint_follower]: Succeeded processing waypoint 94, processing waypoint task execution
[waypoint_follower-18] [INFO] [1790990908.056387235] [waypoint_follower]: Arrived at 94'th waypoint, sleeping for 200 milliseconds
[waypoint_follower-18] [INFO] [1790990908.255546733] [waypoint_follower]: Task execution at waypoint 94 succeeded
[waypoint_follower-18] [INFO] [1790990908.255580730] [waypoint_follower]: Handled task execution on waypoint 94, moving to next.
[bt_navigator-17] [INFO] [1790990908.255951655] [bt_navigator]: Begin navigating from current location (0.18, 2.88) to (0.19, 2.75)
[controller_server-12] [INFO] [1790990908.276442574] [controller_server]: Received a goal, begin computing control effort.
[sync_slam_toolbox_node-11] W20261002 22:28:28.777061 62529 preprocessor.cc:67] Specified options.num_threads: 50 exceeds maximum available from the threading model Ceres was compiled with: 16.  Bounding to maximum number available.
[controller_server-12] [INFO] [1790990909.081042719] [controller_server]: Reached the goal!
[controller_server-12] [INFO] [1790990909.081253426] [controller_server]: Optimizer reset
[bt_navigator-17] [INFO] [1790990909.106164376] [bt_navigator]: Goal succeeded
[controller_server-12] [INFO] [1790990909.702508888] [local_costmap.local_costmap]: StaticLayer: Resizing static layer to 525 X 399 at 0.050000 m/pix
[waypoint_follower-18] [INFO] [1790990909.759398202] [waypoint_follower]: Succeeded processing waypoint 95, processing waypoint task execution
[waypoint_follower-18] [INFO] [1790990909.759427349] [waypoint_follower]: Arrived at 95'th waypoint, sleeping for 200 milliseconds
[waypoint_follower-18] [INFO] [1790990909.959180734] [waypoint_follower]: Task execution at waypoint 95 succeeded
[waypoint_follower-18] [INFO] [1790990909.959218860] [waypoint_follower]: Handled task execution on waypoint 95, moving to next.
[bt_navigator-17] [INFO] [1790990909.959612269] [bt_navigator]: Begin navigating from current location (0.14, 2.83) to (0.16, 2.66)
[controller_server-12] [INFO] [1790990909.980090853] [controller_server]: Received a goal, begin computing control effort.
[planner_server-14] [INFO] [1790990910.165083214] [global_costmap.global_costmap]: StaticLayer: Resizing costmap to 525 X 399 at 0.050000 m/pix
[controller_server-12] [INFO] [1790990910.834426729] [controller_server]: Reached the goal!
[controller_server-12] [INFO] [1790990910.834599622] [controller_server]: Optimizer reset
[sync_slam_toolbox_node-11] W20261002 22:28:30.859174 62529 preprocessor.cc:67] Specified options.num_threads: 50 exceeds maximum available from the threading model Ceres was compiled with: 16.  Bounding to maximum number available.
[bt_navigator-17] [INFO] [1790990910.859873290] [bt_navigator]: Goal succeeded
[waypoint_follower-18] [INFO] [1790990911.513251189] [waypoint_follower]: Succeeded processing waypoint 96, processing waypoint task execution
[waypoint_follower-18] [INFO] [1790990911.513281369] [waypoint_follower]: Arrived at 96'th waypoint, sleeping for 200 milliseconds
[waypoint_follower-18] [INFO] [1790990911.714132530] [waypoint_follower]: Task execution at waypoint 96 succeeded
[waypoint_follower-18] [INFO] [1790990911.714170565] [waypoint_follower]: Handled task execution on waypoint 96, moving to next.
[bt_navigator-17] [INFO] [1790990911.714553423] [bt_navigator]: Begin navigating from current location (0.12, 2.78) to (0.17, 2.56)
[controller_server-12] [INFO] [1790990911.735067128] [controller_server]: Received a goal, begin computing control effort.
[controller_server-12] [INFO] [1790990912.239136296] [controller_server]: Reached the goal!
[controller_server-12] [INFO] [1790990912.239382493] [controller_server]: Optimizer reset
[bt_navigator-17] [INFO] [1790990912.264761781] [bt_navigator]: Goal succeeded
[waypoint_follower-18] [INFO] [1790990912.917461272] [waypoint_follower]: Succeeded processing waypoint 97, processing waypoint task execution
[waypoint_follower-18] [INFO] [1790990912.917505800] [waypoint_follower]: Arrived at 97'th waypoint, sleeping for 200 milliseconds
[waypoint_follower-18] [INFO] [1790990913.118181045] [waypoint_follower]: Task execution at waypoint 97 succeeded
[waypoint_follower-18] [INFO] [1790990913.118238379] [waypoint_follower]: Handled task execution on waypoint 97, moving to next.
[bt_navigator-17] [INFO] [1790990913.118650776] [bt_navigator]: Begin navigating from current location (0.11, 2.73) to (0.18, 2.45)
[controller_server-12] [INFO] [1790990913.139149992] [controller_server]: Received a goal, begin computing control effort.
[sync_slam_toolbox_node-11] W20261002 22:28:33.670385 62529 preprocessor.cc:67] Specified options.num_threads: 50 exceeds maximum available from the threading model Ceres was compiled with: 16.  Bounding to maximum number available.
[controller_server-12] [INFO] [1790990913.742964480] [controller_server]: Reached the goal!
[controller_server-12] [INFO] [1790990913.743136431] [controller_server]: Optimizer reset
[bt_navigator-17] [INFO] [1790990913.768869960] [bt_navigator]: Goal succeeded
[waypoint_follower-18] [INFO] [1790990914.421812811] [waypoint_follower]: Succeeded processing waypoint 98, processing waypoint task execution
[waypoint_follower-18] [INFO] [1790990914.421843091] [waypoint_follower]: Arrived at 98'th waypoint, sleeping for 200 milliseconds
[waypoint_follower-18] [INFO] [1790990914.621172613] [waypoint_follower]: Task execution at waypoint 98 succeeded
[waypoint_follower-18] [INFO] [1790990914.621215077] [waypoint_follower]: Handled task execution on waypoint 98, moving to next.
[bt_navigator-17] [INFO] [1790990914.621656431] [bt_navigator]: Begin navigating from current location (0.09, 2.67) to (0.24, 2.30)
[controller_server-12] [INFO] [1790990914.642200968] [controller_server]: Received a goal, begin computing control effort.
[controller_server-12] [INFO] [1790990914.702516166] [local_costmap.local_costmap]: StaticLayer: Resizing static layer to 528 X 399 at 0.050000 m/pix
[planner_server-14] [INFO] [1790990915.165107422] [global_costmap.global_costmap]: StaticLayer: Resizing costmap to 528 X 399 at 0.050000 m/pix
[sync_slam_toolbox_node-11] W20261002 22:28:35.361845 62529 preprocessor.cc:67] Specified options.num_threads: 50 exceeds maximum available from the threading model Ceres was compiled with: 16.  Bounding to maximum number available.
[controller_server-12] [INFO] [1790990915.692322489] [controller_server]: Passing new path to controller.
[controller_server-12] [INFO] [1790990915.896592645] [controller_server]: Reached the goal!
[controller_server-12] [INFO] [1790990915.896761700] [controller_server]: Optimizer reset
[bt_navigator-17] [INFO] [1790990915.921885332] [bt_navigator]: Goal succeeded
[sync_slam_toolbox_node-11] W20261002 22:28:35.976189 62529 preprocessor.cc:67] Specified options.num_threads: 50 exceeds maximum available from the threading model Ceres was compiled with: 16.  Bounding to maximum number available.
[waypoint_follower-18] [INFO] [1790990916.576437329] [waypoint_follower]: Succeeded processing waypoint 99, processing waypoint task execution
[waypoint_follower-18] [INFO] [1790990916.576470825] [waypoint_follower]: Arrived at 99'th waypoint, sleeping for 200 milliseconds
[controller_server-12] [INFO] [1790990916.702513128] [local_costmap.local_costmap]: StaticLayer: Resizing static layer to 532 X 401 at 0.050000 m/pix
[waypoint_follower-18] [INFO] [1790990916.776240372] [waypoint_follower]: Task execution at waypoint 99 succeeded
[waypoint_follower-18] [INFO] [1790990916.776281724] [waypoint_follower]: Handled task execution on waypoint 99, moving to next.
[bt_navigator-17] [INFO] [1790990916.776677768] [bt_navigator]: Begin navigating from current location (0.13, 2.49) to (0.22, 2.19)
[controller_server-12] [INFO] [1790990916.797163398] [controller_server]: Received a goal, begin computing control effort.
[planner_server-14] [INFO] [1790990917.165107998] [global_costmap.global_costmap]: StaticLayer: Resizing costmap to 532 X 401 at 0.050000 m/pix
[controller_server-12] [INFO] [1790990917.501260223] [controller_server]: Reached the goal!
[controller_server-12] [INFO] [1790990917.501506761] [controller_server]: Optimizer reset
[bt_navigator-17] [INFO] [1790990917.526897192] [bt_navigator]: Goal succeeded
[waypoint_follower-18] [INFO] [1790990918.179965578] [waypoint_follower]: Succeeded processing waypoint 100, processing waypoint task execution
[waypoint_follower-18] [INFO] [1790990918.179995988] [waypoint_follower]: Arrived at 100'th waypoint, sleeping for 200 milliseconds
[waypoint_follower-18] [INFO] [1790990918.378294205] [waypoint_follower]: Task execution at waypoint 100 succeeded
[waypoint_follower-18] [INFO] [1790990918.378328633] [waypoint_follower]: Handled task execution on waypoint 100, moving to next.
[bt_navigator-17] [INFO] [1790990918.378708896] [bt_navigator]: Begin navigating from current location (0.12, 2.40) to (0.23, 2.04)
[controller_server-12] [INFO] [1790990918.399148224] [controller_server]: Received a goal, begin computing control effort.
[controller_server-12] [INFO] [1790990919.403622995] [controller_server]: Reached the goal!
[controller_server-12] [INFO] [1790990919.404638135] [controller_server]: Optimizer reset
[bt_navigator-17] [INFO] [1790990919.428977306] [bt_navigator]: Goal succeeded
[controller_server-12] [INFO] [1790990919.702511085] [local_costmap.local_costmap]: StaticLayer: Resizing static layer to 532 X 405 at 0.050000 m/pix
[waypoint_follower-18] [INFO] [1790990920.082766507] [waypoint_follower]: Succeeded processing waypoint 101, processing waypoint task execution
[waypoint_follower-18] [INFO] [1790990920.082799001] [waypoint_follower]: Arrived at 101'th waypoint, sleeping for 200 milliseconds
[planner_server-14] [INFO] [1790990920.165111415] [global_costmap.global_costmap]: StaticLayer: Resizing costmap to 532 X 405 at 0.050000 m/pix
[waypoint_follower-18] [INFO] [1790990920.283234652] [waypoint_follower]: Task execution at waypoint 101 succeeded
[waypoint_follower-18] [INFO] [1790990920.283277337] [waypoint_follower]: Handled task execution on waypoint 101, moving to next.
[bt_navigator-17] [INFO] [1790990920.283697649] [bt_navigator]: Begin navigating from current location (0.12, 2.25) to (0.23, 1.93)
[controller_server-12] [INFO] [1790990920.304267887] [controller_server]: Received a goal, begin computing control effort.
[controller_server-12] [INFO] [1790990921.108094959] [controller_server]: Reached the goal!
[controller_server-12] [INFO] [1790990921.108346497] [controller_server]: Optimizer reset
[bt_navigator-17] [INFO] [1790990921.133961894] [bt_navigator]: Goal succeeded
[waypoint_follower-18] [INFO] [1790990921.787197448] [waypoint_follower]: Succeeded processing waypoint 102, processing waypoint task execution
[waypoint_follower-18] [INFO] [1790990921.787226977] [waypoint_follower]: Arrived at 102'th waypoint, sleeping for 200 milliseconds
[waypoint_follower-18] [INFO] [1790990921.987255423] [waypoint_follower]: Task execution at waypoint 102 succeeded
[waypoint_follower-18] [INFO] [1790990921.987295082] [waypoint_follower]: Handled task execution on waypoint 102, moving to next.
[bt_navigator-17] [INFO] [1790990921.987666968] [bt_navigator]: Begin navigating from current location (0.11, 2.12) to (0.22, 1.77)
[controller_server-12] [INFO] [1790990922.008155494] [controller_server]: Received a goal, begin computing control effort.
[controller_server-12] [INFO] [1790990922.962297043] [controller_server]: Reached the goal!
[controller_server-12] [INFO] [1790990922.962507821] [controller_server]: Optimizer reset
[bt_navigator-17] [INFO] [1790990922.987907220] [bt_navigator]: Goal succeeded
[waypoint_follower-18] [INFO] [1790990923.641512074] [waypoint_follower]: Succeeded processing waypoint 103, processing waypoint task execution
[waypoint_follower-18] [INFO] [1790990923.641540530] [waypoint_follower]: Arrived at 103'th waypoint, sleeping for 200 milliseconds
[waypoint_follower-18] [INFO] [1790990923.841295418] [waypoint_follower]: Task execution at waypoint 103 succeeded
[waypoint_follower-18] [INFO] [1790990923.841338834] [waypoint_follower]: Handled task execution on waypoint 103, moving to next.
[bt_navigator-17] [INFO] [1790990923.841741852] [bt_navigator]: Begin navigating from current location (0.12, 1.98) to (0.21, 1.64)
[controller_server-12] [INFO] [1790990923.862165520] [controller_server]: Received a goal, begin computing control effort.
[controller_server-12] [INFO] [1790990924.766686233] [controller_server]: Reached the goal!
[controller_server-12] [INFO] [1790990924.767051978] [controller_server]: Optimizer reset
[bt_navigator-17] [INFO] [1790990924.791956508] [bt_navigator]: Goal succeeded
[waypoint_follower-18] [INFO] [1790990925.445362696] [waypoint_follower]: Succeeded processing waypoint 104, processing waypoint task execution
[waypoint_follower-18] [INFO] [1790990925.445391313] [waypoint_follower]: Arrived at 104'th waypoint, sleeping for 200 milliseconds
[waypoint_follower-18] [INFO] [1790990925.644219308] [waypoint_follower]: Task execution at waypoint 104 succeeded
[waypoint_follower-18] [INFO] [1790990925.644260850] [waypoint_follower]: Handled task execution on waypoint 104, moving to next.
[bt_navigator-17] [INFO] [1790990925.644634219] [bt_navigator]: Begin navigating from current location (0.12, 1.84) to (0.21, 1.53)
[controller_server-12] [INFO] [1790990925.665061124] [controller_server]: Received a goal, begin computing control effort.
[controller_server-12] [INFO] [1790990926.368913328] [controller_server]: Reached the goal!
[controller_server-12] [INFO] [1790990926.369070339] [controller_server]: Optimizer reset
[bt_navigator-17] [INFO] [1790990926.394837327] [bt_navigator]: Goal succeeded
[waypoint_follower-18] [INFO] [1790990927.047756868] [waypoint_follower]: Succeeded processing waypoint 105, processing waypoint task execution
[waypoint_follower-18] [INFO] [1790990927.047786366] [waypoint_follower]: Arrived at 105'th waypoint, sleeping for 200 milliseconds
[waypoint_follower-18] [INFO] [1790990927.246266836] [waypoint_follower]: Task execution at waypoint 105 succeeded
[waypoint_follower-18] [INFO] [1790990927.246300583] [waypoint_follower]: Handled task execution on waypoint 105, moving to next.
[bt_navigator-17] [INFO] [1790990927.246672740] [bt_navigator]: Begin navigating from current location (0.11, 1.74) to (0.21, 1.36)
[controller_server-12] [INFO] [1790990927.267145936] [controller_server]: Received a goal, begin computing control effort.
[controller_server-12] [INFO] [1790990928.270985291] [controller_server]: Reached the goal!
[controller_server-12] [INFO] [1790990928.271204906] [controller_server]: Optimizer reset
[bt_navigator-17] [INFO] [1790990928.296887097] [bt_navigator]: Goal succeeded
[waypoint_follower-18] [INFO] [1790990928.950434379] [waypoint_follower]: Succeeded processing waypoint 106, processing waypoint task execution
[waypoint_follower-18] [INFO] [1790990928.950465080] [waypoint_follower]: Arrived at 106'th waypoint, sleeping for 200 milliseconds
[waypoint_follower-18] [INFO] [1790990929.151228112] [waypoint_follower]: Task execution at waypoint 106 succeeded
[waypoint_follower-18] [INFO] [1790990929.151262691] [waypoint_follower]: Handled task execution on waypoint 106, moving to next.
[bt_navigator-17] [INFO] [1790990929.151658995] [bt_navigator]: Begin navigating from current location (0.10, 1.57) to (0.21, 1.26)
[controller_server-12] [INFO] [1790990929.172107133] [controller_server]: Received a goal, begin computing control effort.
[controller_server-12] [INFO] [1790990929.926354376] [controller_server]: Reached the goal!
[controller_server-12] [INFO] [1790990929.926558410] [controller_server]: Optimizer reset
[bt_navigator-17] [INFO] [1790990929.951861671] [bt_navigator]: Goal succeeded
[waypoint_follower-18] [INFO] [1790990930.604967848] [waypoint_follower]: Succeeded processing waypoint 107, processing waypoint task execution
[waypoint_follower-18] [INFO] [1790990930.604999010] [waypoint_follower]: Arrived at 107'th waypoint, sleeping for 200 milliseconds
[waypoint_follower-18] [INFO] [1790990930.804264628] [waypoint_follower]: Task execution at waypoint 107 succeeded
[waypoint_follower-18] [INFO] [1790990930.804300509] [waypoint_follower]: Handled task execution on waypoint 107, moving to next.
[bt_navigator-17] [INFO] [1790990930.804683577] [bt_navigator]: Begin navigating from current location (0.10, 1.47) to (0.20, 1.16)
[controller_server-12] [INFO] [1790990930.825183017] [controller_server]: Received a goal, begin computing control effort.
[controller_server-12] [INFO] [1790990931.579027391] [controller_server]: Reached the goal!
[controller_server-12] [INFO] [1790990931.579205063] [controller_server]: Optimizer reset
[bt_navigator-17] [INFO] [1790990931.604904458] [bt_navigator]: Goal succeeded
[waypoint_follower-18] [INFO] [1790990932.257965443] [waypoint_follower]: Succeeded processing waypoint 108, processing waypoint task execution
[waypoint_follower-18] [INFO] [1790990932.257994661] [waypoint_follower]: Arrived at 108'th waypoint, sleeping for 200 milliseconds
[waypoint_follower-18] [INFO] [1790990932.457252186] [waypoint_follower]: Task execution at waypoint 108 succeeded
[waypoint_follower-18] [INFO] [1790990932.457292085] [waypoint_follower]: Handled task execution on waypoint 108, moving to next.
[bt_navigator-17] [INFO] [1790990932.457669562] [bt_navigator]: Begin navigating from current location (0.09, 1.36) to (0.19, 1.05)
[controller_server-12] [INFO] [1790990932.478130345] [controller_server]: Received a goal, begin computing control effort.
[controller_server-12] [INFO] [1790990933.281829391] [controller_server]: Reached the goal!
[controller_server-12] [INFO] [1790990933.281992464] [controller_server]: Optimizer reset
[bt_navigator-17] [INFO] [1790990933.307883550] [bt_navigator]: Goal succeeded
[waypoint_follower-18] [INFO] [1790990933.961167773] [waypoint_follower]: Succeeded processing waypoint 109, processing waypoint task execution
[waypoint_follower-18] [INFO] [1790990933.961215809] [waypoint_follower]: Arrived at 109'th waypoint, sleeping for 200 milliseconds
[waypoint_follower-18] [INFO] [1790990934.161252860] [waypoint_follower]: Task execution at waypoint 109 succeeded
[waypoint_follower-18] [INFO] [1790990934.161285344] [waypoint_follower]: Handled task execution on waypoint 109, moving to next.
[bt_navigator-17] [INFO] [1790990934.161893017] [bt_navigator]: Begin navigating from current location (0.10, 1.24) to (0.18, 0.94)
[controller_server-12] [INFO] [1790990934.182415643] [controller_server]: Received a goal, begin computing control effort.
[controller_server-12] [INFO] [1790990934.886444347] [controller_server]: Reached the goal!
[controller_server-12] [INFO] [1790990934.886634925] [controller_server]: Optimizer reset
[bt_navigator-17] [INFO] [1790990934.912115898] [bt_navigator]: Goal succeeded
[waypoint_follower-18] [INFO] [1790990935.565239021] [waypoint_follower]: Succeeded processing waypoint 110, processing waypoint task execution
[waypoint_follower-18] [INFO] [1790990935.565277717] [waypoint_follower]: Arrived at 110'th waypoint, sleeping for 200 milliseconds
[waypoint_follower-18] [INFO] [1790990935.766237106] [waypoint_follower]: Task execution at waypoint 110 succeeded
[waypoint_follower-18] [INFO] [1790990935.766272296] [waypoint_follower]: Handled task execution on waypoint 110, moving to next.
[bt_navigator-17] [INFO] [1790990935.766619593] [bt_navigator]: Begin navigating from current location (0.09, 1.15) to (0.15, 0.79)
[controller_server-12] [INFO] [1790990935.787076409] [controller_server]: Received a goal, begin computing control effort.
[controller_server-12] [INFO] [1790990936.691660742] [controller_server]: Reached the goal!
[controller_server-12] [INFO] [1790990936.692332161] [controller_server]: Optimizer reset
[bt_navigator-17] [INFO] [1790990936.716825570] [bt_navigator]: Goal succeeded
[waypoint_follower-18] [INFO] [1790990937.370389232] [waypoint_follower]: Succeeded processing waypoint 111, processing waypoint task execution
[waypoint_follower-18] [INFO] [1790990937.370418009] [waypoint_follower]: Arrived at 111'th waypoint, sleeping for 200 milliseconds
[waypoint_follower-18] [INFO] [1790990937.569229338] [waypoint_follower]: Task execution at waypoint 111 succeeded
[waypoint_follower-18] [INFO] [1790990937.569268806] [waypoint_follower]: Handled task execution on waypoint 111, moving to next.
[bt_navigator-17] [INFO] [1790990937.569689469] [bt_navigator]: Begin navigating from current location (0.08, 1.01) to (0.14, 0.64)
[controller_server-12] [INFO] [1790990937.590135884] [controller_server]: Received a goal, begin computing control effort.
[controller_server-12] [INFO] [1790990938.594027052] [controller_server]: Reached the goal!
[controller_server-12] [INFO] [1790990938.594388077] [controller_server]: Optimizer reset
[bt_navigator-17] [INFO] [1790990938.619917166] [bt_navigator]: Goal succeeded
[waypoint_follower-18] [INFO] [1790990939.273700362] [waypoint_follower]: Succeeded processing waypoint 112, processing waypoint task execution
[waypoint_follower-18] [INFO] [1790990939.273736022] [waypoint_follower]: Arrived at 112'th waypoint, sleeping for 200 milliseconds
[waypoint_follower-18] [INFO] [1790990939.474245816] [waypoint_follower]: Task execution at waypoint 112 succeeded
[waypoint_follower-18] [INFO] [1790990939.474279082] [waypoint_follower]: Handled task execution on waypoint 112, moving to next.
[bt_navigator-17] [INFO] [1790990939.474673573] [bt_navigator]: Begin navigating from current location (0.07, 0.85) to (0.13, 0.53)
[controller_server-12] [INFO] [1790990939.495222392] [controller_server]: Received a goal, begin computing control effort.
[controller_server-12] [INFO] [1790990940.250175706] [controller_server]: Reached the goal!
[controller_server-12] [INFO] [1790990940.250356694] [controller_server]: Optimizer reset
[bt_navigator-17] [INFO] [1790990940.274890002] [bt_navigator]: Goal succeeded
[waypoint_follower-18] [INFO] [1790990940.928267492] [waypoint_follower]: Succeeded processing waypoint 113, processing waypoint task execution
[waypoint_follower-18] [INFO] [1790990940.928301088] [waypoint_follower]: Arrived at 113'th waypoint, sleeping for 200 milliseconds
[waypoint_follower-18] [INFO] [1790990941.127613383] [waypoint_follower]: Task execution at waypoint 113 succeeded
[waypoint_follower-18] [INFO] [1790990941.127648503] [waypoint_follower]: Handled task execution on waypoint 113, moving to next.
[bt_navigator-17] [INFO] [1790990941.128068354] [bt_navigator]: Begin navigating from current location (0.06, 0.75) to (0.11, 0.42)
[controller_server-12] [INFO] [1790990941.148540711] [controller_server]: Received a goal, begin computing control effort.
[controller_server-12] [INFO] [1790990941.902553090] [controller_server]: Reached the goal!
[controller_server-12] [INFO] [1790990941.903339678] [controller_server]: Optimizer reset
[bt_navigator-17] [INFO] [1790990941.928635806] [bt_navigator]: Goal succeeded
[waypoint_follower-18] [INFO] [1790990942.581536691] [waypoint_follower]: Succeeded processing waypoint 114, processing waypoint task execution
[waypoint_follower-18] [INFO] [1790990942.581567632] [waypoint_follower]: Arrived at 114'th waypoint, sleeping for 200 milliseconds
[waypoint_follower-18] [INFO] [1790990942.780261925] [waypoint_follower]: Task execution at waypoint 114 succeeded
[waypoint_follower-18] [INFO] [1790990942.780300401] [waypoint_follower]: Handled task execution on waypoint 114, moving to next.
[bt_navigator-17] [INFO] [1790990942.780678029] [bt_navigator]: Begin navigating from current location (0.05, 0.64) to (0.10, 0.32)
[controller_server-12] [INFO] [1790990942.801184223] [controller_server]: Received a goal, begin computing control effort.
[controller_server-12] [INFO] [1790990943.555254486] [controller_server]: Reached the goal!
[controller_server-12] [INFO] [1790990943.555469862] [controller_server]: Optimizer reset
[bt_navigator-17] [INFO] [1790990943.580890939] [bt_navigator]: Goal succeeded
[waypoint_follower-18] [INFO] [1790990944.234064068] [waypoint_follower]: Succeeded processing waypoint 115, processing waypoint task execution
[waypoint_follower-18] [INFO] [1790990944.234095590] [waypoint_follower]: Arrived at 115'th waypoint, sleeping for 200 milliseconds
[waypoint_follower-18] [INFO] [1790990944.433279415] [waypoint_follower]: Task execution at waypoint 115 succeeded
[waypoint_follower-18] [INFO] [1790990944.433318322] [waypoint_follower]: Handled task execution on waypoint 115, moving to next.
[bt_navigator-17] [INFO] [1790990944.433757552] [bt_navigator]: Begin navigating from current location (0.04, 0.54) to (0.00, 0.00)
[controller_server-12] [INFO] [1790990944.454278606] [controller_server]: Received a goal, begin computing control effort.
[controller_server-12] [INFO] [1790990945.504391324] [controller_server]: Passing new path to controller.
[controller_server-12] [INFO] [1790990945.858375773] [controller_server]: Reached the goal!
[controller_server-12] [INFO] [1790990945.858970460] [controller_server]: Optimizer reset
[bt_navigator-17] [INFO] [1790990945.883981375] [bt_navigator]: Goal succeeded
[waypoint_follower-18] [INFO] [1790990946.538675747] [waypoint_follower]: Succeeded processing waypoint 116, processing waypoint task execution
[waypoint_follower-18] [INFO] [1790990946.538706448] [waypoint_follower]: Arrived at 116'th waypoint, sleeping for 200 milliseconds
[waypoint_follower-18] [INFO] [1790990946.737229367] [waypoint_follower]: Task execution at waypoint 116 succeeded
[waypoint_follower-18] [INFO] [1790990946.737268895] [waypoint_follower]: Handled task execution on waypoint 116, moving to next.
[bt_navigator-17] [INFO] [1790990946.737886869] [bt_navigator]: Begin navigating from current location (0.00, 0.21) to (0.09, 0.20)
[controller_server-12] [INFO] [1790990946.758436039] [controller_server]: Received a goal, begin computing control effort.
[controller_server-12] [INFO] [1790990946.763432051] [controller_server]: Reached the goal!
[controller_server-12] [INFO] [1790990946.763841772] [controller_server]: Optimizer reset
[bt_navigator-17] [INFO] [1790990946.788094195] [bt_navigator]: Goal succeeded
[waypoint_follower-18] [INFO] [1790990947.138757962] [waypoint_follower]: Succeeded processing waypoint 117, processing waypoint task execution
[waypoint_follower-18] [INFO] [1790990947.138787160] [waypoint_follower]: Arrived at 117'th waypoint, sleeping for 200 milliseconds
[waypoint_follower-18] [INFO] [1790990947.337226345] [waypoint_follower]: Task execution at waypoint 117 succeeded
[waypoint_follower-18] [INFO] [1790990947.337265412] [waypoint_follower]: Handled task execution on waypoint 117, moving to next.
[waypoint_follower-18] [INFO] [1790990947.337274229] [waypoint_follower]: Completed all 118 waypoints requested.
